title,year,runtime,recency,vote_average,average_daily_gross_per_theater_adjusted_2024,predicted_utility,demand_share,action,adventure,animation,comedy,crime,documentary,drama,family,fantasy,history,horror,music,mystery,romance,science_fiction,thriller,tv_movie,war,western
10 Cloverfield Lane,2016,104.0,84,7.0,464.3293627450981,815.4222088861444,9.572890404438281e-05,0,0,0,0,0,0,1,0,0,0,1,0,0,0,1,1,0,0,0
10th & Wolf,2006,107.0,18,5.856,464.2212301587302,786.9051706859922,9.096134727001933e-05,1,0,0,0,1,0,1,0,0,0,0,0,1,0,0,1,0,0,0
12 Rounds,2009,108.0,60,5.904,282.49744407639145,243.70971405999285,3.437572211594433e-05,1,0,0,0,1,0,0,0,0,0,0,0,0,0,0,1,0,0,0
12 Strong,2018,130.0,70,6.3,368.7051901212132,780.8768104622719,8.998431836915017e-05,1,0,0,0,0,0,1,0,0,1,0,0,0,0,0,0,0,1,0
13 Going On 30,2004,98.0,42,6.8,728.4317729209206,1016.0252162788057,0.00013712348846439145,0,0,0,1,0,0,0,0,1,0,0,0,0,1,0,0,0,0,0
1408,2007,104.0,74,6.695,1155.903950259956,698.2100993254098,7.759831373059704e-05,0,0,0,0,0,0,0,0,0,0,1,0,1,0,0,0,0,0,0
15 Minutes,2001,120.0,28,5.9,742.9552512704687,681.9479608127019,7.537032193659505e-05,1,0,0,0,1,0,0,0,0,0,0,0,0,0,0,1,0,0,0
16 Blocks,2006,105.0,28,6.4,734.4809382086167,1009.1118261256186,0.00013543572865827922,1,1,0,0,1,0,0,0,0,0,0,0,0,0,0,1,0,0,0
17 Again,2009,102.0,112,6.313,469.0830835830836,1141.5864060477918,0.00017171104262752159,0,0,0,1,0,0,1,0,1,0,0,0,0,1,0,0,0,0,0
1917,2020,119.0,86,7.986,4144.771216269066,1132.6184599814737,0.00016897450384498352,1,0,0,0,0,0,1,0,0,1,0,0,0,0,0,0,0,1,0
1992,2024,96.0,21,6.887,168.77777777777777,457.7913891087134,5.044370470911909e-05,1,0,0,0,1,0,0,0,0,0,0,0,0,0,0,1,0,0,0
2 Days in Paris,2007,96.0,25,6.239,2343.3478051133625,892.4069914065532,0.00010988466902856004,0,0,0,1,0,0,0,0,0,0,0,0,0,1,0,0,0,0,0
2 Fast 2 Furious,2003,107.0,33,6.51,1973.3671875,1026.0919453154243,0.000139618751379751,1,0,0,0,1,0,0,0,0,0,0,0,0,0,0,1,0,0,0
2 Guns,2013,109.0,85,6.536,547.4378692249431,632.1727811091694,6.89406498978167e-05,1,0,0,1,1,0,0,0,0,0,0,0,0,0,0,0,0,0,0
2 Hearts,2020,102.0,55,7.28,32.10481944639595,-75.85939679582896,1.9392225671275764e-05,0,0,0,0,0,0,1,0,0,0,0,0,0,1,0,0,0,0,0
200 Cigarettes,1999,101.0,14,5.803,788.0020579660435,1227.4437915442716,0.0002002604147988262,0,0,0,1,0,0,1,0,0,0,0,0,0,1,0,0,0,0,0
2012,2010,158.0,101,5.863,1084.6344457230534,660.3128706668667,7.250505902829019e-05,1,1,0,0,0,0,0,0,0,0,0,0,0,0,1,0,0,0,0
2073,2025,83.0,7,6.888,283.3333333333333,1232.6681529097855,0.00020214344126450156,0,0,0,0,0,0,0,0,0,0,0,0,0,0,1,1,0,0,0
20th Century Women,2017,118.0,120,7.309,1351.3396011396012,2342.913726591978,0.0014771637615496633,0,0,0,0,0,0,1,0,0,0,0,0,0,0,0,0,0,0,0
21,2008,123.0,52,6.695,887.116635106649,927.5787526473705,0.00011703093350211316,0,0,0,0,1,0,1,0,0,0,0,0,0,0,0,0,0,0,0
21 Bridges,2020,99.0,63,6.764,318.3400958154087,403.5707248508515,4.5774477833338956e-05,1,0,0,0,1,0,1,0,0,0,0,0,0,0,0,0,0,0,0
21 Jump Street,2012,109.0,108,6.883,881.1288590875943,1079.692672370904,0.00015368978945892877,1,0,0,1,1,0,0,0,0,0,0,0,0,0,0,0,0,0,0
22 Jump Street,2014,112.0,73,6.831,1197.529944393062,767.7749267777439,8.789690641901629e-05,1,0,0,1,1,0,0,0,0,0,0,0,0,0,0,0,0,0,0
24 Hour Party People,2002,117.0,10,6.938,7310.872707059478,1009.6952190293159,0.00013557734572561085,0,0,0,1,0,0,1,0,0,0,0,1,0,0,0,0,0,0,0
27 Dresses,2008,111.0,105,6.445,504.4773848229492,756.5477160731116,8.614673875536203e-05,0,0,0,1,0,0,0,0,0,0,0,0,0,1,0,0,0,0,0
28 Days,2000,103.0,40,6.153,758.228974516636,918.5202958665207,0.00011514715356860064,0,0,0,1,0,0,1,0,0,0,0,0,0,0,0,0,0,0,0
28 Weeks Later,2007,100.0,77,6.602,403.159985214978,517.7708029192511,5.61656574668278e-05,0,0,0,0,0,0,0,0,0,0,1,0,0,0,1,1,0,0,0
28 Years Later,2025,115.0,49,6.664,539.78,642.2856305126784,7.02009761651615e-05,0,0,0,0,0,0,0,0,0,0,1,0,0,0,1,1,0,0,0
3 Days to Kill,2014,113.0,84,6.106,276.685778662965,682.9149606439862,7.550099835769533e-05,1,0,0,0,0,0,1,0,0,0,0,0,0,0,0,1,0,0,0
3 Strikes,2000,82.0,26,5.545,1072.415795586527,503.0170246544876,5.4700643448158777e-05,1,0,0,1,0,0,0,0,0,0,0,0,0,1,0,0,0,0,0
30 Beats,2012,89.0,10,3.9,139.59581881533103,622.2344993486694,6.77241259055815e-05,0,0,0,1,0,0,0,0,0,0,0,0,0,1,0,0,0,0,0
30 Days of Night,2007,113.0,33,6.437,719.2916608312715,1028.21915921715,0.0001401518123753001,0,0,0,0,0,0,0,0,0,0,1,0,0,0,0,1,0,0,0
30 Minutes or Less,2011,83.0,45,5.772,568.7761498335303,761.5546410522838,8.692290243650159e-05,1,1,0,1,0,0,0,0,0,0,0,0,0,0,0,0,0,0,0
300,2007,116.0,84,7.2,1815.2309983835617,979.3645326668247,0.00012840735779127727,1,1,0,0,0,0,0,0,0,0,0,0,0,0,0,0,0,1,0
3000 Miles to Graceland,2001,125.0,27,5.9,455.2566603357117,532.7200248886393,5.769010294113483e-05,1,1,0,1,1,0,0,0,0,0,0,0,0,0,0,1,0,0,0
300: Rise of an Empire,2014,102.0,84,6.112,621.598467016718,1024.3569384145214,0.00013918547555085597,1,0,0,0,0,0,1,0,0,0,0,0,0,0,0,0,0,1,0
35 and Ticking,2011,104.0,87,5.4,609.5590336445828,261.625108562588,3.5496862929957695e-05,0,0,0,1,0,0,0,0,0,0,0,0,0,1,0,0,0,0,0
39 Pounds of Love,2006,70.0,55,6.0,243.6047107014849,168.14071149924098,3.0023359506385535e-05,0,0,0,0,0,1,0,0,0,0,0,0,0,1,0,0,0,0,0
3:10 to Yuma,2007,122.0,42,7.224,726.7599292490754,775.6858185879764,8.91514167605471e-05,0,0,0,0,0,0,0,0,0,0,0,0,0,0,0,0,0,0,1
40 Days and 40 Nights,2002,94.0,23,5.473,1139.6809821881725,1456.8814031133018,0.00030206273208597157,0,0,0,1,0,0,0,0,0,0,0,0,0,1,0,0,0,0,0
42,2013,128.0,105,7.197,531.4795013284283,1165.2111737396367,0.0001791340935899165,0,0,0,0,0,0,1,0,0,0,0,0,0,0,0,0,0,0,0
44 Inch Chest,2010,95.0,70,5.44,428.3268196473149,399.3048266843211,4.54260043344799e-05,0,0,0,0,1,0,1,0,0,0,0,0,0,0,0,0,0,0,0
47 Meters Down,2017,89.0,120,5.808,317.31551635190226,1420.3996469177073,0.0002829530683163394,0,0,0,0,0,0,0,0,0,0,1,0,0,0,0,1,0,0,0
47 Meters Down: Uncaged,2019,90.0,91,5.702,194.1913502576049,867.2831403247997,0.00010504872727393532,0,0,0,0,0,0,0,0,0,0,1,0,0,0,0,1,0,0,0
47 Ronin,2014,119.0,44,6.198,587.134510339446,795.4768901671838,9.236887752400747e-05,1,0,0,0,0,0,1,0,1,0,0,0,0,0,0,0,0,0,0
50 First Dates,2004,99.0,42,6.87,1364.270967254027,1030.6947301654582,0.00014077473154079393,0,0,0,1,0,0,0,0,0,0,0,0,0,1,0,0,0,0,0
50 to 1,2014,110.0,120,6.6,360.2507450416196,899.6570494921741,0.00011132113768935112,0,0,0,1,0,0,1,0,0,0,0,0,0,0,0,0,0,0,0
50/50,2011,100.0,91,7.177,362.0638232376782,1305.7227953340903,0.00023040719172452115,0,0,0,1,0,0,1,0,0,0,0,0,0,0,0,0,0,0,0
54,1998,93.0,26,5.9,773.6760151913527,1174.6864476627748,0.0001822006810659806,0,0,0,0,0,0,1,0,0,0,0,1,0,0,0,0,0,0,0
65,2023,92.0,63,5.964,286.6256153593699,506.5907297909152,5.5051958136399795e-05,1,1,0,0,0,0,0,0,0,0,0,0,0,0,1,0,0,0,0
8 Mile,2002,111.0,38,7.143,2115.7558292618705,1238.2698773750208,0.00020418215633152313,0,0,0,0,0,0,1,0,0,0,0,1,0,0,0,0,0,0,0
80 for Brady,2023,98.0,49,6.279,268.4869694513841,658.503702466146,7.22704536693519e-05,0,0,0,1,0,0,1,0,0,0,0,0,0,0,0,0,0,0,0
88 Minutes,2008,108.0,31,5.791,452.0334716749322,659.4131443032267,7.238829123905178e-05,0,0,0,0,0,0,0,0,0,0,0,0,1,0,0,1,0,0,0
8MM,1999,123.0,28,6.464,1036.7353369919397,754.3787092385157,8.581265870697748e-05,0,0,0,0,1,0,0,0,0,0,0,0,1,0,0,1,0,0,0
9/11,2017,128.0,3,7.9,180.06119951040392,1881.34759003944,0.0006461465794360101,0,0,0,0,0,1,0,0,0,0,0,0,0,0,0,0,1,0,0
90 Minutes in Heaven,2015,121.0,35,5.9,266.62543701024714,558.8721130473193,6.045713879332625e-05,0,0,0,0,0,0,1,0,0,0,0,0,0,0,0,0,0,0,0
99 Homes,2015,112.0,8,6.795,1876.6793248945148,2195.262327603625,0.0011338513753396564,0,0,0,0,0,0,1,0,0,0,0,0,0,0,0,0,0,0,0
A Bad Moms Christmas,2018,104.0,72,6.313,486.61929371231696,249.02573095795265,3.470465098832784e-05,0,0,0,1,0,0,0,0,0,0,0,0,0,0,0,0,0,0,0
A Banquet,2022,97.0,7,4.156,19.24837717799795,542.3940006587,5.869858727975761e-05,0,0,0,0,0,0,0,0,0,0,1,0,0,0,0,0,0,0,0
A Beautiful Life,2011,81.0,11,3.3,251.90306803023563,1099.6869940341721,0.00015929441916902735,0,0,0,0,0,0,1,0,0,0,0,0,0,1,0,0,0,0,0
A Beautiful Mind,2002,135.0,112,7.854,2101.5714285714284,1376.7555491407566,0.00026167328163094,0,0,0,0,0,0,1,0,0,0,0,0,0,1,0,0,0,0,0
A Better Life,2011,98.0,70,7.13,884.7026615003493,1033.561596815589,0.00014149957150941044,0,0,0,0,0,0,1,0,0,0,0,0,0,0,0,0,0,0,0
A Big Bold Beautiful Journey,2025,109.0,21,6.285,118.04545454545456,1068.6489236589655,0.00015067909382162213,0,0,0,0,0,0,1,0,1,0,0,0,0,1,0,0,0,0,0
A Boy Called Po,2017,95.0,7,6.9,83.18936877076412,535.5080222521997,5.797895329183957e-05,0,0,0,0,0,0,1,0,1,0,0,0,0,0,0,0,0,0,0
A Call to Spy,2020,124.0,49,6.8,95.05117812194428,342.43571949946084,4.102612306745249e-05,0,0,0,0,1,0,1,0,0,1,0,0,0,0,0,0,0,0,0
A Christmas Tale,2009,7.0,67,0.0,239.87459359033903,-303.486695814767,1.2898346556248772e-05,0,0,1,0,0,0,0,0,0,0,0,0,0,0,0,0,0,0,0
A Cinderella Story,2004,95.0,26,6.582,1218.057783931262,1004.3210954878272,0.00013427837259432615,0,0,0,1,0,0,0,1,0,0,0,0,0,1,0,0,0,0,0
A Complete Unknown,2025,140.0,120,7.115,315.771186440678,1279.095506317651,0.00021967470372721647,0,0,0,0,0,0,1,0,0,0,0,1,0,0,0,0,0,0,0
A Cure for Wellness,2017,146.0,21,6.341,212.77748635153776,850.0431888959913,0.00010185401305835165,0,0,0,0,0,0,0,0,0,0,1,0,1,0,1,0,0,0,0
A Different Man,2024,112.0,49,6.9,613.375,1715.8881966348827,0.0004804010516820309,0,0,0,1,0,0,1,0,0,0,0,0,0,0,0,0,0,0,0
A Dog of Flanders,1999,96.0,5,6.119,303.2304921968788,1297.9012095051057,0.0002272013206298481,0,0,0,0,0,0,1,1,0,0,0,0,0,0,0,0,0,0,0
A Ghost Story,2017,93.0,52,7.1,1387.713884442771,1784.6752416018453,0.00054340063607104,0,0,0,0,0,0,1,0,1,0,0,0,1,1,0,0,0,0,0
A Good Day to Die Hard,2013,98.0,99,5.335,385.9169098712446,624.7327987937088,6.802790252539242e-05,1,0,0,0,0,0,0,0,0,0,0,0,0,0,0,1,0,0,0
A Good Old Fashioned Orgy,2011,95.0,4,5.841,360.4579813250333,1306.1566538923298,0.000230586337770724,0,0,0,1,0,0,0,0,0,0,0,0,0,0,0,0,0,0,0
A Good Woman,2006,94.0,18,6.3,512.3511904761905,823.695565108552,9.715826317545924e-05,0,0,0,1,0,0,0,0,0,0,0,0,0,1,0,0,0,0,0
A Good Year,2007,117.0,67,6.666,178.24700640490113,446.5413830137312,4.943727120275379e-05,0,0,0,1,0,0,1,0,0,0,0,0,0,1,0,0,0,0,0
A Guy Thing,2003,101.0,7,5.885,863.909161490683,1458.5685704778907,0.0003029770685309858,0,0,0,1,0,0,0,0,0,0,0,0,0,1,0,0,0,0,0
A Haunted House,2013,86.0,52,5.947,571.2327500825355,132.83710220823662,2.8183384410936328e-05,0,0,0,1,0,0,0,0,0,0,1,0,0,0,0,0,0,0,0
A Haunted House 2,2014,87.0,56,6.173,302.4164856056491,48.33837574149322,2.4224414686719836e-05,0,0,0,1,0,0,0,0,0,0,1,0,0,0,0,0,0,0,0
A Haunting in Venice,2023,104.0,63,6.586,253.82608967446515,483.3291140598822,5.2805027995218116e-05,0,0,0,0,1,0,0,0,0,0,0,0,1,0,0,1,0,0,0
A History of Violence,2006,96.0,116,7.16,1075.600273084144,1258.677766966314,0.00021178494579637637,0,0,0,0,1,0,1,0,0,0,0,0,0,0,0,1,0,0,0
A Hologram for the King,2016,97.0,77,5.847,282.54686147186146,466.7457719868012,5.125939404525374e-05,0,0,0,1,0,0,1,0,0,0,0,0,0,0,0,0,0,0,0
A Jihad for Love,2008,81.0,104,5.0,2232.287505805853,1038.7695058894794,0.0001428258667509578,0,0,0,0,0,1,0,0,0,0,0,0,0,0,0,0,0,0,0
A Journal for Jordan,2022,131.0,30,6.9,123.3205364833272,898.1977893202234,0.00011103050993578775,0,0,0,0,0,0,1,0,0,0,0,0,0,1,0,0,0,0,0
A Kid Like Jake,2018,92.0,26,5.95,769.29173176485,918.0012377687921,0.00011504013441133122,0,0,0,0,0,0,1,0,0,0,0,0,0,0,0,0,0,0,0
A Life Less Ordinary,1997,103.0,8,6.127,372.8047767393561,1340.6948448217477,0.0002453037684509099,0,0,0,1,0,0,0,0,1,0,0,0,0,1,0,0,0,0,0
A Little Help,2011,109.0,13,5.39,432.1855867565072,566.2122630496908,6.125735107387902e-05,0,0,0,1,0,0,1,0,0,0,0,0,0,0,0,0,0,0,0
A Long Way Off,2014,105.0,83,5.8,482.6573722010985,5.358883933907578,2.2429279750722385e-05,0,0,0,0,0,0,1,1,0,0,0,0,0,1,0,0,0,0,0
A Love Song for Bobby Long,2005,119.0,20,6.77,763.859184753838,1073.7262254396976,0.00015205584921532367,0,0,0,0,0,0,1,0,0,0,0,0,0,0,0,0,0,0,0
A Man Apart,2003,109.0,21,6.085,805.9912008281573,1012.4594639892941,0.000136250374500912,1,0,0,0,1,0,1,0,0,0,0,0,0,0,0,0,0,0,0
A Man Called Otto,2023,126.0,105,7.755,665.1137840714081,1036.2982959044477,0.00014219498230340808,0,0,0,1,0,0,1,0,0,0,0,0,0,0,0,0,0,0,0
A Mighty Heart,2007,108.0,63,6.408,292.0796483893445,736.9255873628553,8.317117967987046e-05,0,0,0,0,0,0,1,0,0,1,0,0,0,0,0,1,0,0,0
A Mighty Wind,2003,92.0,41,6.7,1335.3532608695652,674.3492765255194,7.435130714131216e-05,0,0,0,1,0,0,0,0,0,0,0,1,0,0,0,0,0,0,0
A Minecraft Movie,2025,101.0,90,6.354,1354.0125,95.03789255850654,2.6338159874785856e-05,1,1,0,1,0,0,0,1,1,0,0,0,0,0,0,0,0,0,0
A Most Violent Year,2015,124.0,3,6.605,20000.52809463456,2952.901952958672,0.004405531893580711,0,0,0,0,1,0,1,0,0,0,0,0,0,0,0,1,0,0,0
A Most Wanted Man,2014,121.0,39,6.468,2667.508449514153,706.7558502805254,7.879539956844015e-05,0,0,0,0,0,0,0,0,0,0,0,0,0,0,0,1,0,0,0
A Mouthful of Air,2021,105.0,13,6.506,29.507340205014632,1477.9941659269289,0.00031370600806670195,0,0,0,0,0,0,1,0,0,0,0,0,0,0,0,0,0,0,0
A Night at the Roxbury,1998,82.0,24,6.5,1032.691973415133,1007.2156776623972,0.00013497646461748438,0,0,0,1,0,0,0,0,0,0,0,0,0,1,0,0,0,0,0
A Nightmare on Elm Street,2010,91.0,77,7.339,478.8087199366429,695.5704928641735,7.723224779823038e-05,0,0,0,0,0,0,0,0,0,0,1,0,0,0,0,0,0,0,0
A Perfect Getaway,2009,98.0,42,6.348,350.5572205572206,716.5530528501705,8.019052698467854e-05,0,1,0,0,0,0,0,0,0,0,0,0,1,0,0,1,0,0,0
A Perfect Murder,1998,107.0,35,6.54,1276.9631901840492,1076.028338572748,0.00015268422561823828,0,0,0,0,1,0,1,0,0,0,0,0,0,0,0,1,0,0,0
A Prairie Home Companion,2006,105.0,88,6.3,1073.039351851852,635.8344075362006,6.93943499211868e-05,0,0,0,1,0,0,1,0,0,0,0,1,0,0,0,0,0,0,0
A Question of Faith,2017,90.0,77,5.7,231.8389525611068,-65.28073798820458,1.9763225834264704e-05,0,0,0,0,0,0,1,0,0,0,0,0,0,0,0,0,0,0,0
A Quiet Place: Day One,2024,100.0,56,6.683,754.7272727272727,669.4059450607638,7.369579452504979e-05,0,0,0,0,0,0,0,0,0,0,1,0,0,0,1,1,0,0,0
A Real Pain,2025,90.0,120,6.758,1170.6153846153843,1591.491848566919,0.00038443579850172755,0,0,0,1,0,0,1,0,0,0,0,0,0,0,0,0,0,0,0
A Royal Night Out,2015,97.0,21,6.469,183.63672895318464,1433.367066120447,0.0002896029862244993,0,0,0,1,0,0,1,0,0,0,0,0,0,1,0,0,0,0,0
A Scanner Darkly,2006,100.0,60,6.801,1424.750330687831,497.3124858430141,5.414449586985056e-05,0,0,1,0,0,0,0,0,0,0,0,0,0,0,1,1,0,0,0
A Simple Favor,2018,117.0,70,6.639,401.3954936308412,333.09218363679656,4.0345139824922536e-05,0,0,0,1,0,0,0,0,0,0,0,0,1,0,0,1,0,0,0
A Simple Plan,1999,121.0,77,7.2,793.6214212678937,700.3721448841088,7.78994427964639e-05,0,0,0,0,1,0,1,0,0,0,0,0,0,0,0,1,0,0,0
A Simple Wish,1997,86.0,21,5.491,438.9707758492805,791.3651599568251,9.169100809817485e-05,0,1,0,1,0,0,0,1,1,0,0,0,0,0,0,0,0,0,0
A Single Man,2010,99.0,120,7.27,1614.8805749805751,1539.911200775701,0.0003505049649762679,0,0,0,0,0,0,1,0,0,0,0,0,0,1,0,0,0,0,0
A Smile Like Yours,1997,98.0,14,3.7,611.9310191366266,798.8737594527886,9.29326719749204e-05,0,0,0,1,0,0,0,0,0,0,0,0,0,1,0,0,0,0,0
A Sound of Thunder,2005,101.0,4,4.852,584.9718381976446,1244.240541784276,0.00020637778729897237,1,1,0,0,0,0,0,0,0,0,0,0,0,0,1,1,0,0,0
A Star is Born,2019,176.0,120,7.1,839.1108543894467,576.780926475915,6.242817129267425e-05,0,0,0,0,0,0,1,0,0,0,0,1,0,1,0,0,0,0,0
A State of Mind,2005,93.0,25,7.7,1201.996927803379,1113.519262918122,0.00016329092159149663,0,0,0,0,0,1,0,0,0,0,0,1,0,0,0,0,0,0,0
A Thousand Words,2012,91.0,84,6.103,260.6872718599635,401.38130605107114,4.5595295542389714e-05,0,0,0,1,0,0,1,0,1,0,0,0,0,0,0,0,0,0,0
A Wake in Providence,2005,94.0,81,3.2,1028.9093701996928,219.7613704201956,3.293214835551572e-05,0,0,0,1,0,0,0,0,0,0,0,0,0,1,0,0,0,0,0
A Walk Among the Tombstones,2014,114.0,35,6.327,427.4860348307751,984.0283543606797,0.00012948466999638847,0,0,0,0,1,0,1,0,0,0,0,0,1,0,0,1,0,0,0
A Walk in the Woods,2015,104.0,30,6.119,493.8308990587472,1219.4741264565,0.0001974216270289334,0,1,0,1,0,0,1,0,0,0,0,0,0,0,0,0,0,0,0
A Walk on the Moon,1999,107.0,55,6.0,442.6167739823202,926.4744266244275,0.00011679964038386209,0,0,0,0,0,0,1,0,0,0,0,0,0,1,0,0,0,0,0
A Walk to Remember,2002,101.0,21,7.756,1199.7677072057577,1529.0090441731409,0.00034372594661107053,0,0,0,0,0,0,1,0,0,0,0,0,0,1,0,0,0,0,0
A Zombie Invasion,2013,88.0,1,5.0,1571.716738197425,1282.2185102119902,0.00022090713364902835,0,0,0,0,0,0,0,0,0,0,1,0,0,0,0,0,0,0,0
A.C.O.D.,2013,88.0,24,5.484,443.7525035765379,1067.0453152251887,0.00015024685683654902,0,0,0,1,0,0,0,0,0,0,0,0,0,0,0,0,0,0,0
Abandon,2002,99.0,10,4.9,621.8243468593663,1152.6214899740257,0.0001751392558164749,0,0,0,0,0,0,1,0,0,0,0,0,1,0,0,1,0,0,0
Abandoned,2022,78.0,7,6.2,273.90746254087566,46.93144389459576,2.416343665256525e-05,0,0,0,0,1,0,1,0,0,0,0,0,1,0,0,1,0,0,0
Abduction,2011,106.0,84,5.85,267.79198162146133,-18.51169581433919,2.149037832856273e-05,1,0,0,0,0,0,0,0,0,0,0,0,1,0,0,1,0,0,0
Abigail,2024,6.0,42,6.0,242.14634146341464,295.1290250063124,3.769258806472157e-05,0,0,1,0,0,0,1,0,0,0,0,0,0,0,0,0,0,0,0
Abominable,2020,94.0,98,4.8,308.6068743753531,461.9129934770478,5.0817532694168146e-05,0,0,0,0,0,0,0,0,0,0,1,0,0,0,0,1,0,0,0
About a Boy,2002,101.0,31,6.686,1348.1073714787783,1425.4024423819465,0.0002855003028743482,0,0,0,1,0,0,1,0,0,0,0,0,0,1,0,0,0,0,0
About Last Night,2014,100.0,59,5.968,706.8603427851918,653.1039751137309,7.157474396132003e-05,0,0,0,1,0,0,0,0,0,0,0,0,0,1,0,0,0,0,0
About My Father,2023,90.0,49,6.028,198.73508826829283,404.6372962902721,4.586202106144991e-05,0,0,0,1,0,0,0,0,0,0,0,0,0,0,0,0,0,0,0
About Schmidt,2003,125.0,64,6.843,1970.690800444692,733.767654008301,8.270199673744323e-05,0,0,0,1,0,0,1,0,0,0,0,0,0,0,0,0,0,0,0
About Time,2013,123.0,56,7.91,576.1761955855303,1020.0986869601236,0.00013812777175011964,0,0,0,0,0,0,1,0,1,0,0,0,0,1,0,0,0,0,0
Absolution,2024,95.0,21,2.559,80.0,282.5695115703352,3.6854004124419376e-05,0,0,0,0,0,0,0,0,1,0,0,0,0,0,1,0,0,0,0
Accepted,2006,93.0,24,6.421,732.752769510582,1251.008728687506,0.0002088952614520699,0,0,0,1,0,0,0,0,0,0,0,0,0,0,0,0,0,0,0
Accidental Texan,2024,103.0,77,5.692,71.41176470588235,-182.82167092090344,1.6010732673325894e-05,0,0,0,1,0,0,1,0,0,0,0,0,0,0,0,0,0,0,0
Acrimony,2018,120.0,70,6.72,539.0110371508221,165.71747187599897,2.9893310332395283e-05,0,0,0,0,0,0,1,0,0,0,0,0,0,0,0,1,0,0,0
Across the Universe,2007,133.0,42,7.1,1294.5900555644887,913.5601651416462,0.00011412853281938429,0,0,0,0,0,0,1,0,1,0,0,0,0,1,0,0,0,0,0
Act of Valor,2012,110.0,105,6.531,388.0561224489796,833.4249602266467,9.886650776124639e-05,1,0,0,0,0,0,0,0,0,0,0,0,0,0,0,1,0,1,0
Action Point,2018,85.0,14,5.446,221.7016555726233,1253.3374774646186,0.00020976853774671753,0,0,0,1,0,0,0,0,0,0,0,0,0,0,0,0,0,0,0
Active Measures,2018,112.0,10,7.353,1465.5458838254538,1565.489889158031,0.0003669393997334235,0,0,0,0,0,1,0,0,0,0,0,0,0,0,0,0,0,0,0
Adam & Steve,2006,99.0,60,5.381,419.19642857142856,373.41903522713324,4.3367605177080005e-05,0,0,0,1,0,0,0,0,0,0,0,0,0,1,0,0,0,0,0
Addicted,2014,105.0,56,5.875,552.3404399782727,205.41508027435736,3.209657385438631e-05,0,0,0,0,0,0,1,0,0,0,0,0,0,0,0,1,0,0,0
Addicted To Love,1997,100.0,42,6.155,109.20872274143302,692.632311736398,7.682680551571079e-05,0,0,0,1,0,0,0,0,0,0,0,0,0,1,0,0,0,0,0
Adoration,2009,100.0,18,5.871,196.993006993007,2976.0676349365876,0.0045922043655517225,0,0,0,0,0,0,1,0,0,0,0,0,0,1,0,0,0,0,0
Adrift,2018,93.0,63,6.0,355.0392242387463,-459.23644168551846,9.758004837678498e-06,0,0,0,0,0,0,0,0,0,0,0,0,1,0,0,0,1,0,0
Adult Beginners,2015,90.0,42,5.422,620.717299578059,889.405684830904,0.000109295452761173,0,0,0,1,0,0,1,0,0,0,0,0,0,0,0,0,0,0,0
Adventureland,2009,107.0,53,6.401,537.8055011655013,1249.1281690702272,0.00020819270923159557,0,0,0,1,0,0,1,0,0,0,0,0,0,1,0,0,0,0,0
Afflicted,2014,85.0,10,6.415,380.43979721166033,1660.8884892956612,0.0004353256724307205,0,0,0,0,0,0,0,0,0,0,1,0,0,0,0,1,0,0,0
Affliction,1999,114.0,69,6.316,575.6468984321745,196.99208094374853,3.161590357463217e-05,0,0,0,0,1,0,1,0,0,0,0,0,1,0,0,1,0,0,0
Afraid,2024,125.0,28,7.3,141.76470588235293,163.00327078467433,2.9748314712059348e-05,0,0,0,0,0,0,0,0,0,0,1,0,0,0,0,1,0,0,0
After Death,2023,105.0,54,4.1,199.0079775819848,-336.48188999396416,1.2158047669357005e-05,0,0,0,1,0,0,1,0,0,0,0,0,1,0,1,0,0,0,0
After Earth,2013,100.0,80,5.181,606.3325509656653,483.8761547167398,5.285680082993892e-05,1,1,0,0,0,0,0,0,0,0,0,0,0,0,1,0,0,0,0
After Ever Happy,2022,95.0,3,6.791,368.9272292449607,1844.9969678880148,0.0006054110357265632,0,0,0,0,0,0,1,0,0,0,0,0,0,1,0,0,0,0,0
After Midnight,2004,90.0,10,5.603,2842.5172048703016,1318.4389147603347,0.0002357160462411133,0,0,0,0,0,0,0,0,0,0,1,0,0,0,0,1,0,0,0
After the Ball,2015,5.0,63,1.0,49.525316455696206,-605.9466911389061,7.502754362877721e-06,0,0,1,0,0,0,0,0,0,0,0,0,0,0,0,0,0,0,0
After the Sunset,2005,97.0,67,6.152,636.2731604023293,231.14087475065753,3.36103702283598e-05,1,0,0,1,1,0,1,0,0,0,0,0,0,0,0,0,0,0,0
After the Wedding,2007,80.0,60,3.625,594.8962855764593,-255.68459301242274,1.405154208675518e-05,0,0,0,1,0,0,1,0,0,0,0,0,0,0,0,0,0,0,0
After We Collided,2020,105.0,98,7.163,44.16652355601351,479.6800956451182,5.246097377647292e-05,0,0,0,0,0,0,1,0,0,0,0,0,0,1,0,0,0,0,0
After We Fell,2021,99.0,49,7.024,200.8523365049232,-39.52275270893438,2.069652812372404e-05,0,0,0,0,0,0,1,0,0,0,0,0,0,1,0,0,0,0,0
After Yang,2022,96.0,3,6.382,696.1496412709258,2854.0110259795892,0.003690297614663371,0,0,0,0,0,0,1,0,0,0,0,0,0,0,1,0,0,0,0
After You,2005,8.0,95,0.0,526.4746543778801,127.224481609441,2.7901434733524596e-05,0,0,1,0,0,0,0,0,0,0,0,0,0,0,0,0,0,0,0
Aftersun,2023,101.0,119,7.674,750.1347851482857,2361.015538965349,0.0015258499266171451,0,0,0,0,0,0,1,0,0,0,0,0,0,0,0,0,0,0,0
Against the Ropes,2004,106.0,4,5.02,955.2382212811012,1570.7903526829505,0.0003704401888493713,0,0,0,0,0,0,1,0,0,0,0,0,0,1,0,0,0,0,0
Agent Cody Banks,2003,102.0,32,5.5,780.4469640179909,736.6872445875042,8.313567575314926e-05,1,1,0,1,0,0,0,1,0,0,0,0,0,0,0,0,0,0,0
Ailey,2021,94.0,49,6.0,440.18682999224063,621.9852498697921,6.769389334303966e-05,0,0,0,0,0,1,0,0,0,0,0,0,0,0,0,0,0,0,0
Air Bud: Golden Receiver,1998,90.0,4,5.1,591.4355828220858,1680.4798814668543,0.0004508751981377723,0,0,0,1,0,0,0,1,0,0,0,0,0,0,0,0,0,0,0
Air Force One,1997,124.0,77,6.479,1531.125541125541,698.1959708128136,7.759634974871182e-05,1,0,0,0,0,0,0,0,0,0,0,0,0,0,0,1,0,0,0
Akeelah and the Bee,2006,112.0,35,7.061,589.731746031746,973.5953815288004,0.00012708711498008384,0,0,0,0,0,0,1,0,0,0,0,0,0,0,0,0,0,0,0
Albert Nobbs,2012,113.0,120,6.354,388.127764386511,858.1497295098752,0.00010334394080326319,0,0,0,0,0,0,1,0,0,0,0,0,0,0,0,0,0,0,0
Alex & Emma,2003,96.0,12,5.203,835.0446859903382,1206.7129901691733,0.00019295968722439112,0,0,0,1,0,0,0,0,0,0,0,0,0,1,0,0,0,0,0
Alex Cross,2013,101.0,77,5.141,310.11063849042944,-217.99271530896112,1.5033087982466222e-05,1,0,0,0,1,0,0,0,0,0,0,0,1,0,0,1,0,0,0
Alexander,2005,176.0,55,5.951,1071.8172880586856,528.3215884267463,5.7237326294007195e-05,1,1,0,0,0,0,1,0,0,1,0,0,0,1,0,0,0,1,0
Alfie,2004,106.0,14,5.84,642.9010058231869,1496.9519368301085,0.0003245427761580887,0,0,0,1,0,0,1,0,0,0,0,0,0,1,0,0,0,0,0
Ali,2002,157.0,24,6.759,1670.82086391869,1463.0867784979225,0.00030543930065046374,0,0,0,0,0,0,1,0,0,0,0,0,0,0,0,0,0,0,0
Alice,2022,102.0,21,6.353,154.80176354792002,811.699202555,9.509257218553997e-05,0,0,0,1,0,0,1,0,1,0,0,0,0,1,0,0,0,0,0
Alien Trespass,2009,90.0,108,5.1,454.3251899615535,-298.7573370865298,1.3008088225124783e-05,1,1,0,1,0,0,0,0,0,0,1,0,0,0,1,0,0,0,0
Alien: Covenant,2017,122.0,98,6.2,396.7950826090361,639.5447375801023,6.985713038374847e-05,0,0,0,0,0,0,0,0,0,0,1,0,0,0,1,1,0,0,0
Alien: Romulus,2024,119.0,70,7.175,487.8142857142857,558.4512741739986,6.0411577715432054e-05,0,0,0,0,0,0,0,0,0,0,1,0,0,0,1,0,0,0,0
Aliens in the Attic,2009,86.0,105,5.694,246.8284160284161,304.8831179695022,3.835699927803709e-05,0,1,0,1,0,0,0,1,1,0,0,0,0,0,1,0,0,0,0
Aline,2022,3.0,120,7.0,22.943099720508364,29.169422877086618,2.3406683498937162e-05,0,0,1,0,0,0,0,0,0,0,0,0,0,1,0,0,0,0,0
Alita: Battle Angel,2019,122.0,85,7.243,432.75877436312544,535.1390299981591,5.79406409819232e-05,1,1,0,0,0,0,0,0,0,0,0,0,0,0,1,0,0,0,0
All About Nina,2018,97.0,38,5.918,385.8292984552181,438.36698328811093,4.871860262790554e-05,0,0,0,1,0,0,1,0,0,0,0,0,0,0,0,0,0,0,0
All About Steve,2009,99.0,91,4.954,504.0679832987526,409.9397336093981,4.62997318544084e-05,0,0,0,1,0,0,0,0,0,0,0,0,0,0,0,0,0,0,0
All About the Benjamins,2002,95.0,17,5.9,1496.7106725958863,685.731276719352,7.58828760946179e-05,1,1,0,1,1,0,0,0,0,0,0,0,0,0,0,1,0,0,0
All Dirt Roads Taste of Salt,2023,97.0,28,5.85,694.9848667177188,1946.4542672124776,0.0007260790789164804,0,0,0,0,0,0,1,0,0,0,0,0,0,0,0,0,0,0,0
All Eyez on Me,2017,139.0,49,6.707,586.693023255814,213.99307873619387,3.2593600867900254e-05,0,0,0,0,0,0,1,0,0,1,0,1,0,0,0,0,0,0,0
All Good Things,2011,101.0,81,6.046,210.2453003209537,134.82671084421702,2.8284014819092167e-05,0,0,0,0,0,0,0,0,0,0,0,0,1,1,0,1,0,0,0
All I See is You,2017,110.0,14,5.212,83.09815235763828,816.0997091374138,9.584515870372867e-05,0,0,0,0,0,0,1,0,0,0,0,0,1,0,0,1,0,0,0
All is Lost,2014,106.0,120,6.647,655.2243961962467,1041.0404856579053,0.00014340810145611465,1,1,0,0,0,0,1,0,0,0,0,0,0,0,0,0,0,0,0
All My Friends Hate Me,2022,93.0,21,5.932,219.11578570615129,1009.3817222396036,0.00013550122682140403,0,0,0,1,0,0,0,0,0,0,1,0,0,0,0,1,0,0,0
All of Us Strangers,2024,105.0,77,7.409,1637.1095382861488,1002.3620128824936,0.00013380794671433163,0,0,0,0,0,0,1,0,1,0,0,0,0,1,0,0,0,0,0
All Roads Lead Home,2008,108.0,14,5.8,69.98938358436733,1086.6656691784133,0.00015562164230303893,0,0,0,0,0,0,1,1,0,0,0,0,0,0,0,0,0,0,0
All Saints,2017,108.0,59,6.2,191.2990616075072,568.2244539745299,6.147856100529571e-05,0,0,0,1,0,0,1,0,0,0,0,0,0,0,0,0,0,0,0
All the King's Men,2006,125.0,7,5.8,686.6836734693877,1410.589321031461,0.0002780238112227453,0,0,0,0,0,0,1,0,0,0,0,0,0,0,0,1,0,0,0
All the Money in the World,2018,132.0,84,6.478,398.0076159390725,639.7468007102467,6.988242165557843e-05,0,0,0,0,1,0,0,0,0,1,0,0,0,0,0,1,0,0,0
All the Pretty Horses,2001,117.0,25,5.706,733.8777584204414,1078.0938000622648,0.00015325021623308177,0,0,0,0,0,0,1,0,0,0,0,0,0,1,0,0,0,0,1
All Things Must Pass,2015,94.0,1,7.205,4622.362869198312,2282.058266068434,0.0013245953001448563,0,0,0,0,0,1,0,0,0,0,0,0,0,0,0,0,0,0,0
Allied,2017,124.0,65,6.801,388.0883838383839,772.4437954506396,8.863514535424236e-05,1,0,0,0,0,0,1,0,0,0,0,0,0,1,0,1,0,1,0
Almost Christmas,2017,111.0,56,5.955,538.0030701754387,637.1049859669617,6.955247988973193e-05,0,0,0,1,0,0,1,0,0,0,0,0,0,0,0,0,0,0,0
Almost Heroes,1998,90.0,14,5.392,446.1370143149284,863.6127179419717,0.00010436027462089975,0,1,0,1,0,0,0,0,0,0,0,0,0,0,0,0,0,0,1
Almost Holy,2016,96.0,17,6.9,272.2639705882353,1173.565075109412,0.0001818350374248401,0,0,0,0,0,1,1,0,0,0,0,0,0,0,0,0,0,0,0
Aloha,2015,105.0,52,5.512,398.1058575328866,754.0619453005668,8.576397786031766e-05,0,0,0,1,0,0,1,0,0,0,0,0,0,1,0,0,0,0,0
Alone in the Dark,2005,98.0,3,3.2,708.9110769755931,1306.6518849663862,0.00023079099560054613,1,0,0,0,0,0,0,0,1,0,1,0,0,0,0,0,0,0,0
Alone with Her,2007,78.0,3,5.553,2415.822479498312,1506.4718749397298,0.00033012502032510246,0,0,0,0,1,0,1,0,0,0,0,0,0,0,0,1,0,0,0
Along Came a Spider,2001,104.0,81,6.342,758.4725745779023,129.11603788064258,2.7996140422870086e-05,1,0,0,0,1,0,0,0,0,0,0,0,1,0,0,1,0,0,0
Along Came Polly,2004,90.0,35,6.023,1338.63540800121,1009.8157113138673,0.0001356066133508193,0,0,0,1,0,0,0,0,0,0,0,0,0,1,0,0,0,0,0
Alpha Dog,2007,122.0,40,6.654,858.3719247467438,918.6740339615008,0.00011517887032408567,0,0,0,0,1,0,1,0,0,0,0,0,0,0,0,1,0,0,0
Altered Reality,2024,99.0,3,5.6,55.0,941.0482897938148,0.00011988916737310525,0,0,0,0,0,0,0,0,0,0,0,0,0,0,1,1,0,0,0
Alvin and the Chipmunks,2008,92.0,120,5.827,935.590167229458,924.1946723750681,0.0001163236071586399,0,0,0,1,0,0,0,1,1,0,0,0,0,0,0,0,0,0,0
Amazing Grace,2019,117.0,120,6.9,3061.026151599628,1108.8279821277047,0.0001619243761149411,0,0,0,0,0,0,1,0,0,0,0,0,0,0,0,0,0,0,0
Ambulance,2022,4.0,49,0.0,228.8632046463956,116.13780158787984,2.7352757771197345e-05,0,0,1,0,0,0,0,0,0,0,0,0,0,0,0,0,0,0,0
America the Beautiful,2008,105.0,116,6.2,393.97584765443565,955.5455505483469,0.00012304353107797875,0,0,0,0,0,1,0,0,0,0,0,0,0,0,0,0,0,0,0
America's Sweethearts,2001,102.0,48,5.699,1465.880387728214,669.5807851088073,7.371888037580496e-05,0,0,0,1,0,0,0,0,0,0,0,0,0,1,0,0,0,0,0
American Animals,2018,117.0,87,6.745,1083.5943457980288,729.8603918977942,8.212514560026567e-05,0,0,0,0,1,1,1,0,0,0,0,0,0,0,0,0,0,0,0
American Assassin,2017,112.0,56,6.41,337.04624678792044,327.5235589352685,3.9944670706106054e-05,1,1,0,0,0,0,0,0,0,0,0,0,0,0,0,1,0,0,0
American Dreamz,2006,107.0,3,5.0,1265.3521825396826,1793.0051028908433,0.0005515701552437288,0,0,0,1,0,0,1,0,0,0,0,0,0,0,0,0,0,0,0
American Fiction,2024,117.0,54,7.285,1652.2920458274907,919.9426519471169,0.00011544092475681807,0,0,0,1,0,0,1,0,0,0,0,0,0,0,0,0,0,0,0
American Gangster,2008,157.0,91,7.591,1248.1555901888753,973.4985114458775,0.0001270650629915863,0,0,0,0,1,0,1,0,0,0,0,0,0,0,0,0,0,0,0
American Gun,2006,95.0,69,5.6,76.07638888888889,96.08637524765004,2.6387676252080253e-05,0,0,0,0,0,0,1,0,0,0,0,0,0,0,0,0,0,0,0
American Hardcore,2007,100.0,116,6.759,83.83928571428572,2482.9656562526725,0.0018984046344279843,0,0,0,0,0,1,0,0,0,0,0,1,0,0,0,0,0,0,0
American History X,1998,119.0,26,8.331,586.6349693251534,1632.389190087323,0.00041365842856155757,0,0,0,0,0,0,1,0,0,0,0,0,0,0,0,0,0,0,0
American Honey,2016,163.0,66,6.792,729.1872474747476,1658.9177641951821,0.0004337915211403507,0,0,0,0,0,0,1,0,0,0,0,0,0,0,0,0,0,0,0
American Hustle,2014,138.0,115,6.853,3013.264322557783,1482.7727275420077,0.0003164029677568801,0,0,0,0,1,0,1,0,0,0,0,0,0,0,0,0,0,0,0
American Made,2017,115.0,77,6.895,385.2045737480254,789.1653667964478,9.133039009414264e-05,1,0,0,1,1,0,1,0,0,0,0,0,0,0,0,0,0,0,0
American Outlaws,2001,94.0,20,5.977,484.6362023070098,784.9735452439188,9.064713519974195e-05,1,0,0,0,0,0,0,0,0,0,0,0,0,0,0,0,0,0,1
American Pastoral,2016,108.0,42,6.175,332.034623015873,614.2570999757106,6.676317879655738e-05,0,0,0,0,1,0,1,0,0,0,0,0,0,0,0,0,0,0,0
American Pie,1999,95.0,56,6.6,1494.0597350051132,939.18948586138,0.00011949061545734288,0,0,0,1,0,0,0,0,0,0,0,0,0,1,0,0,0,0,0
American Pie 2,2001,108.0,56,6.249,1568.4180134877429,826.2034814896746,9.759574799107152e-05,0,0,0,1,0,0,0,0,0,0,0,0,0,1,0,0,0,0,0
American Psycho,2000,102.0,73,7.408,703.2223264540338,725.7806536813196,8.152712430650603e-05,0,0,0,0,1,0,1,0,0,0,0,0,0,0,0,1,0,0,0
American Reunion,2012,113.0,56,6.301,549.2154834494773,797.9420407553009,9.277768860694628e-05,0,0,0,1,0,0,0,0,0,0,0,0,0,0,0,0,0,0,0
American Skin,2021,90.0,70,7.108,252.72071929547016,-498.7326738350596,9.091447475074962e-06,0,0,0,0,1,0,1,0,0,0,0,0,0,0,0,0,0,0,0
American Sniper,2015,133.0,120,7.417,10489.057774425904,1507.9420865149687,0.00033099563215061175,1,0,0,0,0,0,0,0,0,0,0,0,0,0,0,0,0,1,0
American Star,2024,107.0,7,5.604,12.0,1097.370287530086,0.00015863469113300467,0,0,0,0,0,0,1,0,0,0,0,0,1,0,0,1,0,0,0
American Teen,2008,95.0,63,6.306,674.002609868843,804.6939090852416,9.390668064097963e-05,0,0,0,0,0,1,0,0,0,0,0,0,0,0,0,0,0,0,0
American Ultra,2015,96.0,49,6.09,199.55400843881856,524.3367226210237,5.6830191612546023e-05,1,0,0,1,0,0,0,0,0,0,0,0,0,0,0,0,0,0,0
American Violet,2009,103.0,39,6.7,255.36130536130537,486.66104873529116,5.312115585153644e-05,0,0,0,0,0,0,1,0,0,0,0,0,0,0,0,0,0,0,0
American Wedding,2003,103.0,42,6.218,1499.4851645123383,1010.6165481008517,0.00013580129754473775,0,0,0,1,0,0,0,0,0,0,0,0,0,1,0,0,0,0,0
American Woman,2019,111.0,35,6.342,180.2211296720488,712.6330998185556,7.96293831289969e-05,0,0,0,0,0,0,1,0,0,0,0,0,0,0,0,0,0,0,0
Amityville: The Awakening,2017,87.0,1,5.333,94.50020399836802,1951.8841479429786,0.0007331762028796513,0,0,0,0,0,0,0,0,0,0,1,0,0,0,0,0,0,0,0
Ammonite,2020,118.0,17,6.936,64.28575674711686,1492.356609722645,0.0003218820739321109,0,0,0,0,0,0,1,0,0,0,0,0,0,1,0,0,0,0,0
Amreeka,2009,96.0,39,6.696,296.21911421911426,1055.5338216518142,0.00014718022914908912,0,0,0,0,0,0,1,0,0,0,0,0,0,0,0,0,0,0,0
Amy,2015,104.0,1,5.875,26413.502109704645,2329.392970717491,0.0014418149418265712,0,0,0,1,0,0,1,0,0,0,0,0,0,0,0,0,0,0,0
An Acceptable Loss,2019,102.0,21,6.201,316.0485688213495,610.1200678203351,6.627021861371036e-05,0,0,0,0,0,0,1,0,0,0,0,0,0,0,0,1,0,0,0
An American Carol,2008,83.0,7,4.2,579.0219627098401,1293.9162988565004,0.00022558519736679802,0,0,0,1,0,0,0,0,1,0,0,0,0,0,0,0,0,0,0
An American Haunting,2006,83.0,25,5.5,628.1196083505866,70.81959163294141,2.5219916044214787e-05,0,0,0,0,0,0,0,0,0,0,1,0,1,0,0,1,0,0,0
An Education,2010,100.0,102,6.939,555.958041958042,2875.613626652552,0.0038359079387462244,0,0,0,0,0,0,1,0,0,0,0,0,0,1,0,0,0,0,0
An Ideal Husband,1999,97.0,49,6.5,2143.655462184874,1020.4781269047106,0.00013822169344282275,0,0,0,1,0,0,1,0,0,0,0,0,0,1,0,0,0,0,0
An Inconvenient Truth,2006,100.0,104,6.981,3448.8609871031745,1396.4625877831331,0.0002710762195394821,0,0,0,0,0,1,0,0,0,0,0,0,0,0,0,0,0,0,0
An Unfinished Life,2005,108.0,32,6.824,813.7154959735606,1420.6168260967338,0.00028306317440285176,0,0,0,0,0,0,1,0,0,0,0,0,0,0,0,0,0,0,0
Analyze That,2002,96.0,14,5.822,1017.9397284205512,1391.8019845999288,0.0002688224158495213,0,0,0,1,1,0,0,0,0,0,0,0,0,0,0,0,0,0,0
Analyze This,1999,103.0,119,6.5,813.4446788424108,1189.4038837182522,0.00018706827170942021,0,0,0,1,1,0,0,0,0,0,0,0,0,0,0,0,0,0,0
Anastasia,1998,94.0,50,7.6,1107.383761682243,756.5645119091791,8.614933079267224e-05,0,1,1,0,0,0,0,1,1,0,0,0,0,0,0,0,0,0,0
And So It Goes,2014,94.0,69,6.036,303.5461631246059,571.3527051950811,6.182405222777447e-05,0,0,0,1,0,0,1,0,0,0,0,0,0,1,0,0,0,0,0
Angel Eyes,2001,102.0,46,6.055,581.0339989391372,550.9000783770427,5.9599876756217726e-05,0,0,0,0,0,0,1,0,0,0,0,0,0,1,0,1,0,0,0
Angel Has Fallen,2019,122.0,70,6.597,439.60373897668376,283.0282257869244,3.6884301121048636e-05,1,0,0,0,0,0,0,0,0,0,0,0,0,0,0,1,0,0,0
Angela's Ashes,2000,145.0,70,7.293,884.5396908763506,505.03343856874693,5.489859138822042e-05,0,0,0,0,0,0,1,0,0,0,0,0,0,0,0,0,0,0,0
Angels & Demons,2009,139.0,52,6.717,1184.2590998744845,561.1942682989429,6.070915978598223e-05,0,0,0,0,0,0,0,0,0,0,0,0,1,0,0,1,0,0,0
Anger Management,2003,106.0,49,6.16,1355.7315882874889,862.0365790277914,0.00010406602834196403,0,0,0,1,0,0,0,0,0,0,0,0,0,0,0,0,0,0,0
Animal Kingdom,2010,113.0,25,6.808,981.6231086657496,3180.8471967921305,0.00662734112143457,0,0,0,0,1,0,1,0,0,0,0,0,0,0,0,0,0,0,0
Anna and the King,2000,148.0,41,6.77,870.8281598353627,737.0671844556639,8.319227939186217e-05,0,0,0,0,0,0,1,0,0,1,0,0,0,1,0,0,0,0,0
Annabelle,2014,99.0,77,5.787,541.3215808272843,769.4809931996589,8.816595307567159e-05,0,0,0,0,0,0,0,0,0,0,1,0,0,0,0,0,0,0,0
Annabelle Comes Home,2019,106.0,100,6.4,439.1455797906737,1001.4371165587114,0.00013358642848445193,0,0,0,0,0,0,0,0,0,0,1,0,0,0,0,0,0,0,0
Annabelle: Creation,2017,110.0,84,6.6,516.4308445532436,926.0932796570357,0.00011671991805743238,0,0,0,0,0,0,0,0,0,0,1,0,0,0,0,0,0,0,0
Annie,2015,127.0,63,6.5,673.6128274186735,384.6256137099631,4.424703130764819e-05,0,0,0,1,0,0,1,1,0,0,0,0,0,0,0,0,0,0,0
Annihilation,2018,115.0,56,6.433,541.366060761222,892.1579462351108,0.00010983565587996752,0,0,0,0,0,0,0,0,0,0,1,0,0,0,1,0,0,0,0
Anniversary,2025,12.0,9,0.0,29.0,627.0364479074485,6.830921829774137e-05,0,0,1,0,0,0,0,0,0,0,0,0,0,0,0,0,0,0,0
Anomalisa,2016,91.0,86,7.106,1765.7886860955748,784.3815779309399,9.055105900310998e-05,0,0,1,1,0,0,1,0,0,0,0,0,0,1,0,0,0,0,0
Anonymous,2011,82.0,45,3.5,457.9409120102761,422.52728006550956,4.7355623986941906e-05,0,0,0,0,0,0,1,0,0,0,0,0,0,0,0,0,0,0,0
Anora,2025,139.0,119,7.058,1522.9375,1255.9856992858697,0.00021076605294296312,0,0,0,1,0,0,1,0,0,0,0,0,0,1,0,0,0,0,0
Another Day of Life,2019,86.0,7,7.4,557.835633275602,1933.1963825441674,0.0007090376773957,0,0,1,0,0,1,0,0,0,1,0,0,0,0,0,0,0,0,0
Another Gay Movie,2006,94.0,39,6.0,1869.305555555556,874.4492221760012,0.00010640596957709779,0,0,0,1,0,0,0,0,0,0,0,0,0,1,0,0,0,0,0
Another Year,2011,129.0,55,6.989,2107.4759284731776,2462.3463766090526,0.001829561548548246,0,0,0,1,0,0,1,0,0,0,0,0,0,0,0,0,0,0,0
Answers to Nothing,2011,124.0,18,3.75,104.84363420779604,189.13052262230406,3.117376955166407e-05,0,0,0,0,0,0,1,0,0,0,0,0,1,0,0,1,0,0,0
Antitrust,2001,108.0,19,6.042,269.4548929331538,1155.4796367651481,0.00017603828661018936,1,0,0,0,1,0,1,0,0,0,0,0,0,0,0,0,0,0,0
Antlers,2021,99.0,49,6.223,130.0894975930572,897.747110719138,0.00011094090576667864,0,0,0,0,0,0,1,0,0,0,1,0,1,0,0,0,0,0,0
Any Given Sunday,2000,163.0,51,6.82,1181.9851940776311,844.3239648988714,0.00010081579967094742,0,0,0,0,0,0,1,0,0,0,0,0,0,0,0,0,0,0,0
Anyone But You,2024,103.0,119,6.833,339.4457207453598,1168.6191170466286,0.00018023105467197088,0,0,0,1,0,0,0,0,0,0,0,0,0,1,0,0,0,0,0
Anywhere But Here,2000,114.0,67,6.035,553.2923169267707,464.42551456373957,5.104677526610702e-05,0,0,0,1,0,0,1,0,0,0,0,0,0,1,0,0,0,0,0
Apollo 11,2019,93.0,120,7.876,671.168947985921,1523.9105521405559,0.00034060082797095925,0,0,0,0,0,1,1,0,0,1,0,0,0,0,0,0,0,0,0
Apollo 18,2011,86.0,39,5.31,258.75466019085405,648.2885335556681,7.095996597136249e-05,0,0,0,0,0,0,0,0,0,0,1,0,0,0,1,1,0,0,0
Appaloosa,2009,115.0,120,6.574,765.4664808793931,1098.868621383614,0.0001590610585289769,0,0,0,0,1,0,1,0,0,0,0,0,0,0,0,0,0,0,1
April's Shower,2006,98.0,4,4.5,518.561507936508,1294.7565606549879,0.0002259250153565991,0,0,0,1,0,0,0,0,0,0,0,0,0,1,0,0,0,0,0
Apt Pupil,1998,107.0,12,6.512,805.4362644853443,1217.0943899723943,0.0001965817949563389,0,0,0,0,0,0,1,0,0,0,0,0,0,0,0,1,0,0,0
Aquaman,2019,42.0,105,5.9,1076.401268381386,469.3955001701011,5.150328752457184e-05,1,1,0,0,0,0,0,0,0,0,0,0,0,0,0,0,1,0,0
Aquaman and the Lost Kingdom,2024,124.0,84,6.566,556.0655070561209,483.68946248283453,5.283912626420741e-05,1,1,0,0,0,0,0,0,1,0,0,0,0,0,0,0,0,0,0
Aquamarine,2006,103.0,70,6.458,428.6982142857143,347.9810083981816,4.1435702179485454e-05,0,0,0,1,0,0,0,1,1,0,0,0,0,1,0,0,0,0,0
Arbitrage,2013,100.0,120,6.313,528.5737514518003,1004.2878282092536,0.00013427037048187838,0,0,0,0,0,0,1,0,0,0,0,0,0,0,0,1,0,0,0
Arcadian,2024,92.0,14,6.044,77.45454545454545,721.8008087448773,8.094794200050739e-05,1,0,0,0,0,0,0,0,0,0,1,0,0,0,0,1,0,0,0
Architecton,2025,98.0,3,6.0,182.3333333333333,2775.4605872232373,0.003205895023424631,0,0,0,0,0,1,0,0,0,0,0,0,0,0,0,0,0,0,0
Archive,2020,109.0,14,6.305,552.1039412673879,461.4613303156218,5.0776432222357416e-05,0,0,0,0,0,0,1,0,1,0,0,0,0,0,1,1,0,0,0
Arctic Dogs,2019,93.0,56,6.0,106.43031733616404,294.1296218635963,3.76251659753625e-05,0,1,1,1,0,0,0,0,0,0,0,0,0,0,0,0,0,0,0
Arctic Tale,2007,86.0,93,6.683,327.30498109331967,588.8576148124357,6.379347418002202e-05,0,0,0,0,0,1,0,1,0,0,0,0,0,0,0,0,0,0,0
Are We Done Yet?,2007,92.0,55,5.8,665.1855942315992,331.1315903962035,4.020368735765049e-05,0,0,0,1,0,0,0,1,0,0,0,0,0,0,0,0,0,0,0
Are We There Yet?,2005,95.0,38,5.7,1202.4608564421808,621.08625014879,6.758496180555711e-05,0,1,0,1,0,0,0,1,0,0,0,0,0,1,0,0,0,0,0
Argo,2013,120.0,120,7.28,824.4310031939606,1606.4187690818799,0.0003948543606413964,0,0,0,0,0,0,1,0,0,0,0,0,0,0,0,1,0,0,0
Argylle,2024,139.0,49,6.0,296.9,354.6201136044152,4.1931453255821624e-05,1,1,0,1,0,0,0,0,0,0,0,0,0,0,0,1,0,0,0
Arlington Road,1999,117.0,28,7.02,1037.8974789915967,963.9819938981349,0.00012491722362385858,0,0,0,0,1,0,1,0,0,0,0,0,1,0,0,1,0,0,0
Armored,2010,88.0,38,5.75,529.3489647607295,594.2744258083508,6.441552092503927e-05,1,0,0,0,1,0,1,0,0,0,0,0,1,0,0,1,0,0,0
Arrival,2017,35.0,119,0.0,705.0542361111111,421.8853066772737,4.7301194638846754e-05,0,1,0,0,0,1,0,0,0,0,0,0,0,0,0,0,0,0,0
Art School Confidential,2006,102.0,25,6.1,414.5386904761905,2664.0874206086896,0.002626039056668172,0,0,0,1,0,0,1,0,0,0,0,0,0,0,0,0,0,0,0
Arthur,2011,97.0,63,6.494,352.1076033792797,478.4319812510838,5.234380832742781e-05,0,0,0,1,0,0,1,0,0,0,0,0,0,1,0,0,0,0,0
Arthur Christmas,2012,97.0,51,6.768,448.164238572263,843.6000433369742,0.00010068514264034814,0,0,1,1,0,0,1,1,0,0,0,0,0,0,0,0,0,0,0
Arthur the King,2024,100.0,56,3.083,212.9245283018868,48.04619351436202,2.4211738527644136e-05,0,1,0,0,0,0,0,0,1,0,0,0,0,0,0,0,1,0,0
As Above So Below,2014,19.0,42,0.0,315.6723750012281,400.06023492880433,4.548751839440633e-05,0,0,0,0,0,0,1,0,0,0,0,0,0,0,0,0,0,0,0
As Good as it Gets,1998,139.0,114,7.398,1413.7691708602924,1233.6808654037204,0.00020251049873994928,0,0,0,1,0,0,1,0,0,0,0,0,0,1,0,0,0,0,0
As It Is in Heaven,2014,86.0,28,6.9,107.77144064216309,1056.373432630904,0.00014740176727591763,0,0,0,0,0,0,1,0,0,0,0,0,0,0,0,0,0,0,0
Ash,2025,104.0,7,1.0,124.66666666666669,112.38744885009646,2.7169606719706624e-05,0,0,0,0,0,0,1,0,0,0,0,0,0,0,0,0,0,0,0
Asphalt City,2024,120.0,14,6.3,67.5,898.9586513304313,0.00011118194919961064,0,0,0,0,0,0,1,0,0,0,0,0,0,0,0,1,0,0,0
Assassination Nation,2018,108.0,31,6.3,186.8164591924564,907.8257653718291,0.0001129621323638078,0,0,0,1,0,0,0,0,0,0,1,0,0,0,0,1,0,0,0
Astro Boy,2010,94.0,91,6.32,209.19582981121445,531.3970632385381,5.755354143859303e-05,1,0,1,0,0,0,0,1,0,0,0,0,0,0,1,0,0,0,0
Asylum,2005,93.0,60,4.059,182.7035330261137,345.1708377501694,4.122763242832065e-05,0,0,0,0,0,0,0,0,0,0,1,0,0,0,0,0,0,0,0
At First Sight,1999,128.0,28,5.998,776.1411487671993,920.2283714404061,0.00011550002714968762,0,0,0,0,0,0,1,0,0,0,0,0,0,1,0,0,0,0,0
At the Gates,2023,97.0,3,0.0,1654.8834919593044,1509.397847518689,0.00033185994904860315,0,0,0,0,0,0,1,0,0,0,0,0,0,0,0,0,0,0,0
ATL,2006,105.0,14,6.881,1267.5701530612246,1223.8827066854105,0.00019898694937246867,0,0,0,1,0,0,1,0,0,0,0,0,1,0,0,0,0,0,0
Atlas Shrugged: Part II,2012,112.0,49,5.284,163.9783474365356,271.5379712827628,3.613284535279334e-05,0,0,0,0,0,0,1,0,0,0,0,0,1,0,1,0,0,0,0
Attack the Block,2011,88.0,59,6.461,1395.5981943010452,679.7929912308273,7.507992117571685e-05,1,0,0,1,0,0,0,0,0,0,0,0,0,0,1,0,0,0,0
August Rush,2008,114.0,100,7.412,371.4542760664323,616.67210557299,6.705263920368302e-05,0,0,0,0,0,0,1,1,0,0,0,1,0,0,0,0,0,0,0
August: Osage County,2014,121.0,120,6.858,1591.4571179166364,1293.6272268723058,0.00022546840931744714,0,0,0,1,0,0,1,0,0,0,0,0,0,0,0,0,0,0,0
Aurora,2011,87.0,6,2.2,853.1302801244997,1163.2495561532705,0.00017850571120853754,0,1,0,0,0,0,1,0,0,0,0,0,0,0,1,0,0,0,0
Aurora Borealis,2006,109.0,25,6.328,265.49107142857144,1129.075793259971,0.00016790552684964742,0,0,0,0,0,0,1,0,0,0,0,0,0,1,0,0,0,0,0
Austin Powers in Goldmember,2002,94.0,57,6.001,1912.345357557317,493.5731706600102,5.378301372044403e-05,0,0,0,1,1,0,0,0,0,0,0,0,0,0,1,0,0,0,0
Australia,2009,165.0,107,6.593,440.1165511283972,844.2425789876036,0.00010080110227419561,0,1,0,0,0,0,1,0,0,0,0,0,0,1,0,0,0,0,0
Auto Shop of Horrors,2016,86.0,76,10.0,1131.3645833333333,-393.0053736142984,1.098724166059259e-05,0,0,0,1,0,0,0,0,0,0,1,0,0,0,0,0,0,0,0
Autumn in New York,2000,103.0,48,6.122,680.0973098534075,774.5598329469658,8.897177081727776e-05,0,0,0,0,0,0,1,0,0,0,0,0,0,1,0,0,0,0,0
Avatar,2010,162.0,120,7.594,2956.111111111112,1013.0000080842705,0.00013638237432940308,1,1,0,0,0,0,0,0,1,0,0,0,0,0,1,0,0,0,0
Avatar: The Way of Water,2023,192.0,120,7.61,1547.17593084381,860.5281293671154,0.0001037851958231741,1,1,0,0,0,0,0,0,0,0,0,0,0,0,1,0,0,0,0
AVP: Alien Vs. Predator,2004,100.0,21,5.942,1741.8608989387178,964.3579210169318,0.00012500137601672084,1,1,0,0,0,0,0,0,0,0,1,0,0,0,1,0,0,0,0
Awake,2008,84.0,81,6.545,473.6018652516482,325.82473741037677,3.982329265088445e-05,0,0,0,0,1,0,0,0,0,0,0,0,1,0,0,1,0,0,0
Away From Her,2007,110.0,35,7.009,764.0038591413411,939.83841578105,0.0001196296037758012,0,0,0,0,0,0,1,0,0,0,0,0,0,1,0,0,0,0,0
Azrael,2024,86.0,14,5.952,43.66666666666666,1071.674761987941,0.00015149806863611195,1,0,0,0,0,0,0,0,0,0,1,0,0,0,0,1,0,0,0
Babe: Pig in the City,1998,96.0,23,5.7,551.7505112474437,1363.241386922043,0.00025541440538503026,0,1,0,1,0,0,1,1,0,0,0,0,0,0,0,0,0,0,0
Babel,2007,143.0,116,7.169,2107.660239820566,1429.9395938853506,0.00028783027242027697,0,0,0,0,0,0,1,0,0,0,0,0,0,0,0,0,0,0,0
Babes,2024,104.0,56,6.0,651.7083333333334,513.6249847738746,5.5750068871983013e-05,0,0,0,1,0,0,0,0,0,0,0,0,0,0,0,0,0,0,0
Baby Boy,2001,130.0,37,7.11,1029.688530263565,833.015485082193,9.879401215103122e-05,0,0,0,0,1,0,1,0,0,0,0,0,0,1,0,1,0,0,0
Baby Driver,2017,113.0,110,7.445,553.897287740617,1301.4240967314013,0.00022863970501448507,1,0,0,0,1,0,0,0,0,0,0,0,0,0,0,0,0,0,0
Baby Geniuses,1999,97.0,45,4.145,624.2037302725969,298.7807067987876,3.7939967962786494e-05,0,0,0,1,0,0,0,1,0,0,0,0,0,0,1,0,0,0,0
Baby Mama,2008,99.0,91,5.969,566.5946934509986,670.9387078907497,7.389842664682872e-05,0,0,0,1,0,0,0,0,0,0,0,0,0,1,0,0,0,0,0
Babygirl,2025,81.0,79,5.667,358.35,886.7969880350696,0.00010878588075735891,0,0,0,0,0,0,1,0,0,0,0,0,0,1,0,0,0,0,0
Babylon,2023,95.0,35,6.9,207.33251988872075,590.9923525701643,6.403789922762338e-05,0,0,0,0,0,0,1,0,0,0,0,0,0,0,0,0,0,0,0
Babylon A.D.,2008,101.0,56,5.666,277.4653307676996,145.0959425006332,2.8809153609352202e-05,1,1,0,0,0,0,0,0,0,0,0,0,0,0,1,1,0,0,0
Babyteeth,2020,118.0,7,6.867,54.4242658423493,1504.7592415010567,0.0003291137411490523,0,0,0,1,0,0,1,0,0,0,0,0,0,1,0,0,0,0,0
Bad Boys For Life,2020,124.0,63,7.128,1131.0987611089645,742.7925220024495,8.40499241179126e-05,1,0,0,0,1,0,0,0,0,0,0,0,0,0,0,1,0,0,0
Bad Boys II,2003,146.0,35,6.655,2242.2984035326085,728.1765872642726,8.187779824801446e-05,1,0,0,1,1,0,0,0,0,0,0,0,0,0,0,0,0,0,0
Bad Boys: Ride or Die,2024,115.0,91,7.348,804.68,429.82182978990085,4.797850481309562e-05,1,1,0,1,1,0,0,0,0,0,0,0,0,0,0,1,0,0,0
Bad Education,2005,108.0,95,6.736,1132.533086289042,2532.4635859162563,0.0020744266472798017,0,0,0,0,1,0,1,0,0,1,0,0,0,0,0,0,0,0,0
Bad Moms,2016,100.0,91,6.494,621.2653079710145,523.3179799573991,5.672657207930486e-05,0,0,0,1,0,0,0,0,0,0,0,0,0,0,0,0,0,0,0
Bad Samaritan,2018,111.0,17,6.739,158.30744723217842,1377.906190585331,0.00026221321642604404,0,0,0,0,1,0,1,0,0,0,1,0,0,0,0,1,0,0,0
Bad Santa,2004,92.0,83,6.543,1205.2648741418764,855.2674000229387,0.00010281170737399732,0,0,0,1,1,0,1,0,0,0,0,0,0,0,0,0,0,0,0
Bad Santa 2,2017,92.0,50,5.416,228.1268790849673,503.2959970447121,5.472798709459072e-05,0,0,0,1,1,0,0,0,0,0,0,0,1,0,0,0,0,0,0
Bad Teacher,2011,92.0,108,5.608,711.4585270221107,1090.6406900247498,0.00015673376024801379,0,0,0,1,0,0,0,0,0,0,0,0,0,0,0,0,0,0,0
Bad Times at the El Royale,2018,141.0,42,6.846,288.2715101173883,728.0243839403183,8.185547664737192e-05,0,0,0,0,1,0,1,0,0,0,0,0,1,0,0,1,0,0,0
Badsville,2017,84.0,14,0.0,239.8079501078277,1118.1153636695417,0.00016464092521086487,0,0,0,0,0,1,0,0,0,0,0,0,0,0,0,0,0,0,0
Baghead,2008,84.0,81,5.776,98.85740826753369,2181.593242976547,0.001106424053716414,0,0,0,1,0,0,1,0,0,0,1,0,0,0,0,0,0,0,0
Bait,2000,119.0,31,5.714,444.5846775928076,551.0307987437459,5.961383509442703e-05,1,0,0,0,1,0,0,0,0,0,0,0,0,0,0,1,0,0,0
Ballets Russes,2006,118.0,116,7.2,582.1671786994368,1007.2559455155242,0.0001349862016458587,0,0,0,0,0,1,0,0,0,0,0,0,0,0,0,0,0,0,0
Ballistic: Ecks vs. Sever,2002,91.0,17,4.325,541.1973972468365,1018.4641022901689,0.00013772389674412912,1,1,0,0,0,0,0,0,0,0,0,0,0,0,0,1,0,0,0
Bamboozled,2000,136.0,28,6.216,376.2543554006969,803.1049278205518,9.363975422984155e-05,0,0,0,1,0,0,1,0,0,0,0,0,0,0,0,0,0,0,0
Bandits,2001,123.0,28,6.3,755.8001935952249,1062.9652517755997,0.00014915269796797383,0,0,0,1,1,0,0,0,0,0,0,0,0,0,0,0,0,0,0
Bandslam,2009,111.0,42,5.812,165.0989010989011,840.2993941878947,0.0001000915675299302,0,0,0,1,0,0,1,1,0,0,0,1,0,1,0,0,0,0,0
Bangkok Dangerous,2008,99.0,17,5.195,495.31324280757366,862.4187824044003,0.000104137304852788,1,0,0,0,1,0,0,0,0,0,0,0,0,0,0,1,0,0,0
Barbarian,2022,79.0,75,3.7,293.5096110621617,-445.3186842823691,1.0004353257714745e-05,1,0,0,0,0,0,0,0,1,0,0,0,0,0,1,0,0,0,0
Barbarians,2022,90.0,7,5.222,37.88569476304358,511.4342087564289,5.553170252852033e-05,0,0,0,0,0,0,0,0,0,0,1,0,0,0,0,1,0,0,0
Barbershop,2002,102.0,66,6.38,1655.6464702612564,759.0209141142419,8.652925898570502e-05,0,0,0,1,0,0,1,0,0,0,0,0,0,0,0,0,0,0,0
Barbershop: The Next Cut,2016,112.0,91,6.312,437.1824633699634,854.2657651120008,0.00010262739406571676,0,0,0,1,0,0,1,0,0,0,0,0,0,0,0,0,0,0,0
Barbie,2023,114.0,119,6.948,1521.8606359692042,1430.1762742988808,0.00028795233572016956,0,1,0,1,0,0,0,0,0,0,0,0,0,0,0,0,0,0,0
Barefoot,2014,11.0,7,5.0,158.30406180216067,922.9965312865953,0.0001160742027780056,0,0,0,0,0,0,1,0,0,0,0,0,0,0,0,0,0,0,0
Barney's Great Adventure,1998,76.0,24,4.898,1230.1092024539878,602.7361983295473,6.539940038846747e-05,0,1,0,0,0,0,0,1,1,0,0,0,0,0,0,0,0,0,0
Barney's Version,2011,134.0,67,7.0,3894.20220082531,2302.7945763255293,0.0013747256013607611,0,0,0,1,0,0,1,0,0,0,0,0,0,0,0,0,0,0,0
Basic,2003,98.0,19,6.501,774.7108123569794,934.1885979505211,0.00011842492450954114,1,0,0,0,1,0,1,0,0,0,0,0,1,0,0,1,0,0,0
Basic Instinct 2,2006,114.0,7,5.0,642.3242630385488,1244.292897226125,0.00020639714435887705,0,0,0,0,1,0,0,0,0,0,0,0,1,0,0,1,0,0,0
Batman & Robin,1997,125.0,98,4.385,346.74666093744406,531.8175012182132,5.7596905684620056e-05,1,1,0,0,0,0,0,0,0,0,0,0,0,0,1,0,0,0,0
Batman Begins,2005,140.0,118,7.718,1872.711213517665,1443.5826109452014,0.0002949515689072412,1,0,0,0,1,0,1,0,0,0,0,0,0,0,0,0,0,0,0
Batman: The Killing Joke,2016,77.0,2,6.613,1857.7854166666664,1618.7630610733506,0.0004036832919592464,1,0,1,0,1,0,1,0,0,0,0,0,0,0,0,0,0,0,0
Bats,1999,91.0,20,4.6,363.0687274909964,835.0982004227924,9.916330016501597e-05,0,0,0,0,0,0,0,0,0,0,1,0,0,0,1,1,0,0,0
Battle for Terra,2009,85.0,105,6.166,327.121064589419,-7.887373689501487,2.1903310713013258e-05,1,1,1,0,0,0,0,0,0,0,0,0,0,0,1,0,0,0,0
Battle: Los Angeles,2011,116.0,81,5.815,675.2208388913591,501.78339932031815,5.457989260535959e-05,1,0,0,0,0,0,0,0,0,0,0,0,0,0,1,0,0,0,0
Battleship,2012,131.0,77,5.88,504.835890735281,317.983633915405,3.92678208880643e-05,1,1,0,0,0,0,0,0,0,0,0,0,0,0,1,1,0,0,0
Baywatch,2017,116.0,64,6.092,512.2854094090324,442.30711670296137,4.906369360737986e-05,1,0,0,1,1,0,0,0,0,0,0,0,0,0,0,0,0,0,0
Be Cool,2005,118.0,26,5.459,1101.1524676040806,967.7914859015077,0.00012577261795498795,0,0,0,1,1,0,0,0,0,0,0,0,0,0,0,0,0,0,0
Be Kind Rewind,2008,102.0,11,6.31,1189.196470041802,1698.5718651263114,0.00046572749264494744,0,0,0,1,0,0,1,0,0,0,0,0,0,0,0,0,0,0,0
Beach Rats,2017,99.0,56,6.0,936.2680684268812,885.7694041550349,0.0001085858096416959,0,0,0,0,0,0,1,0,0,0,0,0,0,1,0,0,0,0,0
Bean,1997,89.0,56,6.5,1270.3014617780973,409.45144901808277,4.6259250427368653e-05,0,1,0,1,0,0,0,1,0,0,0,0,0,0,0,0,0,0,0
Beastly,2011,86.0,77,6.317,373.4534829332517,704.7694024984887,7.851550158798153e-05,0,0,0,0,0,0,1,0,1,0,0,0,0,1,0,0,0,0,0
Beatriz at Dinner,2017,82.0,118,5.772,835.4588580240511,708.1900352934622,7.899810169497033e-05,0,0,0,1,0,0,1,0,0,0,0,0,0,0,0,0,0,0,0
Beau is Afraid,2023,179.0,42,6.718,3189.644117164424,1495.0177980156172,0.00032342023655165483,0,1,0,1,0,0,0,0,1,0,0,0,0,0,0,0,0,0,0
Beautiful,2000,97.0,14,4.784,429.1682797780359,978.0013357852116,0.00012809416441687314,0,0,0,0,0,0,1,0,0,0,0,0,1,0,0,1,0,0,0
Beautiful Creatures,2013,85.0,57,5.558,253.7041638430841,216.75675770607734,3.275536778005292e-05,0,0,0,1,1,0,1,0,0,0,0,0,0,0,0,1,0,0,0
Beautifully Broken,2018,54.0,76,0.0,228.5387453101092,286.6203363392932,3.7122414378807324e-05,0,0,0,0,0,1,0,0,0,0,0,0,0,0,0,0,0,0,0
Beauty & the Beholder,2018,95.0,4,7.0,426.30824372759855,943.8219749019589,0.000120486354934385,0,0,0,1,0,0,1,0,0,0,0,0,0,1,0,0,0,0,0
Beauty Shop,2005,105.0,23,6.291,859.0271377368151,1078.7871738674053,0.00015344068883871298,0,0,0,1,0,0,0,0,0,0,0,0,0,1,0,0,0,0,0
Beba,2022,80.0,21,7.0,155.35341456933529,1175.958330654837,0.0001826162913237176,0,0,0,0,0,1,0,0,0,0,0,0,0,0,0,0,0,0,0
Because I Said So,2007,102.0,33,5.875,819.1148094548963,663.3106459769097,7.289547564111009e-05,0,0,0,1,0,0,0,0,0,0,0,0,0,1,0,0,0,0,0
Because of Winn-Dixie,2005,106.0,102,6.459,631.8336917562724,499.8281329978287,5.43890512602977e-05,0,0,0,1,0,0,1,1,0,0,0,0,0,0,0,0,0,0,0
Becky,2020,70.0,52,0.0,1049.1789026275114,-2.0578084382277666,2.2133248235398935e-05,0,0,0,1,0,0,0,0,0,0,0,0,0,1,0,0,0,0,0
Becoming Cousteau,2021,94.0,21,7.1,70.47988187523072,1537.97357055103,0.0003492904418104159,0,0,0,0,0,1,0,0,0,0,0,0,0,0,0,0,0,0,0
Becoming Jane,2007,120.0,32,7.307,846.0024490704664,1435.406500361792,0.00029066297329714103,0,0,0,0,0,0,1,0,0,0,0,0,0,1,0,0,0,0,0
Becoming Led Zeppelin,2025,122.0,105,7.1,289.6808510638298,2333.6014528536734,0.0014527260128030736,0,0,0,0,0,1,0,0,0,0,0,1,0,0,0,0,0,0,0
Bedazzled,2001,93.0,88,6.071,654.7189314750291,529.0661404391711,5.7313720124961315e-05,0,0,0,1,0,0,0,0,1,0,0,0,0,1,0,0,0,0,0
Bee Movie,2008,91.0,105,6.025,619.7735051570073,720.032916445861,8.069198421996677e-05,0,1,1,1,0,0,0,1,0,0,0,0,0,0,0,0,0,0,0
Beefcake,2000,91.0,97,5.146,941.2545018007204,775.5828325182317,8.913497073655108e-05,0,0,0,0,0,1,1,0,0,1,0,0,0,0,0,0,0,0,0
Beer for My Horses,2008,86.0,94,4.838,146.72329307942405,-425.59073166830376,1.036423684195508e-05,1,0,0,1,0,0,0,0,0,0,0,0,0,0,0,0,0,0,0
Beerfest,2006,110.0,14,5.857,577.5595238095239,1390.9791218681198,0.00026842644148900106,0,0,0,1,0,0,0,0,0,0,0,0,0,0,0,0,0,0,0
Beetlejuice Beetlejuice,2024,105.0,82,6.961,911.5822784810126,634.8951784736056,6.927768922254311e-05,0,0,0,1,0,0,0,0,1,0,1,0,0,0,0,0,0,0,0
Before I Fall,2017,98.0,56,7.0,185.71661712420584,599.0242015830097,6.496595694585569e-05,0,0,0,0,0,0,1,0,1,0,0,0,0,0,0,0,0,0,0
Before I Go to Sleep,2014,92.0,21,6.48,215.35397428933555,1283.624032873241,0.0002214640483743627,0,0,0,0,0,0,0,0,0,0,0,0,1,0,0,1,0,0,0
Before Night Falls,2001,134.0,91,6.602,1388.0816879597369,642.4092256986651,7.021652103294827e-05,0,0,0,0,0,0,1,0,0,0,0,0,0,0,0,0,0,0,0
Before the Rains,2008,98.0,120,4.692,1414.456694453272,383.22451767087495,4.413611347401653e-05,0,0,0,0,0,0,1,0,0,0,0,0,0,1,0,0,0,0,0
Before We Go,2015,95.0,28,6.741,109.2386980108499,1240.8760230983396,0.00020513764361449063,0,0,0,1,0,0,1,0,0,0,0,0,0,1,0,0,0,0,0
Before You Know It,2019,110.0,83,7.2,307.5453322777264,408.0388347617078,4.614233628903309e-05,0,0,0,0,0,1,0,0,0,0,0,0,0,0,0,0,0,0,0
Begin Again,2014,104.0,84,7.233,1011.8330919186434,769.5385087966171,8.817503762021712e-05,0,0,0,1,0,0,1,0,0,0,0,1,0,1,0,0,0,0,0
Behind Enemy Lines,2001,106.0,22,6.416,1209.9206919562653,1235.8916552387332,0.00020331411650360091,1,0,0,0,0,0,1,0,0,0,0,0,0,0,0,1,0,1,0
Being John Malkovich,2000,113.0,75,7.412,2771.094776893808,711.3563366086115,7.94474627328609e-05,0,0,0,1,0,0,1,0,1,0,0,0,0,0,0,0,0,0,0
Being Julia,2005,104.0,95,6.413,961.0375860243516,609.5127909448253,6.619816376921683e-05,0,0,0,1,0,0,1,0,0,0,0,0,0,1,0,0,0,0,0
Believe,2017,36.0,35,0.0,129.51099537037038,482.37477100187937,5.271482875962987e-05,0,1,0,0,0,0,0,0,0,0,0,0,0,0,0,0,0,0,0
Believe in Me,2007,131.0,1,6.5,754.9445248432224,1189.9827639301004,0.0001872623640012091,0,0,0,0,0,0,1,1,0,0,0,0,0,0,0,0,0,0,0
Bella,2008,91.0,116,6.321,328.14922013185395,543.6201178988766,5.8827658953129656e-05,0,0,0,0,0,0,1,0,0,0,0,0,0,1,0,0,0,0,0
Bellflower,2011,106.0,32,5.87,528.8572698977323,1109.5291708962354,0.00016212789945464965,1,0,0,0,0,0,1,0,0,0,0,0,0,1,0,0,0,0,0
Ben is Back,2019,103.0,77,6.605,872.8359374595934,579.6058097381871,6.274489072173787e-05,0,0,0,0,0,0,1,0,0,0,0,0,0,0,0,0,0,0,0
Ben-Hur,2016,212.0,49,7.889,308.5285714285714,474.48581279078047,5.197508464419996e-05,0,1,0,0,0,0,1,0,0,1,0,0,0,0,0,0,0,0,0
Benediction,2022,137.0,56,6.1,113.05451163496946,315.2917954134289,3.907892028391371e-05,0,0,0,0,0,0,1,0,0,1,0,0,0,0,0,0,0,1,0
Beowulf,2008,115.0,77,5.91,673.1555998270903,576.6273800685323,6.241100190560619e-05,1,1,1,0,0,0,0,0,0,0,0,0,0,0,0,0,0,0,0
Bergman Island,2021,84.0,28,7.5,102.04727627485104,872.0233485326182,0.00010594456160349846,0,0,0,0,0,1,0,0,0,0,0,0,0,0,0,0,0,0,0
Besieged,1999,84.0,35,0.0,492.6749523338748,300.7283775903272,3.807257440412274e-05,0,0,0,0,0,0,1,0,0,0,0,0,0,0,0,0,0,0,0
Best in Show,2001,90.0,111,6.856,1563.3770947403357,1022.1157360291238,0.00013862777932371464,0,0,0,1,0,0,0,0,0,0,0,0,0,0,0,0,0,0,0
Best Worst Movie,2010,93.0,74,7.084,903.4089867033472,887.5251902591893,0.0001089278852487985,0,0,0,1,0,1,0,0,0,0,0,0,0,0,0,0,0,0,0
Better Man,2025,9.0,30,0.0,636.0769230769231,608.6689396600754,6.609816886018143e-05,0,0,0,0,0,0,1,0,0,0,0,0,0,0,0,0,0,0,0
Between Love & Goodbye,2009,97.0,84,5.792,723.8502830502831,159.05792654219874,2.9538803299291842e-05,0,0,0,0,0,0,1,0,0,0,0,1,0,1,0,0,0,0,0
Between Me and My Mind,2019,100.0,1,8.0,1952.4247164646072,1367.3419423994376,0.0002572975272034357,0,0,0,0,0,1,0,0,0,0,0,0,0,0,0,0,0,0,0
Between the Temples,2024,111.0,21,5.464,207.3333333333333,2805.6525007150217,0.0033840638593422376,0,0,0,1,0,0,1,0,0,0,0,0,0,0,0,0,0,0,0
Bewitched,2005,102.0,28,5.082,1092.672445322215,990.6389475556177,0.00013102717679040204,0,0,0,1,0,0,0,0,1,0,0,0,0,1,0,0,0,0,0
Beyond Borders,2003,127.0,3,6.4,654.9184782608695,1733.3751660763926,0.0004956884267149636,0,1,0,0,0,0,1,0,0,0,0,0,0,1,0,0,0,1,0
Beyond the Gates,2007,84.0,1,5.152,3019.7780993728898,1737.7406149680978,0.0004995800536110013,0,1,0,0,0,0,0,0,0,0,1,0,0,0,0,0,0,0,0
Beyond the Lights,2015,116.0,84,6.797,231.75739835435647,933.3124360523053,0.00011823919498594173,0,0,0,0,0,0,1,0,0,0,0,0,0,1,0,0,0,0,0
Beyond The Reach,2015,95.0,3,5.891,476.3234880450071,1301.447611151664,0.0002286493364122906,0,0,0,0,0,0,0,0,0,0,0,0,0,0,0,1,0,0,0
Beyond the Sea,2005,118.0,67,6.3,428.32451032292215,87.50655716855204,2.5985200049326645e-05,0,0,0,0,0,0,1,0,0,0,0,1,0,0,0,0,0,0,0
Beyond Utopia,2023,116.0,25,7.642,62.661634394486384,974.1294313091278,0.00012720875746120508,0,0,0,0,0,1,0,0,0,1,0,0,0,0,0,0,0,0,0
Bhutto,2011,111.0,81,5.6,279.1311325080238,682.2515009545964,7.541131674226814e-05,0,0,0,0,0,1,0,0,0,0,0,0,0,0,0,0,0,0,0
Big Daddy,1999,93.0,54,6.49,1896.5273801828423,911.7354546074209,0.00011375607864774001,0,0,0,1,0,0,1,0,0,0,0,0,0,0,0,0,0,0,0
Big Eyes,2015,106.0,92,6.977,273.55375544167083,1161.689316248604,0.00017800747997072714,0,0,0,0,0,0,1,0,0,0,0,0,0,0,0,0,0,0,0
Big Fat Liar,2002,88.0,37,5.9,986.0375044959618,817.2925844853418,9.605019162578116e-05,0,1,0,1,0,0,0,1,0,0,0,0,0,0,0,0,0,0,0
Big Fish,2004,125.0,69,7.752,2029.0079192546584,954.4737395488542,0.00012280750805113448,0,1,0,0,0,0,1,0,1,0,0,0,0,0,0,0,0,0,0
Big Game,2015,97.0,7,3.9,424.6913803496082,898.2133989668795,0.0001110336147507722,1,0,0,0,0,0,1,0,0,0,0,0,0,0,0,1,0,0,0
Big Miracle,2012,107.0,63,6.703,319.6041424699962,708.2599545251114,7.90079971267286e-05,0,1,0,0,0,0,1,0,1,0,0,0,0,1,0,0,0,0,0
Big Momma's House,2000,98.0,77,5.828,1157.6874715952129,477.4471618921453,5.2251544152302555e-05,0,0,0,1,1,0,0,0,0,0,0,0,0,0,0,0,0,0,0
Big Momma's House 2,2006,99.0,112,5.783,930.1244212962964,643.5701844969096,7.036270577712544e-05,0,0,0,1,1,0,0,0,0,0,0,0,0,0,0,0,0,0,0
Big Stone Gap,2015,93.0,77,5.852,282.1270754561894,291.02257263676245,3.7416326436003305e-05,0,0,0,1,0,0,0,0,0,0,0,0,0,1,0,0,0,0,0
Big Sur,2013,100.0,1,4.583,488.9785407725322,1843.5035154595582,0.0006037934952714134,0,0,0,0,0,0,1,0,0,0,0,0,0,0,0,0,0,0,0
Bigger,2018,107.0,14,6.9,89.66006713318541,417.4059289967147,4.692315030838496e-05,0,0,0,0,0,0,1,0,0,1,0,0,0,0,0,0,0,0,0
Bigger Than the Sky,2005,106.0,4,5.292,429.5135688684076,1129.424011988969,0.00016801029923421847,0,0,0,1,0,0,1,1,0,0,0,0,0,1,0,0,0,0,0
Bilal: A New Breed of Hero,2018,109.0,28,6.8,159.2769591574848,-261.6905535287958,1.3901170255133867e-05,1,1,1,0,0,0,0,0,0,1,0,0,0,0,0,0,0,0,0
Bill Cunningham New York,2011,85.0,111,7.542,723.6994219653179,1292.937272053875,0.00022518990480545006,0,0,0,0,0,1,0,0,0,0,0,0,0,0,0,0,0,0,0
Biosphere,2023,68.0,14,0.0,62.148014440433215,622.7863248853992,6.779110729112209e-05,0,0,0,0,0,1,0,0,0,0,0,0,0,0,0,0,0,0,0
Bird,2024,161.0,42,6.818,112.16666666666669,561.9457460109479,6.079094163594829e-05,0,0,0,0,0,0,1,0,0,0,0,1,0,0,0,0,0,0,0
Birds of Passage,2019,115.0,75,0.0,648.6219275153369,-981.2834850935212,3.830093719154709e-06,1,1,0,0,1,0,1,0,0,0,0,0,0,0,0,1,0,0,0
Birth of the Dragon,2017,103.0,35,5.788,198.68455052359585,978.5116377033141,0.00012821131631098162,1,0,0,0,0,0,1,0,0,0,0,0,0,0,0,0,0,0,0
Birth/Rebirth,2023,99.0,18,6.34,202.879881851001,683.0409713706698,7.551804361165418e-05,0,0,0,0,0,0,1,0,0,0,1,0,1,0,1,1,0,0,0
Bitch Slap,2010,109.0,16,4.767,938.5694635488308,316.35813581877903,3.9153642120848487e-05,1,0,0,1,1,0,1,0,0,0,0,0,0,0,0,1,0,0,0
Bitter Harvest,2017,91.0,42,5.818,263.09854092595833,30.355592551924815,2.345647353569777e-05,0,0,0,0,0,0,1,0,0,0,0,0,0,0,0,0,0,0,0
Black Adam,2023,125.0,84,6.833,662.472511873427,496.95355729181443,5.410969284819572e-05,1,1,0,0,0,0,0,0,0,0,0,0,0,0,1,0,0,0,0
Black and White,2000,98.0,15,4.613,334.1178333861261,1308.1532904119613,0.0002314125730790203,0,0,0,0,0,0,1,0,0,0,0,0,0,0,0,0,0,0,0
Black Christmas,2020,92.0,28,5.15,441.50862767915913,717.0810726199576,8.02664149507418e-05,0,0,0,0,0,0,0,0,0,0,1,0,1,0,0,0,0,0,0
Black Dog,1998,88.0,14,6.406,587.4579316389132,1236.3192826721356,0.00020346992591832667,1,0,0,0,0,0,0,0,0,0,0,0,0,0,0,0,0,0,0
Black Friday,2007,70.0,11,6.0,167.59768451519537,729.4352535312105,8.206262324484046e-05,0,0,0,0,1,0,1,0,0,0,1,0,1,0,1,1,0,0,0
Black Gold,2007,88.0,102,6.4,742.1329365079365,926.6837119159437,0.00011684343854469914,0,0,0,0,0,1,0,0,0,0,0,0,0,0,0,0,0,0,0
Black Hawk Down,2002,145.0,69,7.386,1387.4211127598387,821.8201150340061,9.683238884428552e-05,1,0,0,0,0,0,0,0,0,1,0,0,0,0,0,0,0,1,0
Black Ice,2023,110.0,14,2.063,14.894978667541846,263.27373611070266,3.560185300478368e-05,0,0,0,0,0,0,0,0,1,0,1,0,0,1,0,0,0,0,0
Black Knight,2001,95.0,29,5.347,733.6385054226134,787.394204533142,9.104106965769689e-05,0,1,0,1,0,0,0,0,1,0,0,0,0,0,0,0,0,0,0
Black Mask,1999,29.0,39,10.0,657.0447489340564,366.39848716631775,4.282560106743257e-05,0,0,0,0,1,0,1,0,0,0,0,0,0,0,0,0,0,0,0
Black Nativity,2014,93.0,44,5.0,221.530238002341,468.88932253436934,5.145660704990266e-05,0,0,0,0,0,0,1,0,0,0,0,1,0,0,0,0,0,0,0
Black or White,2015,121.0,105,6.801,246.81531042796863,931.3694549656425,0.00011782835880304978,0,0,0,0,0,0,1,0,0,0,0,0,0,0,0,0,0,0,0
Black Phone 2,2025,114.0,25,7.2,826.6538461538462,689.4499446182288,7.639006855152746e-05,0,0,0,0,0,0,0,0,0,0,1,0,0,0,0,1,0,0,0
Black Snake Moan,2007,116.0,84,6.8,241.65414742838763,931.5793597081639,0.00011787267352019805,0,0,0,0,0,0,1,0,0,0,0,0,0,0,0,0,0,0,0
Blackberry,2023,120.0,42,7.143,64.56936565239813,722.4967897731659,8.104892964070689e-05,0,0,0,1,0,0,1,0,0,1,0,0,0,0,0,0,0,0,0
Blackhat,2015,133.0,21,5.511,231.2382048331416,1066.0995470955274,0.00014999251578280294,1,0,0,0,1,0,0,0,0,0,0,0,0,0,0,1,0,0,0
Blackhats,2015,105.0,7,6.0,649.3948161543099,631.4231604898083,6.884813331683147e-05,1,0,0,0,0,0,1,0,0,0,0,0,0,0,0,1,0,0,0
Blacklight,2022,104.0,42,6.161,132.7272357525176,696.6191226196916,7.737746667672827e-05,1,1,0,0,0,0,0,0,0,0,0,0,0,0,0,1,0,0,0
Blackway,2016,90.0,7,5.292,458.6940476190477,1473.710253123139,0.00031130776977335067,0,0,0,0,0,0,0,0,0,0,0,0,1,0,0,1,0,0,0
Blade,1998,121.0,42,6.814,1272.7112182296232,840.3609339404147,0.00010010260250667022,1,0,0,0,0,0,0,0,0,0,1,0,0,0,0,0,0,0,0
Blade Runner 2049,2018,164.0,119,7.586,419.1531007751938,1390.6104804112265,0.00026824923471426183,0,0,0,0,0,0,1,0,0,0,0,0,0,0,1,0,0,0,0
Blade: Trinity,2005,123.0,76,5.862,1164.2126093423076,204.69687881617324,3.205530524301698e-05,1,0,0,0,0,0,0,0,0,0,1,0,0,0,1,0,0,0,0
Blades of Glory,2007,93.0,105,6.113,677.6238256035651,973.5322245112255,0.0001270727371676666,0,0,0,1,0,0,0,0,0,0,0,0,0,0,0,0,0,0,0
Blair Witch,2016,89.0,42,5.225,293.7711240310078,655.1335493518412,7.183544858478347e-05,0,0,0,0,0,0,0,0,0,0,1,0,0,0,0,1,0,0,0
Blast from the Past,1999,112.0,35,6.761,579.7371675943106,949.3746604587897,0.00012169082766823241,0,0,0,1,0,0,1,0,0,0,0,0,0,1,0,0,0,0,0
Blaze,2018,117.0,101,6.149,566.2263771364758,12.545774832127222,2.2719915691914188e-05,0,0,0,1,0,0,1,0,0,0,0,0,0,1,0,0,0,0,0
Bleed for This,2016,116.0,28,6.796,190.12886904761905,940.0292088100242,0.00011967049872135237,0,0,0,0,0,0,1,0,0,0,0,0,0,0,0,0,0,0,0
Blended,2014,117.0,97,6.894,374.170227222244,608.0026949160193,6.6019326733909e-05,0,0,0,1,0,0,0,0,0,0,0,0,0,1,0,0,0,0,0
Bless the Child,2000,107.0,35,5.287,599.0852583129007,536.4596604837634,5.8077878446443855e-05,0,0,0,0,1,0,1,0,0,0,1,0,0,0,0,1,0,0,0
Blinded by the Light,2019,90.0,56,3.5,191.35161182188952,333.94194671172454,4.04066028492652e-05,0,0,0,0,0,0,1,0,0,0,0,0,0,0,0,0,1,0,0
Blindness,2008,121.0,7,6.512,317.75595514564395,1596.3855610464439,0.0003878208209952522,0,0,0,0,0,0,1,0,0,0,0,0,1,0,1,1,0,0,0
Blindspotting,2018,95.0,56,7.341,1127.9183023269045,581.7425963851811,6.298552929735468e-05,0,0,0,1,1,0,1,0,0,0,0,0,0,0,0,0,0,0,0
Bliss,2009,12.0,32,4.3,78.7972027972028,725.0389791496381,8.141887596333363e-05,0,0,0,1,0,0,0,0,0,0,0,0,0,0,0,0,0,0,0
Blithe Spirit,2021,96.0,21,6.9,71.41521207966392,561.6584066671766,6.075965805621166e-05,0,0,0,1,0,0,0,0,1,0,0,0,0,0,0,0,0,0,0
Blockers,2018,102.0,70,6.307,448.3359503897138,862.3231579506505,0.00010411946741997138,0,0,0,1,0,0,0,0,0,0,0,0,0,0,0,0,0,0,0
Blood and Chocolate,2007,98.0,25,5.548,502.03810902074287,903.8297128389396,0.00011215637407061967,0,0,0,0,0,0,1,0,1,0,1,0,0,1,0,0,0,0,0
Blood Diamond,2007,143.0,74,7.551,948.2677045177044,714.8027156617541,7.993947807892838e-05,1,0,0,0,0,0,1,0,0,0,0,0,0,0,0,1,0,0,0
Blood Ties,2014,84.0,14,4.7,191.64614641800952,587.5493362849946,6.364413908079426e-05,0,0,0,0,0,0,0,0,0,0,1,0,0,0,0,1,1,0,0
Blood Work,2002,110.0,45,6.205,672.8166110802298,388.0507471720792,4.451935720167192e-05,1,0,0,0,1,0,0,0,0,0,0,0,1,0,0,1,0,0,0
Bloodshot,2020,110.0,7,6.696,598.5157457496135,1611.7977892581266,0.0003986775734517651,1,1,0,0,0,0,0,0,0,0,0,0,0,0,1,0,0,0,0
Bloody Axe Wound,2025,83.0,7,5.293,43.0,862.3734614135356,0.00010412885046144137,0,0,0,1,0,0,0,0,0,0,1,0,0,0,0,0,0,0,0
Bloody Hell,2021,8.0,28,0.0,160.9386920142734,947.3814054772766,0.00012125707735020599,0,0,0,0,0,0,1,0,0,0,0,0,0,0,0,0,0,0,0
Blow,2001,124.0,82,7.355,735.646209271439,765.5306649586955,8.754423632418701e-05,0,0,0,0,1,0,1,0,0,0,0,0,0,0,0,0,0,0,0
Blue Beetle,2023,128.0,77,6.659,356.6288049721037,575.6517901979064,6.230202280096771e-05,1,1,0,0,0,0,0,0,0,0,0,0,0,0,1,0,0,0,0
Blue Crush,2002,104.0,45,5.995,811.9725518008089,827.6284369011289,9.784519646013772e-05,0,1,0,0,0,0,1,0,0,0,0,0,0,1,0,0,0,0,0
Blue Jasmine,2013,99.0,1,6.982,39181.42060085837,4174.244032084716,0.039282599037802526,0,0,0,0,0,0,1,0,0,0,0,0,0,0,0,0,0,0,0
Blue Jay,2016,83.0,7,6.0,1369.5613095238095,376.92120038880563,4.364054025919332e-05,1,0,0,0,0,0,1,0,0,0,0,0,0,0,0,1,0,0,0
Blue Like Jazz,2012,106.0,55,5.5,212.15825297787867,20.933812323978373,2.3063891856592632e-05,0,0,0,1,0,0,1,0,0,0,0,0,0,0,0,0,0,0,0
Blue Ruin,2014,91.0,63,6.789,221.33917758062245,988.7044464240996,0.0001305738907792523,0,0,0,0,1,0,0,0,0,0,0,0,0,0,0,1,0,0,0
Blue Streak,1999,93.0,45,6.488,1053.3533413365346,614.6963589867917,6.681573485844642e-05,1,0,0,1,1,0,0,0,0,0,0,0,0,0,0,0,0,0,0
Blue Valentine,2011,112.0,114,6.957,2145.5695922520654,1470.359111437251,0.0003094445072100018,0,0,0,0,0,0,1,0,0,0,0,0,0,1,0,0,0,0,0
Blues Brothers 2000,1998,123.0,14,5.275,678.1420481359131,1010.7527087086438,0.0001358344261090293,1,0,0,1,1,0,0,0,0,0,0,1,0,0,0,0,0,0,0
Boat Trip,2003,94.0,7,5.277,698.417701863354,1739.3546736972776,0.0005010266477080424,0,0,0,1,0,0,0,0,0,0,0,0,0,0,0,0,0,0,0
Bob Marley: One Love,2024,104.0,72,6.648,437.6388888888889,409.00540237232894,4.622230168883589e-05,0,0,0,0,0,0,1,0,0,1,0,1,0,0,0,0,0,0,0
Bob Trevino Likes It,2025,102.0,77,7.547,277.4,123.97479613329688,2.7739478152244324e-05,0,0,0,1,0,0,1,0,0,0,0,0,0,0,0,0,0,0,0
Bobby,2007,120.0,60,6.4,538.966836734694,598.0420506337393,6.485175425742958e-05,0,0,0,0,0,0,1,0,0,0,0,0,0,0,0,0,0,0,0
Bodied,2018,120.0,17,7.252,608.0795089839997,1289.416773896225,0.00022377418100036394,0,0,0,1,0,0,1,0,0,0,0,1,0,0,0,0,0,0,0
Bodies Bodies Bodies,2022,94.0,63,6.174,1055.9618982543475,1437.3874634147592,0.0002916962845401719,0,0,0,1,0,0,0,0,0,0,1,0,1,0,0,0,0,0,0
Body of Lies,2009,128.0,98,6.629,400.05801112827857,781.29846912656,9.005231480387527e-05,1,0,0,0,0,0,1,0,0,0,0,0,0,0,0,1,0,0,0
Body Shots,1999,106.0,5,4.815,421.4665866346538,1376.8036016262,0.00026169580784340366,0,0,0,0,0,0,1,0,0,0,0,0,0,1,0,0,0,0,0
Bohemian Rhapsody,2019,135.0,120,7.964,858.3442769171019,1236.691839070006,0.00020360576709404157,0,0,0,0,0,0,1,0,0,0,0,1,0,0,0,0,0,0,0
Boiler Room,2000,118.0,34,6.708,760.1744685148715,894.0558128906649,0.00011020971630895969,0,0,0,0,1,0,1,0,0,0,0,0,0,0,0,1,0,0,0
Bomb the System,2005,93.0,4,6.9,1302.9646697388632,1439.6447467476703,0.00029287820866144023,1,0,0,0,0,0,1,0,0,0,0,0,0,0,0,0,0,0,0
Bombshell,2020,96.0,84,6.406,1916.0663072424904,-164.40679970060933,1.6547711546400308e-05,0,0,0,1,0,0,0,0,0,0,0,0,0,1,0,0,0,0,0
Bones,2001,96.0,9,4.8,1187.864357864358,1155.3130996863504,0.00017598577594244103,0,0,0,0,1,0,0,0,0,0,1,0,0,0,0,1,0,0,0
Bonjour Tristesse,2025,94.0,14,6.6,148.0,1428.2527899257161,0.0002869618334027197,0,0,0,0,0,0,1,0,0,0,0,0,0,1,0,0,0,0,0
Boogeyman,2005,89.0,19,4.96,1201.996927803379,1040.206028416693,0.00014319388764980312,0,0,0,0,0,0,1,0,0,0,1,0,1,0,0,1,0,0,0
Boogie Nights,1997,156.0,42,7.626,3197.907209612817,1106.4343542380145,0.00016123153710993136,0,0,0,0,0,0,1,0,0,0,0,0,0,0,0,0,0,0,0
Book Club,2018,72.0,84,0.0,513.4469979150562,70.64461992619408,2.5212012213146386e-05,0,0,0,0,0,1,0,0,0,0,0,0,0,0,0,0,0,0,0
Bottle Shock,2008,110.0,27,6.4,817.0274036228518,364.8730468376927,4.2708731973257985e-05,0,0,0,1,0,0,1,0,0,0,0,0,0,0,0,0,0,0,0
Bounce,2000,107.0,33,5.8,820.1114535870634,1337.130467803001,0.0002437424327143308,0,0,0,0,0,0,1,0,0,0,0,0,0,1,0,0,0,0,0
Bowfinger,1999,97.0,55,6.17,866.6168285496017,864.4085286491788,0.00010450915890070825,0,0,0,1,0,0,0,0,0,0,0,0,0,0,0,0,0,0,0
Bowling for Columbine,2002,120.0,59,7.515,2209.268482490272,1238.169739771891,0.00020414553195232302,0,0,0,0,0,1,1,0,0,0,0,0,0,0,0,0,0,0,0
Box of Moonlight,1997,112.0,7,6.7,5717.578104138852,1652.111975053882,0.0004285348714080855,0,0,0,1,0,0,1,0,0,0,0,0,0,0,0,0,0,0,0
Boy Culture,2007,88.0,67,6.35,187.2262421611192,765.2694197708448,8.750327551905201e-05,0,0,0,0,0,0,1,0,0,0,0,0,0,1,0,0,0,0,0
Boy Kills World,2024,110.0,35,6.8,83.66666666666667,385.6409319974224,4.4327583174633385e-05,1,0,0,0,1,0,0,0,0,0,0,0,0,0,0,1,0,0,0
Boyhood,2014,166.0,56,7.494,3222.4252329175283,849.8870388189845,0.00010182552559013775,0,0,0,0,0,0,1,0,0,0,0,0,0,0,0,0,0,0,0
Boys and Girls,2000,94.0,35,5.948,677.9175807631093,1005.2075211311221,0.00013449176919228472,0,0,0,1,0,0,1,0,0,0,0,0,0,1,0,0,0,0,0
Boys Life 3,2001,79.0,39,4.722,1712.2299651567946,641.7920194538704,7.013892780920442e-05,0,0,0,1,0,0,1,0,1,0,0,0,0,0,0,0,0,0,0
Brahms: The Boy II,2020,86.0,28,5.882,291.3470660342163,394.1647657229122,4.500964422900989e-05,0,0,0,0,0,0,0,0,0,0,1,0,1,0,0,1,0,0,0
Bran Nue Dae,2010,82.0,28,5.433,261.8584201218314,217.83675492482678,3.2818801407846494e-05,0,0,0,1,0,0,1,0,0,0,0,0,0,1,0,0,0,0,0
Branded,2012,106.0,27,4.8,96.51742160278744,198.44975368954954,3.169856959594293e-05,0,0,0,0,0,0,0,0,0,0,0,0,0,0,1,1,0,0,0
Bratz,2007,102.0,32,5.737,808.3568499758803,261.5863568482746,3.5494398820101966e-05,0,0,0,1,0,0,0,1,0,0,0,1,0,0,0,0,0,0,0
Brave the Dark,2025,110.0,21,6.339,124.6818181818182,1461.2343409313246,0.0003044273895829429,0,0,0,0,0,0,1,0,0,0,0,0,0,0,0,0,0,0,0
Breach,2007,110.0,35,6.619,965.479679208876,1007.3628908923976,0.00013501206514261437,0,0,0,0,1,0,1,0,0,1,0,0,0,0,0,1,0,0,0
Breakfast on Pluto,2006,128.0,97,7.2,520.8653353814644,2250.363208413862,0.0012514817301443138,0,0,0,1,0,0,1,0,0,0,0,0,0,0,0,0,0,0,0
Breakin' All the Rules,2004,85.0,14,6.0,891.918626635408,1075.5037456843052,0.0001525408065930734,0,0,0,1,0,0,0,0,0,0,0,0,0,1,0,0,0,0,0
Breaking and Entering,2007,129.0,43,6.03,3105.15873015873,693.7262073923646,7.697750387145028e-05,0,0,0,0,0,0,1,0,0,0,0,0,0,1,0,0,0,0,0
Breaking In,2018,94.0,63,5.5,547.7148799251547,-181.79081144209408,1.604032683123438e-05,1,1,0,1,1,0,0,0,0,0,0,0,0,0,0,0,0,0,0
Breakthrough,2019,91.0,84,7.0,320.1384632901492,50.26836292708822,2.430831294482856e-05,0,0,0,0,0,0,0,0,0,0,0,0,0,0,0,0,0,1,0
Brick Lane,2008,102.0,74,5.463,39.252206223873664,2148.5082223964846,0.0010427531833627336,0,0,0,0,0,0,1,0,0,0,0,0,0,0,0,0,0,0,0
Brick Mansions,2014,90.0,70,5.9,312.18769992154023,746.41866896889,8.459768158388237e-05,1,0,0,0,1,0,1,0,0,0,0,0,0,0,0,0,0,0,0
Bride & Prejudice,2005,112.0,11,6.445,3154.039938556068,1799.0556989764705,0.0005575811862765412,0,0,0,1,0,0,1,0,0,0,0,0,0,1,0,0,0,0,0
Bride of Chucky,1998,89.0,21,6.118,1041.778848962898,1326.8510865377048,0.00023929509787173322,0,0,0,1,0,0,0,0,0,0,1,0,0,0,0,0,0,0,0
Bride Wars,2009,89.0,112,6.251,404.09623709623713,797.8045966297849,9.275484784890075e-05,0,0,0,1,0,0,0,0,0,0,0,0,0,1,0,0,0,0,0
Brideshead Revisited,2008,133.0,49,6.273,1076.6912803207674,912.2272135905333,0.00011385633513166086,0,0,0,0,0,0,1,0,0,0,0,0,0,1,0,0,0,0,0
Bridesmaids,2011,125.0,120,6.5,929.2346969023268,1364.6127857873787,0.0002560426619023532,0,0,0,1,0,0,0,0,0,0,0,0,0,1,0,0,0,0,0
Bridget Jones's Diary,2001,97.0,89,6.7,834.5267504234896,1260.2557311462274,0.00021238446133583353,0,0,0,1,0,0,1,0,0,0,0,0,0,1,0,0,0,0,0
Bright Star,2009,119.0,84,6.605,240.4258878376525,370.9575048210468,4.317679228642313e-05,0,0,0,0,0,0,1,0,0,0,0,0,0,1,0,0,0,0,0
BrightBurn,2019,91.0,31,6.136,366.003128666406,1144.0496155250478,0.00017247041074209735,0,0,0,0,0,0,0,0,0,0,1,0,0,0,1,0,0,0,0
Brighton Rock,2011,92.0,11,6.816,1029.8799466429523,963.5770380672396,0.00012482663645042833,0,0,0,0,1,0,1,0,0,0,0,0,0,0,0,1,0,0,0
Bring Her Back,2025,104.0,42,7.42,482.1111111111111,1893.2767359990487,0.0006601032985845901,0,0,0,0,0,0,0,0,0,0,1,0,0,0,0,0,0,0,0
Bring Him to Me,2024,96.0,7,5.689,14.0,942.225567655995,0.00012014227848334069,1,0,0,0,1,0,0,0,0,0,0,0,0,0,0,1,0,0,0
Bring it On,2000,98.0,70,6.3,770.0989097448579,759.9141825937511,8.666783458571507e-05,0,0,0,1,0,0,0,0,0,0,0,0,0,0,0,0,0,0,0
Bring Them Down,2025,105.0,21,6.75,66.25,1340.1391737237939,0.0002450597064667323,0,0,0,0,0,0,1,0,0,0,0,0,0,0,0,1,0,0,0
Bring Your Own Brigade,2021,120.0,7,8.3,81.70384432842906,1390.4944319084366,0.00026819347415279007,0,0,0,0,0,1,0,0,0,0,0,0,0,0,0,0,0,0,0
Bringing Out The Dead,1999,121.0,28,6.596,581.5458491088743,1383.486310840242,0.00026484751412611963,0,0,0,0,0,0,1,0,0,0,0,0,0,0,0,0,0,0,0
Brokedown Palace,1999,100.0,14,6.428,701.5571228491398,1094.9701009986995,0.00015795407212656137,0,0,0,0,0,0,1,0,0,0,0,0,1,0,0,1,0,0,0
Broken City,2013,109.0,77,5.946,239.67415417200823,453.50762373056745,5.0058082904332244e-05,0,0,0,0,1,0,1,0,0,0,0,0,0,0,0,1,0,0,0
Broken English,2007,97.0,74,5.9,400.1205981669079,330.2869871330146,4.0142904042868496e-05,0,0,0,1,0,0,1,0,0,0,0,0,0,1,0,0,0,0,0
Broker,2023,23.0,46,0.0,839.1460729605586,-185.63480481202805,1.593025007125404e-05,1,0,0,0,1,0,1,0,0,0,0,0,0,0,0,1,0,0,0
Brooklyn Lobster,2006,94.0,88,5.7,1133.1858348611731,244.8933547927586,3.444868911671334e-05,0,0,0,1,0,0,1,0,0,0,0,0,0,0,0,0,0,0,0
Bros,2022,115.0,35,6.651,140.76861025699426,1029.625949037201,0.00014050545901579518,0,0,0,1,0,0,0,0,0,0,0,0,0,1,0,0,0,0,0
Brotherhood,2011,76.0,21,5.794,985.8747803256474,977.2152483710225,0.00012791390885108584,1,0,0,0,0,0,1,0,0,0,0,0,0,0,0,1,0,0,0
Brotherly Love,2015,107.0,35,5.9,191.12055455093432,-277.4843279142435,1.3513375205484293e-05,0,0,0,0,0,0,1,0,0,0,0,0,0,0,0,0,0,0,0
Brothers,2010,105.0,49,7.319,544.942456236574,933.7490847588163,0.0001183317197009325,0,0,0,0,0,0,1,0,0,0,0,0,0,0,0,1,0,1,0
Brown Sugar,2002,109.0,38,6.6,1409.8851926283833,588.907801783831,6.379920980849912e-05,0,0,0,1,0,0,0,0,0,0,0,0,0,1,0,0,0,0,0
Bruce Almighty,2003,101.0,49,6.722,2395.9636202307006,931.3380375713042,0.00011782172745202988,0,0,0,1,0,0,0,0,1,0,0,0,0,0,0,0,0,0,0
Bubble,2006,73.0,25,6.3,41.91964285714286,630.6615371645698,6.875426253921527e-05,0,0,0,0,1,0,1,0,0,0,0,0,1,0,0,0,0,0,0
Buck,2011,89.0,81,7.269,801.6362827923521,472.1255898919147,5.1755791693833377e-05,0,0,0,0,0,1,0,0,0,0,0,0,0,0,0,0,0,0,0
Buddy Games,2020,90.0,21,5.256,64.96356811658204,935.5773604185974,0.00011871991340899473,0,0,0,1,0,0,0,0,0,0,0,0,0,0,0,0,0,0,0
Buena Vista Social Club,1999,105.0,42,7.5,2354.169567827131,1149.1782932343071,0.00017406229259240376,0,0,0,0,0,1,0,0,0,0,0,1,0,0,0,0,0,0,0
Bug,2007,98.0,14,6.11,438.7306181517469,1306.9511580540889,0.00023091476041468806,0,0,0,0,0,0,1,0,0,0,1,0,0,0,0,1,0,0,0
Bullet to the Head,2013,92.0,42,5.623,199.67903126916,733.0166315552545,8.259080537574954e-05,1,0,0,0,1,0,0,0,0,0,0,0,0,0,0,1,0,0,0
Bullet Train,2022,126.0,77,7.421,418.1449458183316,469.8571502178699,5.154589851971987e-05,1,0,0,1,0,0,0,0,0,0,0,0,0,0,0,1,0,0,0
Bulletproof Monk,2003,104.0,23,5.5,643.0108695652174,899.7228692619325,0.00011133426433753981,1,0,0,1,0,0,0,0,1,0,0,0,0,0,0,0,0,0,0
Bullitt County,2018,98.0,21,4.9,139.17343687773797,892.2036541493877,0.00010984464975355683,1,0,0,0,0,0,1,0,0,0,0,0,0,0,0,1,0,0,0
Bully,2012,113.0,21,6.665,484.631968641115,1396.6403607630946,0.0002711625612354127,0,0,0,0,1,0,1,0,0,0,0,0,0,0,0,0,0,0,0
Bulworth,1998,108.0,32,6.3,994.9271472392638,763.7526577630244,8.726583976713056e-05,0,0,0,1,1,0,1,0,0,0,0,0,0,1,0,1,0,0,0
Bumblebee,2019,113.0,77,6.717,684.3045405410996,714.2726344653759,7.986360429050941e-05,1,1,0,0,0,0,0,0,0,0,0,0,0,0,1,0,0,0,0
Burden,2020,10.0,21,0.0,485.5249227202473,364.9799918903481,4.271691498595349e-05,1,0,0,0,0,0,0,0,0,0,0,0,0,0,1,0,0,0,0
Buried,2010,95.0,49,6.628,748.3133556035895,727.014568864159,8.170753478522474e-05,0,0,0,0,0,0,1,0,0,0,0,0,1,0,0,1,0,0,0
Burlesque,2011,119.0,75,7.205,522.0972031178359,763.087444054668,8.716190975748721e-05,0,0,0,0,0,0,1,0,0,0,0,0,0,1,0,0,0,0,0
Burnt,2016,100.0,105,6.515,157.94526709656876,1126.2830990071511,0.0001670676180964894,0,0,0,0,0,0,1,0,0,0,0,0,0,0,0,0,0,0,0
But I'm a Cheerleader,2000,85.0,42,7.041,690.7084785133567,555.3983582482936,6.008208772255588e-05,0,0,0,1,0,0,0,0,0,0,0,0,0,1,0,0,0,0,0
By the Sea,2015,14.0,28,5.5,771.6987643158529,905.588602067774,0.00011251032339077028,0,0,0,1,0,0,0,0,0,0,0,0,0,0,0,0,0,0,0
C.O.G.,2013,92.0,24,5.522,243.4379548423213,1271.5640696541695,0.00021673078581252415,0,0,0,1,0,0,1,0,0,0,0,0,0,0,0,0,0,0,0
Cabin Fever,2003,98.0,14,5.7,922.1106366459628,1453.2384074932297,0.0003000978626786677,0,0,0,0,0,0,0,0,0,0,1,0,0,0,0,0,0,0,0
Cabrini,2024,142.0,76,7.877,163.76119402985074,690.6627765523931,7.655621981415808e-05,0,0,0,0,0,0,1,0,0,1,0,0,0,0,0,0,0,0,0
Cadillac Records,2008,109.0,21,7.081,1198.5799940885868,1168.519507794146,0.00018019889698491878,0,0,0,0,0,0,1,0,0,1,0,1,0,0,0,0,0,0,0
Caged No More,2016,90.0,3,4.3,346.77791666666667,412.12337220183383,4.6481201166963923e-05,1,0,0,0,0,0,1,0,0,0,0,0,0,0,0,1,0,0,0
Cairo Time,2010,88.0,32,5.945,1264.3420449335167,802.8379751823566,9.35949844571947e-05,0,0,0,0,0,0,1,0,0,0,0,0,0,1,0,0,0,0,0
Cake,2015,95.0,28,4.8,316.6318565400844,748.8274846229474,8.496352364645769e-05,0,0,0,1,0,0,0,0,0,0,0,0,0,1,0,0,0,0,0
Call Jane,2022,121.0,27,6.467,37.37393235394602,777.3676315402838,8.94204181831333e-05,0,0,0,0,0,0,1,0,0,1,0,0,0,0,0,0,0,0,0
Call Me by Your Name,2017,132.0,1,8.1,51400.448796409626,4180.367186328778,0.03971586416921889,0,0,0,0,0,0,1,0,0,0,0,0,0,1,0,0,0,0,0
Callas Forever,2005,111.0,109,6.3,430.8099523557438,471.17946339385924,5.166814522601736e-05,0,0,0,0,0,0,1,0,0,0,0,0,0,1,0,0,0,0,0
Calling All Earthlings,2018,74.0,34,6.1,1009.6774193548388,997.7238686808465,0.00013270076879591484,0,0,0,0,0,1,0,0,0,0,0,0,0,0,0,0,0,0,0
Camp Hideout,2023,100.0,56,5.1,26.83664259927798,-283.90987679154864,1.3358717636740356e-05,0,0,0,1,0,0,0,1,0,0,0,0,0,0,0,0,0,0,0
Can't Hardly Wait,1998,100.0,25,6.22,1091.467484662577,1074.2547448199593,0.00015219988284483643,0,0,0,1,0,0,0,0,0,0,0,0,0,1,0,0,0,0,0
Canal Street,2019,95.0,28,7.022,329.93616961841445,657.0428713364996,7.208157326465118e-05,0,0,0,0,0,0,1,0,0,0,0,0,0,0,0,1,0,0,0
Candy,2007,116.0,46,7.1,91.60218253968254,928.4696292779624,0.00011721785492527535,0,0,0,0,0,0,1,0,0,0,0,0,0,1,0,0,0,0,0
Candyman,2021,100.0,77,6.641,306.3904742974511,799.3143708052686,9.300605401176396e-05,0,0,0,0,0,0,1,0,0,0,1,0,0,0,0,1,0,0,0
Capote,2006,114.0,109,6.98,1782.1607782898109,2898.6889604644502,0.003997797042569783,0,0,0,0,1,0,1,0,0,0,0,0,0,0,0,0,0,0,0
Captain Corelli's Mandolin,2001,131.0,21,5.963,1068.24473662983,1579.7776640266452,0.00037645251977980963,0,0,0,0,0,0,1,0,0,0,0,0,0,1,0,0,0,1,0
Captain Phillips,2014,134.0,120,7.538,585.0278969957081,1394.5075860099332,0.0002701285158949497,1,0,0,0,0,0,1,0,0,0,0,0,0,0,0,1,0,0,0
Captive,2015,92.0,21,5.3,236.96684749849305,456.33467548961755,5.031224009680917e-05,0,0,0,0,0,0,0,0,0,0,0,0,0,0,0,1,0,0,0
Captivity,2007,85.0,3,4.86,677.9401833092137,1300.7119933322447,0.00022834822285484972,0,0,0,0,1,0,0,0,0,0,1,0,0,0,0,1,0,0,0
Carlos,2011,339.0,95,7.0,239.66529115084825,-732.3623576261018,5.982319100045421e-06,0,0,0,0,1,0,1,0,0,1,0,0,0,0,0,1,0,0,0
Carman: The Champion,2001,90.0,10,4.1,873.0773574251835,1099.6908584290886,0.0001592955219209226,1,0,0,0,0,0,1,0,0,0,0,0,0,0,0,0,0,0,0
Carrie,2013,98.0,38,7.321,465.11644454483854,866.420523202597,0.00010488652101723329,0,0,0,0,0,0,0,0,0,0,1,0,0,0,0,1,0,0,0
Carrie Pilby,2017,98.0,13,6.832,404.1308100304428,1134.9780074411922,0.00016969025544721265,0,0,0,1,0,0,1,0,0,0,0,0,0,0,0,0,0,0,0
Carriers,2009,84.0,7,6.1,217.63036963036964,1617.5096262011684,0.0004027778735906887,1,0,0,0,0,0,1,0,0,0,1,0,0,0,1,1,0,0,0
Carter High,2015,110.0,47,6.6,439.9815064188886,266.746396927418,3.5824020632849685e-05,0,0,0,0,0,0,1,0,0,0,0,0,0,0,0,0,0,0,0
Casa de mi Padre,2012,84.0,63,5.342,392.8945439964604,-8.937436695564884,2.1862147339513276e-05,0,0,0,1,0,0,0,0,0,0,0,0,0,0,0,0,0,0,1
Case 39,2010,109.0,49,6.3,247.7781208769615,486.2697034565561,5.3083927857329306e-05,0,0,0,0,0,0,0,0,0,0,1,0,1,0,0,1,0,0,0
Casino Jack,2011,108.0,67,5.858,557.3055173467828,124.58748911784892,2.7769941231461733e-05,0,0,0,1,1,0,1,0,0,0,0,0,0,0,0,0,0,0,0
Casino Royale,2007,131.0,95,5.2,1737.4915674603174,295.27991376889986,3.770277786797941e-05,1,1,0,1,0,0,0,0,0,0,0,0,0,0,0,0,0,0,0
Cassandra's Dream,2008,108.0,32,6.264,798.855085926614,1058.0657641749538,0.00014784931656182244,0,0,0,0,1,0,1,0,0,0,0,0,0,0,0,1,0,0,0
Cast Away,2001,143.0,98,7.66,1667.2482545022497,1132.1231769115152,0.00016882464711239184,0,1,0,0,0,0,1,0,0,0,0,0,0,0,0,0,0,0,0
Catch and Release,2007,111.0,25,5.9,779.6419957273793,1067.176796092236,0.0001502822495083117,0,0,0,1,0,0,1,0,0,0,0,0,0,1,0,0,0,0,0
Catch That Kid,2004,92.0,14,5.582,682.2161797969104,1000.977581605863,0.00013347650350598104,1,1,0,0,0,0,0,1,0,0,0,0,0,0,0,0,0,0,0
Catch the Fair One,2022,85.0,14,6.316,141.15476597198497,952.6536424961662,0.00012240774202008076,0,0,0,0,0,0,0,0,0,0,0,0,1,0,0,1,0,0,0
Catfish,2010,87.0,77,6.819,1159.820468389932,1011.2038458374257,0.00013594424781200866,0,0,0,0,0,1,0,0,0,0,0,0,0,0,0,0,0,0,0
Cats,2020,120.0,56,7.272,279.1356372942525,74.63170122606255,2.539273326307886e-05,0,0,0,0,0,0,0,0,0,0,0,1,0,0,0,0,0,0,0
Cats & Dogs,2001,87.0,51,5.4,1269.7065118905364,525.3933866012552,5.6937868223160474e-05,1,1,0,1,0,0,0,1,1,0,0,0,0,0,0,0,0,0,0
Catwoman,2004,104.0,17,4.6,1167.183072276025,1290.0466645427055,0.0002240268281671423,1,0,0,0,1,0,0,0,1,0,0,0,0,0,0,0,0,0,0
Caught Stealing,2025,107.0,35,6.9,206.75,805.6116824034939,9.406120011668626e-05,0,0,0,1,1,0,0,0,0,0,0,0,0,0,0,1,0,0,0
Caught Up,1998,97.0,32,5.0,1218.3957055214723,514.7406947567672,5.58616074379159e-05,0,0,0,0,1,0,1,0,0,0,0,0,0,0,0,1,0,0,0
Cave of Forgotten Dreams,2011,90.0,67,7.1,1007.1483622350672,732.7078780851782,8.254513677599293e-05,0,0,0,0,0,1,0,0,0,0,0,0,0,0,0,0,0,0,0
Cavite,2006,80.0,4,5.273,2637.832341269841,1603.2750577257057,0.00039263692245425965,0,0,0,0,0,0,0,0,0,0,0,0,0,0,0,1,0,0,0
Celebrity,1998,113.0,3,5.962,2110.3496932515336,2033.540450084646,0.0008486660156848131,0,0,0,1,0,0,1,0,0,0,0,0,0,0,0,0,0,0,0
Cellular,2004,94.0,31,6.393,622.8571184617223,994.2197281154542,0.00013187036980930123,1,0,0,0,1,0,1,0,0,0,0,0,0,0,0,1,0,0,0
Center Stage,2000,115.0,35,6.879,611.4477527892162,769.3242109336754,8.814119418947117e-05,0,0,0,0,0,0,1,0,0,0,0,1,0,0,0,0,0,0,0
Centigrade,2020,20.0,7,4.0,59.95308015014351,667.9971947581224,7.351004697801663e-05,0,0,0,0,0,0,0,0,0,0,0,0,0,0,0,1,0,0,0
Central Intelligence,2016,107.0,77,6.416,813.0378246753246,772.5805833991687,8.865686742658698e-05,1,0,0,1,0,0,0,0,0,0,0,0,0,0,0,0,0,0,0
Centurion,2010,97.0,11,6.228,637.1939477303989,1671.791673082494,0.0004439120521551474,1,1,0,0,0,0,1,0,0,0,0,0,0,0,0,0,0,0,0
Cesar Chavez,2014,102.0,42,6.2,378.6325869595832,472.84130600708426,5.182219236078979e-05,0,0,0,0,0,0,1,0,0,0,0,0,0,0,0,0,0,0,0
Change of Plans,2010,90.0,11,6.7,1973.2920678587805,811.3262401126124,9.502905944277593e-05,0,0,0,1,0,0,1,1,0,0,0,0,0,0,0,0,1,0,0
Changeling,2009,141.0,77,7.58,1310.8046760485215,616.6015822311749,6.704416857638417e-05,0,0,0,0,1,0,1,0,0,0,0,0,1,0,0,0,0,0,0
Changing Lanes,2002,98.0,49,6.28,914.9864437158966,981.0058569761775,0.0001287854669423056,0,0,0,0,0,0,1,0,0,0,0,0,0,0,0,1,0,0,0
Chaos Walking,2021,109.0,70,6.563,116.6136687233033,162.20650004888773,2.9705884023198988e-05,0,1,0,0,0,0,0,0,1,0,0,0,0,0,1,0,0,0,0
Chappaquiddick,2018,107.0,118,6.088,240.8289491151216,1277.2940749387208,0.0002189669348640536,0,0,0,0,0,0,1,0,0,1,0,0,0,0,0,1,0,0,0
Chappie,2015,120.0,38,6.784,435.71852098600937,776.6134622132823,8.92996906100589e-05,1,0,0,0,1,0,0,0,0,0,0,0,0,0,1,0,0,0,0
Charlie Bartlett,2008,97.0,17,6.675,312.1362804294965,1451.948848082856,0.00029940539905627336,0,0,0,1,0,0,1,0,0,0,0,0,0,1,0,0,0,0,0
Charlie St. Cloud,2010,99.0,49,6.967,438.1513815980312,927.4496267743149,0.0001170038653905357,0,0,0,0,0,0,1,0,0,0,0,0,0,1,0,0,0,0,0
Charlie Wilson's War,2008,102.0,77,6.534,681.694502027353,806.2281177300565,9.416512800340587e-05,0,0,0,1,0,0,1,0,0,1,0,0,0,0,0,0,0,0,0
Charlie's Angels,2001,98.0,74,5.849,1541.6075847093878,532.5205526563782,5.766949187692387e-05,1,1,0,1,1,0,0,0,0,0,0,0,0,0,0,1,0,0,0
Charlotte's Web,2007,97.0,98,6.2,670.6311118197278,684.7052020454169,7.574352258299527e-05,0,0,0,1,0,0,0,1,1,0,0,0,0,0,0,0,0,0,0
Chasing Einstein,2019,82.0,21,8.0,404.00823137232993,793.9530876787267,9.21170773833444e-05,0,0,0,0,0,1,0,0,0,0,0,0,0,0,0,0,0,0,0
Chasing Liberty,2004,111.0,39,6.231,812.1477728200863,555.7277243243859,6.011754833704055e-05,0,0,0,1,0,0,0,0,0,0,0,0,0,1,0,0,0,0,0
Chasing Mavericks,2013,116.0,80,7.005,203.6169969512196,441.81949529492545,4.9020853793031576e-05,0,0,0,0,0,0,1,0,0,0,0,0,0,0,0,0,0,0,0
Chasing Papi,2003,80.0,5,6.76,2055.480072463768,1255.2211291435956,0.00021047757350701703,0,0,0,1,0,0,0,0,0,0,0,0,0,1,0,0,0,0,0
Cheaper by the Dozen,2004,98.0,54,6.281,1754.7802396878478,604.5908487042703,6.561704690566637e-05,0,0,0,1,0,0,1,1,0,0,0,0,0,0,0,0,0,0,0
Cheaper by the Dozen 2,2006,94.0,62,6.161,1374.912771560237,304.55924860112384,3.8334751698574394e-05,0,1,0,1,0,0,0,1,0,0,0,0,0,0,0,0,0,0,0
Chef,2014,114.0,120,7.113,1187.4142726376567,930.4075638128797,0.00011762549905371518,0,0,0,1,0,0,0,0,0,0,0,0,0,0,0,0,0,0,0
Chef Flynn,2018,83.0,0,6.3,27872.08283552369,1949.9179840148859,0.0007305983524237813,0,0,0,0,0,1,0,0,0,0,0,0,0,0,0,0,0,0,0
Chelsea on the Rocks,2009,88.0,17,5.6,720.4193061840122,1463.1686538584077,0.00030548410335574445,0,0,0,0,0,1,0,0,0,0,0,0,0,0,0,0,0,0,0
Chernobyl Diaries,2012,88.0,56,5.309,292.7857754141451,565.2814312947555,6.115528965354202e-05,0,0,0,0,0,0,0,0,0,0,1,0,0,0,0,1,0,0,0
Chi-raq,2016,127.0,56,5.7,449.6427064496685,451.41540514168804,4.9870815625646444e-05,0,0,0,1,1,0,1,0,0,0,0,0,0,0,0,0,0,0,0
Chicago,2003,113.0,119,7.122,2345.7522360907574,1570.1513786797495,0.00037001640246802416,0,0,0,1,1,0,1,0,0,0,0,0,0,0,0,0,0,0,0
Chicago 10,2008,110.0,88,5.765,377.9842080817464,74.8741432792699,2.5403764036497468e-05,0,0,1,0,0,1,0,0,0,1,0,0,0,0,0,0,0,1,0
Child 44,2015,137.0,28,6.279,165.3673899939723,719.1440771896919,8.05636028052404e-05,0,0,0,0,1,0,0,0,0,0,0,0,0,0,0,1,0,0,0
Children of Men,2007,109.0,58,7.611,2441.886117952928,833.4327068646508,9.886787977895314e-05,1,0,0,0,0,0,1,0,0,0,0,0,0,0,1,1,0,0,0
Chill Factor,1999,101.0,23,4.882,377.0312670522755,624.6709597531177,6.802036688760084e-05,1,0,0,1,0,0,0,0,0,0,0,0,0,0,0,1,0,0,0
CHiPS,2017,100.0,63,6.1,254.54795236638108,334.74881142749115,4.0465049713748336e-05,1,0,0,1,1,0,0,0,0,0,0,0,0,0,0,0,0,0,0
Chloe,2010,96.0,102,6.123,129.87849610270518,2442.3858538081977,0.0017652969653917713,0,0,0,0,0,0,1,0,0,0,0,0,1,0,0,1,0,0,0
Chocolat,2001,121.0,118,6.97,975.17131242741,1467.4413511344665,0.00030783129268175064,0,0,0,1,0,0,1,0,0,0,0,0,0,1,0,0,0,0,0
Chocolate City,2015,91.0,35,5.158,514.9123568414708,-49.37285784650612,2.0334529796743655e-05,0,0,0,0,0,0,1,0,0,0,0,0,0,0,0,0,0,0,0
Christmas Jars,2019,90.0,1,6.8,712.4208056315996,1240.5019855705482,0.00020500023647615276,0,0,0,1,0,0,1,0,0,0,0,0,0,1,0,0,1,0,0
Christmas with the Kranks,2004,99.0,33,6.148,1062.4134943933775,754.9252165073424,8.589671188824469e-05,0,0,0,1,0,0,0,1,0,0,0,0,0,0,0,0,0,0,0
Chronicle,2012,84.0,120,6.837,424.74842907769744,1325.3791263759967,0.00023866493670086832,0,0,0,0,0,0,1,0,0,0,0,0,0,0,1,1,0,0,0
Chrystal,2005,106.0,53,5.659,317.3271889400922,704.1710571597492,7.843138748199261e-05,0,0,0,0,0,0,1,0,0,0,0,0,0,0,0,0,0,0,0
Cinderella Man,2005,144.0,95,7.562,1194.2301784237268,892.6445879091551,0.00010993144941691658,0,0,0,0,0,0,1,0,0,1,0,0,0,1,0,0,0,0,0
Circle,2010,84.0,11,3.471,264.06235671710226,1012.5658042843119,0.00013627633249798879,0,0,0,0,0,0,0,0,0,0,1,0,0,0,0,1,0,0,0
Circo,2011,75.0,60,7.1,502.41440640284566,844.5115950147157,0.00010084969176342485,0,0,0,0,0,1,0,0,0,0,0,0,0,0,0,0,0,0,0
CitizenFour,2014,114.0,3,7.739,11135.941416701877,2464.8815980552117,0.0018378896065851305,0,0,0,0,0,1,0,0,0,0,0,0,0,0,0,0,0,0,0
City by the Sea,2002,108.0,31,5.775,638.2369835093571,886.0685733981172,0.00010864402004993365,0,0,0,0,1,0,1,0,0,0,0,0,1,0,0,0,0,0,0
City of Angels,1998,114.0,51,6.816,1195.4468904126068,644.2566208155778,7.044928308604622e-05,0,0,0,0,0,0,1,0,1,0,0,0,0,1,0,0,0,0,0
City of Ember,2008,90.0,70,6.35,179.85402428505077,516.2549818225737,5.601334918414399e-05,0,1,0,0,0,0,0,1,1,0,0,0,0,0,0,0,0,0,0
Civic Duty,2007,98.0,25,6.1,291.40858658948383,99.62141952654508,2.6555311795459062e-05,1,1,0,0,0,0,1,0,0,0,0,0,0,0,0,1,0,0,0
Civil War,2024,109.0,77,6.849,459.0,1946.6800587466696,0.0007263728260654705,1,0,0,0,0,0,1,0,0,0,0,0,0,0,0,0,0,1,0
Clash of the Titans,2010,118.0,112,6.9,720.8501012363413,604.3532931908604,6.55891289484982e-05,1,1,0,0,0,0,0,0,1,0,0,0,0,0,0,0,0,0,0
Clay Pigeons,1998,104.0,17,6.179,1139.9856850715746,1004.9750567658284,0.0001344357733325533,0,0,0,1,1,0,1,0,0,0,0,0,0,1,0,0,0,0,0
Clean,2022,111.0,14,6.4,129.74832023687503,1175.660640605657,0.00018251893093768157,0,0,0,0,0,0,1,0,0,0,0,0,0,0,0,0,0,0,0
Clemency,2020,112.0,63,6.3,733.580088273088,679.4749196836527,7.503715315493044e-05,0,0,0,0,0,0,1,0,0,0,0,0,0,0,0,0,0,0,0
Clerks II,2006,97.0,46,6.884,892.8965643274853,864.6508207728846,0.00010455453029761664,0,0,0,1,0,0,0,0,0,0,0,0,0,0,0,0,0,0,0
Clerks III,2022,100.0,76,6.011,266.1064898025876,388.20998086875085,4.453205826415711e-05,0,0,0,1,0,0,1,0,0,0,0,0,0,0,0,0,0,0,0
Click,2006,107.0,74,6.3,1535.7108000858002,748.9237201160882,8.497817235959219e-05,0,0,0,1,0,0,1,0,1,0,0,0,0,0,0,0,0,0,0
Clifford the Big Red Dog,2021,97.0,51,7.2,338.42123929675233,567.6893517094259,6.141965676052735e-05,0,1,0,1,0,0,0,1,1,0,0,0,0,0,0,0,0,0,0
Climates,2007,102.0,116,0.0,542.6264880952381,461.78450207635194,5.080583684110985e-05,0,0,0,0,0,0,1,0,0,0,0,0,0,0,0,0,0,0,0
Climax,2019,71.0,42,6.2,1306.3379704638992,777.1664925229171,8.938820385879568e-05,0,0,0,0,0,0,0,0,0,0,1,0,0,0,0,1,0,0,0
Clockstoppers,2002,94.0,31,5.305,798.2936880642503,527.4315358595434,5.7146137166830985e-05,0,1,0,0,0,0,0,1,0,0,0,0,0,0,1,1,0,0,0
Closer,2005,104.0,46,6.823,2794.465325569084,1197.117791335761,0.00018967126454302698,0,0,0,0,0,0,1,0,0,0,0,0,0,1,0,0,0,0,0
Cloud Atlas,2013,172.0,91,6.9,383.37017076999655,795.6154193575346,9.239180282770598e-05,0,0,0,0,0,0,1,0,0,0,0,0,0,0,1,0,0,0,0
Cloverfield,2008,84.0,84,6.702,528.1913940680778,672.4200803868628,7.409479436601821e-05,1,0,0,0,0,0,0,0,0,0,0,0,0,0,1,1,0,0,0
Clown in a Cornfield,2025,96.0,35,6.1,167.8181818181818,-200.92408006799815,1.54998525113537e-05,0,0,0,0,0,0,0,0,0,0,1,0,1,0,0,1,0,0,0
Coach Carter,2005,136.0,39,7.576,1329.3257058106892,1076.1507960876947,0.00015271772382017084,0,0,0,0,0,0,1,0,0,1,0,0,0,0,0,0,0,0,0
Cocaine Bear,2023,95.0,56,6.022,401.1642167446842,693.6511854517788,7.696715918857202e-05,0,0,0,1,1,0,0,0,0,0,0,0,0,0,0,1,0,0,0
Cocaine Cowboys,2006,118.0,60,7.251,223.57142857142856,654.3675560172453,7.173694316892021e-05,0,0,0,0,0,1,0,0,0,0,0,0,0,0,0,0,0,0,0
Code Black,2014,80.0,3,6.8,2785.3077031404027,2061.4717155091903,0.0008922104055841322,0,0,0,0,0,1,0,0,0,0,0,0,0,0,0,0,0,0,0
Code Name: The Cleaner,2007,84.0,15,5.165,611.5050651230101,886.3148942062337,0.00010869197097572897,1,0,0,1,1,0,0,0,0,0,0,0,0,0,0,0,0,0,0
Cold Mountain,2004,154.0,56,6.927,1215.378486464315,980.5203417998479,0.0001286735038042561,0,1,0,0,0,0,0,0,0,1,0,0,0,1,0,0,0,1,0
Cold Pursuit,2019,119.0,70,5.9,337.4352646972961,456.3085676303279,5.0309887058442504e-05,1,0,0,0,1,0,1,0,0,0,0,0,0,0,0,1,0,0,0
Cold Souls,2009,101.0,32,5.974,728.1445221445222,422.7385615577672,4.737355106282329e-05,0,0,0,1,0,0,1,0,1,0,0,0,0,0,1,0,0,0,0
Cold Weather,2011,96.0,18,6.2,801.6362827923521,620.9558939349441,6.756918113875748e-05,0,0,0,1,0,0,1,0,0,0,0,0,1,0,0,1,0,0,0
Collateral Beauty,2017,97.0,56,7.218,330.8158482142857,893.7761416113767,0.00011015451451231184,0,0,0,0,0,0,1,0,0,0,0,0,0,1,0,0,0,0,0
Collateral Damage,2002,108.0,21,5.766,1058.9091823499828,1176.5960788339746,0.00018282504354229335,1,0,0,0,0,0,1,0,0,0,0,0,0,0,0,1,0,0,0
College,2008,94.0,21,4.601,170.99285603698053,921.0248108290164,0.000115664934082613,0,0,0,1,0,0,0,0,0,0,0,0,0,0,0,0,0,0,0
Collide,2017,98.0,14,5.556,113.65565075479395,799.6432334258949,9.306086251125355e-05,1,0,0,0,0,0,0,0,0,0,0,0,0,0,0,1,0,0,0
Colombiana,2011,108.0,66,6.636,531.0283681636282,507.76933330622944,5.516831534825004e-05,1,0,0,0,1,0,1,0,0,0,0,0,0,0,0,1,0,0,0
Come Away,2020,94.0,21,5.839,27.586479723264887,1183.3294807202901,0.00018504368124292657,0,1,0,0,0,0,0,0,1,0,0,0,0,0,0,0,0,0,0
Come Away Home,2005,102.0,67,6.6,224.37275985663084,-850.6565260302871,4.839906056116659e-06,0,0,0,0,0,0,1,1,0,0,0,0,0,0,0,0,0,0,0
Come Back to Me,2014,90.0,7,5.709,146.40292111775003,684.3152666683025,7.569063171326518e-05,0,0,0,0,0,0,0,0,0,0,1,0,0,0,0,0,0,0,0
Come Out in Jesus Name,2023,100.0,30,0.0,793.0292090580899,180.6474765897733,3.070361605226363e-05,0,0,0,0,0,1,1,0,1,0,0,0,0,0,0,0,0,0,0
Come True,2021,105.0,14,5.898,54.1391130095449,470.5442539085454,5.160938451793762e-05,0,0,0,0,0,0,0,0,0,0,1,0,0,0,1,0,0,0,0
Conan the Barbarian,2011,129.0,49,6.8,310.7533506955472,302.11064927163795,3.816696695330527e-05,1,1,0,0,0,0,0,0,1,0,0,0,0,0,0,0,0,0,0
Concussion,2016,96.0,35,5.134,547.8915009041591,1071.0533074189614,0.00015132950301483436,0,0,0,0,0,0,1,0,0,0,0,0,0,0,0,0,0,0,0
Confetti,2021,100.0,28,5.4,107.0402889838106,925.2558774876479,0.00011654495450238452,0,0,0,1,0,0,0,0,0,0,0,0,0,1,0,0,0,0,0
Confidence,2003,97.0,21,6.3,549.5320910973085,555.9557076956996,6.014210601884397e-05,1,0,0,1,1,0,0,0,0,0,0,0,1,0,0,1,0,0,0
Conspiracy Theory,1997,135.0,56,6.62,995.7982866043614,440.43605193240097,4.889951533969446e-05,1,0,0,0,0,0,1,0,0,0,0,0,1,0,0,1,0,0,0
Constantine,2005,121.0,35,7.115,1172.4163557896277,943.5035719924379,0.00012041765041787681,1,0,0,0,0,0,0,0,1,0,1,0,0,0,0,0,0,0,0
Constantine's Sword,2008,93.0,39,5.8,1222.6335346028798,1036.6068176504175,0.00014227359348405606,0,0,0,0,0,1,0,0,0,0,0,0,0,0,0,0,0,0,0
Constellation,2007,96.0,1,4.8,412.1997105643994,1498.2450367062459,0.0003252954405588854,0,0,0,0,0,0,1,0,0,0,0,0,0,1,0,0,0,0,0
Contact,1997,150.0,63,7.439,1557.8029965880437,569.5571550429039,6.162551087621006e-05,0,0,0,0,0,0,1,0,0,0,0,0,1,0,1,0,0,0,0
Contagion,2011,106.0,98,6.645,458.532318218528,1030.087102935845,0.00014062158054065963,0,0,0,0,0,0,1,0,0,0,0,0,0,0,1,1,0,0,0
Contraband,2012,109.0,63,6.333,641.5885459875009,598.7655353045875,6.493586021778484e-05,1,0,0,0,1,0,1,0,0,0,0,0,0,0,0,1,0,0,0
Control,2008,121.0,104,7.529,271.02508441871686,1148.0335924673113,0.00017370572184734293,0,0,0,0,0,0,1,0,0,0,0,0,0,0,0,0,0,0,0
Cookie's Fortune,1999,118.0,70,6.334,579.8662131519275,756.473900899193,8.613534806565425e-05,0,0,0,1,0,0,1,0,0,0,0,0,0,0,0,0,0,0,0
Cool It,2010,87.0,43,6.4,107.73423754838296,257.9858765364994,3.526619932388833e-05,0,0,0,0,0,1,0,0,0,0,0,0,0,0,0,0,0,0,0
Cop Land,1997,104.0,42,6.8,980.7426197893489,1273.2449989113436,0.00021738439527761507,0,0,0,0,1,0,1,0,0,0,0,0,0,0,0,1,0,0,0
Cop Out,2010,107.0,84,5.557,376.1897665989826,327.0465855344754,3.991055442190162e-05,1,0,0,1,1,0,0,0,0,0,0,0,0,0,0,0,0,0,0
Copperhead,2013,90.0,45,5.1,413.7157217077028,78.31164901605746,2.5560682346167503e-05,1,0,0,0,0,0,0,0,0,0,1,0,0,0,0,0,1,0,1
CopShop,2021,108.0,35,6.296,104.54790908611508,486.20772788398864,5.307803462264016e-05,1,0,0,0,1,0,0,0,0,0,0,0,0,0,0,1,0,0,0
Copying Beethoven,2006,104.0,46,6.4,88.49702380952381,674.4218150913202,7.436096943062613e-05,0,0,0,0,0,0,1,0,0,0,0,0,0,0,0,0,0,0,0
CornerStore,2011,94.0,25,7.0,359.0662516674077,363.8258354894933,4.262868628126931e-05,0,0,0,1,0,0,1,0,0,0,0,0,0,0,0,0,0,0,0
Corpse Bride,2005,77.0,35,7.583,890.9659132470192,1263.765427492283,0.0002137239915489472,0,0,1,0,0,0,0,0,1,0,0,0,0,1,0,0,0,0,0
Cosmopolis,2012,109.0,3,5.7,10654.178281068524,2439.843668983869,0.0017572759267048476,0,0,0,0,0,0,1,0,0,0,0,0,0,0,0,0,0,0,0
Countdown,2020,101.0,77,5.709,277.6645808890627,-455.05544112448683,9.831365445694833e-06,0,0,0,0,0,0,0,0,0,0,0,0,0,0,1,1,0,0,0
Countdown to Zero,2010,91.0,46,6.4,124.85557083906464,801.6784431303256,9.340077132052317e-05,0,0,0,0,0,1,0,0,0,0,0,0,0,0,0,0,0,0,0
Country Strong,2011,117.0,54,6.118,2220.2658481498465,328.9891209581183,4.004967994763671e-05,0,0,0,0,0,0,1,0,0,0,0,1,0,1,0,0,0,0,0
Coup!,2024,90.0,21,0.0,43.66666666666666,647.6509309654465,7.087896136520997e-05,0,0,0,0,0,0,1,0,0,0,0,0,0,0,0,0,0,0,0
Couples Retreat,2010,113.0,119,5.555,577.3066149536738,933.329016554622,0.00011824270702910234,0,0,0,1,0,0,0,0,0,0,0,0,0,1,0,0,0,0,0
Courageous,2012,129.0,115,7.6,524.350716720659,953.2536432514524,0.00012253938216487948,0,0,0,0,0,0,1,0,0,0,0,0,0,0,0,0,0,0,0
Crack House of the Dead,2021,86.0,7,2.0,61.56673522122028,1084.7858916190735,0.0001550984761063832,1,0,0,0,0,0,0,0,0,0,1,0,0,0,0,0,0,0,0
Cradle 2 the Grave,2003,101.0,21,6.109,1075.5972826086954,1229.6859463457645,0.00020106640069052513,1,0,0,0,1,0,1,0,0,0,0,0,0,0,0,0,0,0,0
Crank,2006,88.0,21,6.647,764.1647770219199,1141.7252209736437,0.00017175374801212497,1,0,0,0,1,0,0,0,0,0,0,0,0,0,0,1,0,0,0
Crash,2005,100.0,60,6.458,1088.0846035684744,626.6878221613088,6.826657042133103e-05,0,0,0,0,0,0,1,0,0,0,0,0,0,0,0,1,0,0,0
Crawl,2019,80.0,56,5.2,387.3925035506247,252.58946130483253,3.4926917374610234e-05,0,0,0,0,1,0,0,0,0,0,0,0,0,0,0,1,0,0,0
Crazy in Alabama,1999,111.0,10,6.0,282.5172569027611,1284.6333726150478,0.0002218648482206025,0,0,0,1,0,0,1,0,0,0,0,0,0,0,0,0,0,0,0
Crazy Love,2007,92.0,95,6.447,424.27882296189097,619.0796418389308,6.734245351462888e-05,0,0,0,0,0,1,0,0,0,0,0,0,0,1,0,0,0,0,0
Crazy on the Outside,2010,96.0,7,5.204,244.7907250933386,516.0169129796153,5.598946580660928e-05,0,0,0,1,1,0,0,0,0,0,0,0,0,1,0,0,0,0,0
Crazy Rich Asians,2018,121.0,120,7.063,641.3736891012876,1356.3190188048602,0.00025226662581009484,0,0,0,1,0,0,0,0,0,0,0,0,0,1,0,0,0,0,0
Creed,2016,133.0,100,7.408,631.2957764130844,1179.6255427205945,0.00018381993271303574,1,0,0,0,0,0,1,0,0,0,0,0,0,0,0,0,0,0,0
Creed II,2019,130.0,120,7.035,448.0553004795429,1433.6980089261547,0.0002897747291948181,1,0,0,0,0,0,1,0,0,0,0,0,0,0,0,0,0,0,0
Crime after Crime,2011,95.0,4,5.7,1273.4326367274343,1814.3937853647576,0.0005731141275650641,0,0,0,0,1,1,0,0,0,0,0,0,0,0,0,0,0,0,0
Crimes of the Future,2022,63.0,21,4.835,230.77683960499127,856.2872217760507,0.00010299970737851073,0,0,0,0,0,0,0,0,0,0,1,0,0,0,1,0,0,0,0
Criminal,2016,87.0,42,6.211,238.04146825396825,233.20087703599233,3.373463179671457e-05,1,0,0,1,0,0,0,0,0,0,0,0,0,0,0,1,0,0,0
Crimson Peak,2015,119.0,42,6.66,413.1256010205082,894.9401868210329,0.00011038445703233231,0,0,0,0,0,0,0,0,0,0,1,0,1,1,0,0,0,0,0
Crisis,2021,96.0,18,6.6,128.00703308659246,949.8222429983371,0.0001217884388000727,0,0,0,0,1,0,1,0,0,0,0,0,0,0,0,1,0,0,0
Crooked Arrows,2012,105.0,63,6.2,380.7119351805763,583.4680498048681,6.318051808646421e-05,0,0,0,0,0,0,1,0,0,0,0,0,0,0,0,0,0,0,0
Crossing Over,2009,113.0,21,6.123,2008.4948384948384,1187.5142186461162,0.00018643608647818957,0,0,0,0,1,0,1,0,0,0,0,0,0,0,0,0,0,0,0
Crossover,2006,95.0,4,3.434,1382.5719246031747,1407.4636954121545,0.0002764714317226556,1,1,0,0,0,0,1,0,0,0,0,0,0,0,0,0,0,0,0
Crossroads,2002,99.0,24,7.4,1276.596062139785,635.2197671524985,6.93179838624544e-05,0,0,0,0,0,0,1,0,0,0,0,1,1,1,0,0,0,0,0
Cruel Intentions,1999,98.0,35,6.799,896.7337844228601,1335.1910248484223,0.0002428970600994037,0,0,0,0,0,0,1,0,0,0,0,0,0,1,0,0,0,0,0
Crutch,2004,88.0,14,4.7,1679.4486878923087,1114.0575263433961,0.00016344845060685138,0,0,0,0,0,0,1,0,0,0,0,0,0,1,0,0,0,0,0
Cry Macho,2021,104.0,49,5.958,118.86258767072722,791.7184052967607,9.174904909398317e-05,0,0,0,0,0,0,1,0,0,0,0,0,0,0,0,0,0,0,1
Cthulhu,2008,100.0,11,5.031,321.28657686948446,1355.650946531472,0.0002519648964029877,0,0,0,0,0,0,0,0,0,0,1,0,0,0,0,1,0,0,0
Cuckoo,2024,89.0,28,4.5,267.27777777777777,467.509690407953,5.132958996921956e-05,0,0,0,0,0,0,1,0,0,0,0,0,0,0,0,1,0,0,0
Curious George,2006,87.0,35,6.5,966.69237012987,764.760606659253,8.742355338082519e-05,0,1,1,1,0,0,0,1,0,0,0,0,0,0,0,0,0,0,0
Cursed,2005,97.0,15,5.4,647.6893667861409,1125.1772270176416,0.00016673697361893906,0,0,0,1,0,0,0,0,0,0,1,0,0,0,0,0,0,0,0
Cut Sleeve Boys,2007,86.0,25,4.688,549.5996140858659,927.3391784884129,0.000116980717550475,0,0,0,1,0,0,1,0,0,0,0,0,0,0,0,0,0,0,0
Cut Throat City,2020,123.0,78,6.414,393.0641421947449,421.62456246006974,4.72791054577232e-05,1,0,0,0,1,0,1,0,0,0,0,0,0,0,0,1,0,0,0
Daddy Day Camp,2007,89.0,27,4.9,356.8371120758964,839.6820178312029,9.998093022338366e-05,0,0,0,1,0,0,0,1,0,0,0,0,0,0,0,0,0,0,0
Daddy Day Care,2003,92.0,42,5.9,1193.1504917184266,789.5026495672747,9.1385589566409e-05,0,0,0,1,0,0,0,1,0,0,0,0,0,0,0,0,0,0,0
Daddy Long Legs,2010,126.0,18,6.364,357.3452544704264,456.2940614659374,5.0308579700405585e-05,0,0,0,0,0,0,0,0,0,0,0,1,0,1,0,0,0,0,0
Daddy's Little Girls,2007,100.0,23,6.912,966.2534973468404,735.8020390283175,8.300394671764043e-05,0,0,0,1,0,0,1,0,0,0,0,0,0,1,0,0,0,0,0
Dance Flick,2009,83.0,63,4.943,427.987863987864,35.81805357631845,2.3687133352902358e-05,1,0,0,1,0,0,0,0,0,0,0,1,0,0,0,0,0,0,0
Dance With Me,1998,126.0,14,6.867,964.2375109553026,1155.0334806406422,0.00017589764471955473,0,0,0,0,0,0,1,0,0,0,0,1,0,1,0,0,0,0,0
Dancer in the Dark,2000,140.0,61,7.861,833.4883255236496,761.803895873624,8.696172364021732e-05,0,0,0,0,1,0,1,0,0,0,0,0,0,0,0,0,0,0,0
Dancing Across Borders,2010,88.0,67,5.2,186.5657955066484,560.7686052890382,6.066288453225154e-05,0,0,0,0,0,1,0,0,0,0,0,0,0,0,0,0,0,0,0
Dandelion,2024,93.0,7,6.2,33.666666666666664,1230.2344225512218,0.00020126405437566794,0,0,0,0,0,0,1,0,0,0,0,0,0,1,0,0,0,0,0
Dangerous Animals,2025,98.0,7,6.4,177.33333333333334,1401.306105050438,0.0002734385029792338,0,0,0,0,0,0,0,0,0,0,1,0,0,0,0,1,0,0,0
Dare,2009,91.0,10,5.651,999.5571095571096,1529.0548516211634,0.00034375415384368995,0,0,0,0,0,0,1,0,0,0,0,0,0,1,0,0,0,0,0
Daredevil,2003,103.0,102,5.284,1406.0428743961352,789.4724209722324,9.138064101406394e-05,1,0,0,0,0,0,0,0,1,0,0,0,0,0,0,0,0,0,0
Dark Blue,2003,118.0,10,6.236,609.1781400966182,1420.8964865867804,0.00028320502054416665,0,0,0,0,1,0,0,0,0,0,0,0,0,0,0,1,0,0,0
Dark City,1998,100.0,19,7.329,761.9985564778058,837.4831676867418,9.958787643870096e-05,0,0,0,0,0,0,0,0,0,0,0,0,1,0,1,0,0,0,0
Dark Phoenix,2019,114.0,70,5.963,472.86107729678815,354.43524510356264,4.19175689180994e-05,1,1,0,0,0,0,0,0,0,0,0,0,0,0,1,0,0,0,0
Dark Shadows,2012,113.0,98,6.097,512.9226498433815,776.1882863352494,8.923170023518662e-05,0,0,0,1,0,0,0,0,1,0,0,0,0,0,0,0,0,0,0
Dark Skies,2013,97.0,91,6.323,255.06013693030857,485.06830524855366,5.296980384870997e-05,0,0,0,0,0,0,0,0,0,0,1,0,0,0,1,1,0,0,0
Dark State,2021,93.0,12,0.0,84.24849267872526,574.0361873953063,6.212196884170944e-05,0,0,0,0,1,0,1,0,0,0,0,0,1,0,0,1,0,0,0
Darkness,2005,88.0,59,5.6,1176.060186504866,396.82119781249804,4.522434435741014e-05,0,0,0,0,0,0,0,0,0,0,1,0,0,0,0,0,0,0,0
Darkness Falls,2003,86.0,17,5.583,971.1205242966752,1107.1792464743903,0.00016144682890736293,0,0,0,0,0,0,0,0,0,0,1,0,0,0,0,1,0,0,0
Date Movie,2006,83.0,102,4.273,703.8639532389533,586.5817451843475,6.353391710530744e-05,0,0,0,1,0,0,0,0,0,0,0,0,0,1,0,0,0,0,0
Date Night,2010,88.0,120,6.106,547.1520327067095,1092.9766124387281,0.0001573910005736929,1,1,0,1,0,0,0,0,0,0,0,0,0,0,0,0,0,0,0
Dating & New York,2021,91.0,7,4.6,85.50018456995203,1023.8052123123502,0.00013904797732577334,0,0,0,1,0,0,0,0,0,0,0,0,0,1,0,0,0,0,0
Dawn of the Dead,2004,127.0,20,7.487,1634.9237691900478,1053.8653626353891,0.0001467409805375188,0,0,0,0,0,0,0,0,0,0,1,0,0,0,1,0,0,0,0
Day Night Day Night,2007,91.0,20,5.8,400.1205981669079,810.2624186428021,9.484813149019387e-05,0,0,0,0,0,0,1,0,0,0,0,0,0,0,0,1,0,0,0
Day Zero,2008,92.0,4,4.9,1257.5243845796565,1791.7906081574642,0.0005503714337571176,0,0,0,0,0,0,1,0,0,0,0,0,0,0,0,0,0,0,0
Daybreakers,2010,98.0,35,6.279,594.8783651011986,689.2114283234141,7.635743559507032e-05,1,0,0,0,0,0,0,0,1,0,0,0,0,0,1,0,0,0,0
Daylight,2011,115.0,42,6.1,186.7115209098781,767.3143887345371,8.782442040617327e-05,1,1,0,0,0,0,0,0,0,0,0,0,0,0,0,1,0,0,0
De Palma,2016,108.0,3,7.048,4398.519444444444,2994.0918940200363,0.004742900863889111,0,0,0,0,0,1,0,0,0,0,0,0,0,0,0,0,0,0,0
Dead Man Down,2013,118.0,42,6.161,222.0041896586961,516.4745855397525,5.603538914928483e-05,1,0,0,0,1,0,1,0,0,0,0,0,0,0,0,1,0,0,0
Dead Man on Campus,1998,96.0,12,5.474,917.8773006134968,1153.5218987721962,0.00017542198314007742,0,0,0,1,0,0,0,0,0,0,0,0,0,0,0,0,0,0,0
Dead Man's Burden,2013,93.0,14,5.6,2329.3648068669527,1256.3743681545861,0.00021091285287891715,0,0,0,0,0,0,1,0,0,0,0,0,0,0,0,0,0,0,1
Dead Man's Shoes,2006,90.0,18,7.111,170.78373015873015,1261.3094109472775,0.00021278573031376704,0,0,0,0,1,0,1,0,0,0,0,0,0,0,0,1,0,0,0
Dead of Winter,2025,100.0,28,5.978,150.4,-294.6130824168947,1.3105020245431991e-05,0,0,0,0,0,0,0,0,0,0,1,0,0,0,0,1,0,0,0
Dead Silence,2007,89.0,15,6.45,834.7673259366458,1511.404200801347,0.00033305486456081167,0,0,0,0,0,0,0,0,0,0,1,0,0,0,0,0,0,0,0
Deadpool,2016,108.0,119,7.623,1279.050590277778,1305.4905612341738,0.00023031135633087398,1,1,0,1,0,0,0,0,0,0,0,0,0,0,0,0,0,0,0
Deadpool 2,2018,120.0,120,7.489,974.4144277575364,1241.7251915641175,0.00020544993775445646,1,1,0,1,0,0,0,0,0,0,0,0,0,0,0,0,0,0,0
Deal,2008,85.0,14,5.315,127.72543295070004,1115.0476041038946,0.0001637386052712163,0,0,0,1,0,0,1,0,0,0,0,0,0,0,0,0,0,0,0
Dean,2017,94.0,28,5.9,392.50422568048026,805.6699966624905,9.407102669247608e-05,0,0,0,1,0,0,0,0,0,0,0,0,0,1,0,0,0,0,0
Dear Evan Hansen,2021,137.0,56,6.264,127.80432994631283,579.4072391646259,6.272257503466466e-05,0,0,0,0,0,0,1,0,0,0,0,0,0,0,0,0,0,0,0
Dear Frankie,2005,105.0,88,7.0,174.69022017409114,832.1601763457098,9.864275528210205e-05,0,0,0,0,0,0,1,1,0,0,0,0,0,0,0,0,0,0,0
Dear John,2010,108.0,80,6.847,738.7527128228642,948.2349843862075,0.00012144263424761024,0,0,0,0,0,0,1,0,0,0,0,0,0,1,0,0,0,1,0
Dear Wendy,2006,105.0,116,5.8,128.21300563236048,765.0965259781268,8.747617792672574e-05,0,0,0,1,1,0,1,0,0,0,0,0,0,1,0,0,0,0,0
Dear White People,2014,108.0,31,6.1,820.7379242360231,1558.004334248125,0.0003620517061286964,0,0,0,0,0,0,1,0,0,0,0,0,0,1,0,0,0,0,0
Death at a Funeral,2010,91.0,81,6.902,607.1247352677889,523.286920175678,5.672341586049052e-05,0,0,0,1,0,0,1,0,0,0,0,0,0,0,0,0,0,0,0
Death of a Unicorn,2025,107.0,24,6.439,335.61538461538464,1852.101272284293,0.0006131651579095869,0,0,0,1,0,0,0,0,1,0,1,0,0,0,0,0,0,0,0
Death on the Nile,2022,140.0,77,7.136,234.51762108748784,133.39392725858943,2.8211511369831362e-05,0,0,0,0,0,0,0,0,0,0,0,0,1,0,0,0,0,0,0
Death Race,2008,105.0,56,6.288,434.9933647402296,484.28825566454583,5.28958362673943e-05,1,0,0,0,0,0,0,0,0,0,0,0,0,0,1,1,0,0,0
Death Sentence,2007,105.0,35,6.775,279.2431948177245,642.2866820796281,7.020110840878332e-05,1,0,0,0,1,0,1,0,0,0,0,0,0,0,0,1,0,0,0
Death to Smoochy,2002,109.0,10,5.9,587.8971650917176,1387.2441750779253,0.00026663644623675686,0,0,0,1,1,0,1,0,0,0,0,0,0,0,0,1,0,0,0
Death Wish,2018,93.0,91,6.887,289.670986122599,533.4804030735462,5.776873887146039e-05,1,0,0,0,1,0,1,0,0,0,0,0,0,0,0,0,0,0,0
Deception,2008,107.0,32,5.941,187.83910181462915,497.2685429074142,5.414023380028441e-05,0,0,0,0,0,0,0,0,0,0,0,0,1,0,0,1,0,0,0
Decibel,2022,76.0,25,0.0,265.19986334130505,-0.05583430120373123,2.22127683254323e-05,0,0,0,0,0,0,0,0,0,0,1,1,0,0,1,1,0,0,0
Deck the Halls,2007,93.0,72,5.608,318.75316909171084,199.79274130191357,3.177492300708768e-05,0,0,0,1,0,0,0,1,0,0,0,0,0,0,0,0,0,0,0
Decoding Annie Parker,2014,91.0,9,5.988,513.7325728770596,1857.1776739359389,0.0006187666522863593,0,0,0,0,0,0,1,0,0,0,0,0,0,0,0,0,0,0,0
Deep Blue,2005,83.0,32,6.825,934.352278545827,1416.6568849065943,0.00028106226763641666,0,0,0,0,0,1,0,0,0,0,0,0,0,0,0,0,0,0,0
Deep Blue Sea,1999,105.0,65,6.0,870.3316326530613,519.1799585355518,5.630761953745117e-05,1,0,0,0,0,0,0,0,0,0,1,0,0,0,1,0,0,0,0
Deep Impact,1998,121.0,45,6.232,1749.471574642127,735.7320071624622,8.299353406346057e-05,1,0,0,0,0,0,1,0,0,0,0,0,0,0,1,0,0,0,0
Deep Water,2007,92.0,11,7.3,3712.817173178968,1435.6845937752355,0.0002908078114054507,1,1,0,0,0,1,1,0,0,0,0,0,0,0,0,0,0,0,0
Deepwater Horizon,2016,107.0,77,6.885,426.44577991453,778.935823289663,8.967197742421963e-05,1,0,0,0,0,0,1,0,0,0,0,0,0,0,0,0,0,0,0
Defiance,2009,137.0,120,6.8,2389.8172704753056,1304.8293180829396,0.00023003870125380528,1,0,0,0,0,0,1,0,0,1,0,0,0,0,0,0,0,1,0
Delgo,2008,94.0,1,4.5,87.22712494194148,453.17803343508245,5.002853581727631e-05,0,1,1,0,0,0,0,1,1,0,0,0,0,0,1,0,0,0,0
Deliver Us from Evil,2014,101.0,40,7.11,534.2289818335446,1122.138166580372,0.00016583169170733493,0,0,0,0,1,1,0,0,0,0,0,0,0,0,0,0,0,0,0
Delta Farce,2007,90.0,25,4.8,310.3219336329245,428.76066833164657,4.788738565490526e-05,1,1,0,1,0,0,0,0,0,0,0,0,0,0,0,0,0,0,0
Demon,2016,77.0,56,2.25,301.3556547619048,-413.66396628931807,1.0588058450573906e-05,0,0,0,0,0,0,0,0,0,0,1,0,0,0,0,0,0,0,0
Demonic,2021,84.0,14,5.306,65.69319200548436,310.96372204532906,3.8777099676857925e-05,0,0,0,0,0,0,0,0,0,0,1,0,0,0,0,1,0,0,0
Den of Thieves,2018,140.0,63,6.853,498.8982850457985,47.41229911680773,2.4184260182492383e-05,1,0,0,0,1,0,0,0,0,0,0,0,0,0,0,1,0,0,0
Den of Thieves 2: Pantera,2025,131.0,42,6.6,363.4054054054054,350.3274095938988,4.161023788608084e-05,1,0,0,0,1,0,0,0,0,0,0,0,0,0,0,1,0,0,0
Derailed,2006,108.0,67,6.385,780.9102621277439,590.5286312719782,6.398472416727144e-05,0,0,0,0,0,0,1,0,0,0,0,0,0,0,0,1,0,0,0
Desert Dancer,2015,98.0,49,6.9,202.14414879876,379.34727180595604,4.383061833535491e-05,0,0,0,0,0,0,1,0,0,0,0,1,0,0,0,0,0,0,0
Desierto,2016,88.0,35,6.2,716.8817857142858,671.057575199914,7.391416423261396e-05,0,0,0,0,0,0,1,0,0,0,0,0,0,0,0,1,0,0,0
Desolation Center,2019,93.0,80,9.3,169.61446297152204,323.8800125359786,3.968479790278734e-05,0,0,0,0,0,1,0,0,0,0,0,1,0,0,0,0,0,0,0
Desperate Measures,1998,100.0,14,6.013,783.5972830850131,1138.8212684673076,0.0001708625774462233,1,0,0,0,1,0,1,0,0,0,0,0,0,0,0,1,0,0,0
Despicable Me,2010,95.0,120,7.254,1002.1931835549444,1125.1525974535684,0.00016672961708393786,0,0,1,1,0,0,0,1,0,0,0,0,0,0,1,0,0,0,0
Despicable Me 2,2013,98.0,120,6.937,1240.6039341917026,1246.8825593652668,0.00020735687377001173,0,0,1,1,0,0,0,1,0,0,0,0,0,0,0,0,0,0,0
Despicable Me 3,2017,90.0,120,6.5,783.6108048325697,999.2710040051808,0.00013306906560910304,1,1,1,1,0,0,0,1,0,0,0,0,0,0,0,0,0,0,0
Despicable Me 4,2024,94.0,100,7.014,940.7777777777778,447.4903158236304,4.9521382317112406e-05,0,0,1,1,0,0,0,1,0,0,0,0,0,0,1,0,0,0,0
Detroit Rock City,1999,95.0,14,6.729,315.6302521008404,1034.4627796123916,0.00014172819079882139,0,1,0,1,0,0,0,0,0,0,0,1,0,0,0,0,0,0,0
Deuces Wild,2002,96.0,14,5.566,432.3540856031128,1046.6697954558038,0.00014486160039630167,1,0,0,0,1,0,1,0,0,0,0,0,0,0,0,0,0,0,0
Devil,2010,80.0,63,6.1,392.6082399947599,518.0632419744188,5.619508909101665e-05,0,0,0,0,0,0,0,0,0,0,1,0,1,0,0,1,0,0,0
Devil's Due,2014,89.0,49,4.648,289.83730374278986,583.7281849002591,6.320996756259267e-05,0,0,0,0,0,0,0,0,0,0,1,0,0,0,0,0,0,0,0
Devotion,2023,107.0,51,6.0,199.992498625986,230.02101677221845,3.35430113354314e-05,0,0,0,0,0,0,1,0,0,0,0,0,0,0,0,0,0,0,0
Diana,2013,113.0,28,5.6,241.8025751072961,1233.8672295905876,0.00020257811898593354,0,0,0,0,0,0,1,0,0,0,0,0,0,1,0,0,0,0,0
Diane,2019,110.0,56,5.8,406.376264037097,-215.6679913188807,1.5095824220482642e-05,0,0,0,0,0,0,1,0,0,1,0,0,0,1,0,0,0,0,0
Diary of a Mad Black Woman,2005,116.0,27,6.52,1869.1794200754773,612.3005942687987,6.652959026540524e-05,0,0,0,1,0,0,1,0,0,0,0,0,0,1,0,0,0,0,0
Diary of a Wimpy Kid,2010,92.0,119,6.3,411.1562809442897,975.4300200023276,0.00012750548459218664,0,0,0,1,0,0,0,1,0,0,0,0,0,0,0,0,0,0,0
Diary of the Dead,2008,96.0,27,5.579,842.6571020625829,923.954688352253,0.00011627360933656884,0,0,0,0,0,0,0,0,1,0,1,0,0,0,1,1,0,0,0
Dick,1999,94.0,16,5.941,467.1045918367347,1403.6201326141745,0.00027457435801494704,0,1,0,1,0,0,0,0,0,0,0,0,0,0,0,0,0,0,0
Dicks: The Musical,2023,86.0,56,4.311,641.1598984333166,1150.4987352098583,0.0001744745154027084,0,0,0,1,0,0,0,0,0,0,0,1,0,0,0,0,0,0,0
Die Another Day,2003,133.0,47,5.995,1961.9905115244903,713.0161836037983,7.968404826033822e-05,1,1,0,0,0,0,0,0,0,0,0,0,0,0,0,1,0,0,0
Digimon: The Movie,2000,89.0,31,6.497,401.8024906439542,358.6895620870637,4.223825207899204e-05,0,0,1,0,0,0,0,1,1,0,0,0,0,0,1,0,0,0,0
Dinner for Schmucks,2010,114.0,77,5.726,597.2901147454105,565.7523698436657,6.120690462875031e-05,0,0,0,1,0,0,0,0,0,0,0,0,0,0,0,0,0,0,0
Dinosaur 13,2014,95.0,1,6.859,236.70046472327843,1829.9826169517928,0.0005893444474339577,0,0,0,0,0,1,0,0,0,0,0,0,0,0,0,0,0,0,0
Dirty Girl,2011,90.0,4,5.99,798.5048910626945,1742.2596933333434,0.0005036408228702116,0,0,0,1,0,0,1,0,0,0,0,0,0,0,0,0,0,0,0
Dirty Grandpa,2016,102.0,56,5.935,396.0548245614035,449.0044567599182,4.965588855922742e-05,0,0,0,1,0,0,0,0,0,0,0,0,0,0,0,0,0,0,0
Dirty Work,1998,82.0,14,6.214,680.2905744562186,1249.385873390159,0.00020828884427192903,0,0,0,1,0,0,0,0,0,0,0,0,0,0,0,0,0,0,0
Disaster Movie,2008,87.0,17,3.2,409.6254200704898,962.8369248790585,0.000124661245483384,0,0,0,1,0,0,0,0,0,0,0,0,0,0,1,0,0,0,0
Disciples in the Moonlight,2024,126.0,13,4.5,183.75,457.602924322675,5.042667692534477e-05,0,0,0,0,0,0,1,0,0,0,0,0,0,0,0,1,0,0,0
District 9,2009,112.0,49,7.456,1171.1479948622807,1105.604105985847,0.00016099191367720264,0,0,0,0,0,0,0,0,0,0,0,0,0,0,1,0,0,0,0
Disturbia,2007,105.0,112,6.688,511.272698297843,1007.2855846593048,0.000134993369032071,0,0,0,0,0,0,1,0,0,0,0,0,1,0,0,1,0,0,0
Disturbing Behavior,1998,84.0,6,5.759,1677.0143149284254,1277.0077351815885,0.0002188546443533658,0,0,0,0,0,0,0,0,0,0,1,0,1,0,1,0,0,0,0
Divergent,2014,140.0,112,6.909,644.8967177750112,633.454812427134,6.90991636910563e-05,1,1,0,0,0,0,0,0,0,0,0,0,0,0,1,0,0,0,0
Divine Intervention,2003,87.0,4,0.0,7042.5,995.3278614852879,0.00013213240802784933,0,0,0,0,0,0,0,0,0,0,1,0,0,0,0,1,0,0,0
Django Unchained,2013,165.0,120,8.185,801.8717608994818,1429.4018067551185,0.0002875531115358432,0,0,0,0,0,0,1,0,0,0,0,0,0,0,0,0,0,0,1
Do You Believe?,2015,115.0,98,6.545,216.33466804443296,272.39673901181993,3.618847499001779e-05,0,0,0,0,0,0,1,0,0,0,0,0,0,0,0,0,0,0,0
Doctor Dolittle,1998,85.0,42,5.711,2121.1396435874967,751.2767922118659,8.53371377112587e-05,0,0,0,1,0,0,0,1,1,0,0,0,0,0,0,0,0,0,0
Doctor Sleep,2020,108.0,63,5.1,259.88976339460305,-157.08804192402624,1.676609496639181e-05,0,0,0,0,1,0,0,0,0,0,1,0,1,0,0,1,0,0,0
Dog Days,2018,20.0,51,5.9,130.68857809949947,284.20527053092485,3.696215616026632e-05,0,0,0,1,0,0,0,0,0,0,0,0,0,0,0,0,0,0,0
Dog Man,2025,89.0,77,7.648,391.11538461538464,327.47773314366646,3.9941391677225805e-05,0,1,1,1,0,0,0,1,0,0,0,0,0,0,0,0,0,0,0
Dog Park,1999,91.0,7,5.391,126.94992282627337,1074.7350665600986,0.00015233089984970492,0,0,0,1,0,0,0,0,0,0,0,0,0,1,0,0,0,0,0
Dogma,1999,130.0,40,6.917,1063.076704365957,658.8460510077759,7.231478968788186e-05,0,1,0,1,0,0,0,0,1,0,0,0,0,0,0,0,0,0,0
DogMan,2024,90.0,14,3.65,258.57142857142856,956.9891455020468,0.0001233621415647132,0,0,0,0,0,0,0,0,0,0,1,0,0,0,0,0,0,0,0
Dogtooth,2010,10.0,74,8.0,556.8271435121504,-6.392884306541873,2.1962029669569753e-05,0,0,0,1,1,0,1,0,0,0,1,0,0,0,0,0,0,0,0
Dolittle,2020,101.0,63,6.588,421.2022435278207,392.8099849352243,4.490053990715462e-05,0,1,0,1,0,0,0,1,1,0,0,0,0,0,0,0,0,0,0
Dolphin Tale,2012,113.0,120,6.911,381.577478879502,1280.873141115828,0.000220375365657369,0,0,0,0,0,0,1,1,0,0,0,0,0,0,0,0,0,0,0
Dolphin Tale 2,2014,107.0,98,6.961,247.84597742772647,781.6057854266392,9.010190482288384e-05,0,0,0,0,0,0,1,1,0,0,0,0,0,0,0,0,0,0,0
Domestic Disturbance,2001,89.0,38,5.764,737.2292337509731,437.5247702663628,4.86451540413016e-05,0,0,0,0,1,0,0,0,0,0,0,0,1,0,0,1,0,0,0
Domino,2005,127.0,14,5.918,496.2530173359668,1031.8753581639537,0.00014107278308549451,1,0,0,0,1,0,1,0,0,0,0,0,0,0,0,1,0,0,0
Don Jon,2014,90.0,105,6.017,313.75286516059055,1364.0891562976235,0.000255802597922289,0,0,0,1,0,0,1,0,0,0,0,0,0,1,0,0,0,0,0
Don't Be Afraid of the Dark,2011,74.0,84,6.1,252.9800016938745,287.0821653867491,3.715313934187513e-05,0,0,0,0,0,0,0,0,0,0,1,0,0,0,0,0,1,0,0
Don't Come Knocking,2006,123.0,74,6.179,281.01686507936506,1888.0518124992282,0.000653953580874873,0,0,0,0,0,0,1,0,0,0,0,0,0,0,0,0,0,0,1
Donald Cried,2017,85.0,77,6.3,227.0376522702104,14.096815236894145,2.2783131772592636e-05,0,0,0,1,0,0,1,0,0,0,0,0,0,0,0,0,0,0,0
Donnybrook,2019,101.0,13,5.259,138.0397701633525,1086.3966817116516,0.00015554667158779352,0,0,0,0,1,0,1,0,0,0,0,0,0,0,0,0,0,0,0
Doogal,2006,77.0,3,4.911,805.2711640211639,1244.134643010976,0.00020633863953744587,0,1,1,1,0,0,0,1,1,0,0,0,0,0,0,0,0,0,0
Doom,2005,105.0,19,5.185,819.6617383512545,1072.7233457892837,0.0001517829161605478,1,0,0,0,0,0,0,0,0,0,1,0,0,0,1,0,0,0,0
Doomsday,2008,108.0,18,5.953,474.6609382257316,1125.876435736997,0.0001669459537593598,1,0,0,0,0,0,0,0,0,0,0,0,0,0,1,1,0,0,0
Dorian Blues,2006,88.0,116,5.8,895.8883768561188,848.4462387980321,0.00010156304677070916,0,0,0,1,0,0,1,0,0,0,0,0,0,0,0,0,0,0,0
Dot the I,2005,92.0,116,6.004,673.1182795698925,-109.0310395690766,1.8273434469977752e-05,0,0,0,1,0,0,1,0,0,0,0,0,0,1,0,1,0,0,0
Double Jeopardy,2000,105.0,116,6.621,1030.6435205661212,765.2386168207574,8.749844716746214e-05,0,0,0,0,0,0,1,0,0,0,0,0,1,0,0,1,0,0,0
Doubt,2009,104.0,108,7.2,528.1360117665274,1484.6328716294875,0.00031745906808253784,0,0,0,0,0,0,1,0,0,0,0,0,0,0,0,0,0,0,0
Down in the Valley,2006,112.0,25,5.926,1113.1994047619048,972.055939445589,0.00012673712112595345,0,0,0,0,0,0,1,0,0,0,0,0,0,1,0,1,0,0,1
Down to Earth,2001,87.0,54,5.538,711.0021302807864,343.74621238620233,4.112255020468332e-05,0,0,0,1,0,0,0,0,1,0,0,0,0,1,0,0,0,0,0
Down to You,2000,91.0,28,5.165,625.6224872688288,1086.2779311831846,0.00015551358558308696,0,0,0,1,0,0,1,0,0,0,0,0,0,1,0,0,0,0,0
Down with Love,2003,101.0,34,6.1,670.7952898550724,894.9119586398213,0.00011037887523468157,0,0,0,1,0,0,0,0,0,0,0,0,0,1,0,0,0,0,0
Downhill,2020,106.0,34,5.739,158.11494226747888,889.0856081137229,0.00010923280206217907,0,0,0,0,0,0,1,0,0,0,0,0,0,0,0,0,0,0,0
Downsizing,2018,135.0,42,5.386,366.3555205844068,813.7410847708427,9.544104271935881e-05,0,0,0,1,0,0,1,0,0,0,0,0,0,0,1,0,0,0,0
Dracula 2000,2001,98.0,35,5.245,868.3538521099498,664.8638526731054,7.309858428715392e-05,1,0,0,0,0,0,0,0,1,0,1,0,0,0,0,1,0,0,0
Dracula Untold,2014,92.0,49,6.446,643.084748626954,713.1795354910429,7.970736959162193e-05,1,0,0,0,0,0,0,0,1,0,1,0,0,0,0,0,0,0,0
Draft Day,2014,110.0,70,6.705,298.1896915927334,609.802003740147,6.623246977852855e-05,0,0,0,0,0,0,1,0,0,0,0,0,0,0,0,0,0,0,0
Drag Me To Hell,2009,99.0,70,6.454,516.0382950382952,864.3674909910401,0.00010450147617717679,0,0,0,0,0,0,0,0,0,0,1,0,0,0,0,1,0,0,0
Dragonball Evolution,2009,85.0,51,2.933,318.7028209885352,292.6129417654148,3.752307747938367e-05,1,1,0,0,0,0,0,0,1,0,0,0,0,0,1,1,0,0,0
Dragonfly,2002,104.0,23,6.526,860.6232931338667,697.8135999477007,7.75432158603619e-05,0,0,0,0,0,0,1,0,1,0,1,0,1,1,0,1,0,0,0
Dream House,2011,84.0,49,6.197,306.1805246776345,530.6637256031231,5.747798264130218e-05,0,0,0,0,0,0,1,0,0,0,0,0,1,0,0,1,0,0,0
Dream Scenario,2024,102.0,70,6.652,3162.058445465485,1602.8287678485972,0.0003923231398774685,0,0,0,1,0,0,0,0,1,0,0,0,0,0,0,0,0,0,0
Dreamcatcher,2003,136.0,21,5.63,899.0692219679632,1032.5237494553494,0.0001412367389298655,0,0,0,0,0,0,1,0,0,0,1,0,0,0,1,1,0,0,0
Dreamgirls,2007,130.0,120,6.714,1881.835968815136,1109.4504569890114,0.00016210503963214276,0,0,0,0,0,0,1,0,0,0,0,1,0,0,0,0,0,0,0
Dredd,2012,95.0,42,6.853,278.0036709805874,796.4221614678469,9.252542430681902e-05,1,0,0,0,0,0,0,0,0,0,0,0,0,0,1,0,0,0,0
Drillbit Taylor,2008,110.0,91,5.825,334.1949133077791,496.1561533495002,5.403245368830454e-05,0,0,0,1,0,0,0,0,0,0,0,0,0,0,0,0,0,0,0
Drive,2012,100.0,120,6.116,425.0342374388617,59.82784972353329,2.4728175922523562e-05,1,1,0,1,0,0,0,0,0,0,0,0,0,0,1,0,0,0,0
Drive Angry,2011,104.0,56,5.536,294.22656101124306,697.231563380496,7.746240645083147e-05,1,0,0,0,1,0,0,0,1,0,0,0,0,0,0,1,0,0,0
Drive Me Crazy,2000,91.0,109,6.545,493.3735637111988,661.1480617722855,7.261361990623004e-05,0,0,0,1,0,0,1,0,0,0,0,0,0,1,0,0,0,0,0
Driven,2001,116.0,42,5.1,535.8644833427443,757.4008102254168,8.627849219073571e-05,1,0,0,0,0,0,1,0,0,0,0,0,0,0,0,0,0,0,0
Drivers Wanted,2005,94.0,74,0.0,1407.9390681003583,-257.2630003143024,1.401186649048583e-05,0,0,0,1,0,0,0,0,0,0,0,0,0,0,0,0,0,0,0
Driving Lessons,2007,98.0,95,6.097,86.94444444444444,2190.1797452856754,0.0011235745451723123,0,0,0,1,0,0,1,0,0,0,0,0,0,0,0,0,0,0,0
Drop Dead Gorgeous,1999,98.0,14,6.43,1017.41619724813,1276.817873155843,0.00021878022013704153,0,0,0,1,0,0,0,0,0,0,0,0,0,0,0,0,0,0,0
Drowning Mona,2000,96.0,28,5.442,525.6806523422377,721.4987887720915,8.090415771747745e-05,0,0,0,1,1,0,0,0,0,0,0,0,1,0,0,0,0,0,0
Drumline,2003,118.0,28,6.885,1710.712896053363,902.3260273021816,0.00011185466356774587,0,0,0,1,0,0,1,0,0,0,0,1,0,1,0,0,0,0,0
Duck Butter,2018,94.0,20,5.393,307.4737820257533,833.4836050097663,9.887689489294753e-05,0,0,0,1,0,0,1,0,0,0,0,0,0,1,0,0,0,0,0
Dudley Do-Right,1999,77.0,28,4.081,346.15996398559423,781.4565420316965,9.007781878946537e-05,0,0,0,1,0,0,0,1,0,0,0,0,0,1,0,0,0,0,0
Due Date,2011,95.0,84,6.384,693.4882971987512,879.3399606114424,0.00010734232031818161,0,0,0,1,0,0,1,0,0,0,0,0,0,0,0,0,0,0,0
Duma,2005,100.0,11,7.3,258.02867383512546,1684.570347282011,0.0004541912057550345,0,1,0,0,0,0,1,1,0,0,0,0,0,0,0,0,0,0,0
Dumb and Dumber To,2015,110.0,91,5.568,519.4100494112894,707.8262495518733,7.894663632837678e-05,0,0,0,1,0,0,0,0,0,0,0,0,0,0,0,0,0,0,0
Dumb Money,2023,105.0,56,6.684,3529.617288333121,802.3283877666956,9.35095826022387e-05,0,0,0,1,0,0,1,0,0,1,0,0,0,0,0,0,0,0,0
Dumbstruck,2011,84.0,46,5.9,527.4655402401066,746.954497396076,8.467892476346561e-05,0,0,0,0,0,1,0,0,0,0,0,0,0,0,0,0,0,0,0
Dune,2022,137.0,120,6.171,365.4873919629333,798.3216119847366,9.284079578249857e-05,1,1,0,0,0,0,0,0,0,0,0,0,0,0,1,0,0,0,0
Dune: Part Two,2024,167.0,77,8.131,1088.4533333333334,676.4477402432949,7.463133476545766e-05,0,1,0,0,0,0,0,0,0,0,0,0,0,0,1,0,0,0,0
Dunkirk,2017,134.0,120,6.816,640.4990373300154,834.720304891943,9.909619283166826e-05,0,0,0,0,0,0,1,0,0,0,0,0,0,0,0,0,0,1,0
Duplex,2003,89.0,7,6.083,590.7631987577639,1992.6265693245184,0.0007886891901436097,0,0,0,1,0,0,0,0,0,0,0,0,0,0,0,0,0,0,0
Duplicity,2009,125.0,70,5.916,430.1535131535132,501.1229512690045,5.4515355616513676e-05,0,0,0,1,1,0,0,0,0,0,0,0,0,1,0,0,0,0,0
Dust to Glory,2005,97.0,60,6.4,125.00768049155144,205.29829389134306,3.2089859570463456e-05,0,0,0,0,0,1,0,0,0,0,0,0,0,0,0,0,0,0,0
Dutch,2021,107.0,17,6.423,153.84700570747086,1288.8807185231067,0.00022355939529805036,0,0,0,1,0,0,1,0,0,0,0,0,0,0,0,0,0,0,0
Eagle Eye,2009,118.0,105,6.48,548.6586158848119,393.5357991505267,4.495895884430891e-05,1,0,0,0,0,0,0,0,0,0,0,0,1,0,0,1,0,0,0
Early Man,2018,89.0,42,6.138,173.14691547666456,529.8292637987847,5.739212525531646e-05,0,1,1,1,0,0,0,1,0,0,0,0,0,0,0,0,0,0,0
Earth to Echo,2014,89.0,120,5.903,259.7423954372624,1032.5451619348898,0.00014124215665813238,0,1,0,0,0,0,0,1,0,0,0,0,0,0,1,0,0,0,0
Earth: One Amazing Day,2017,93.0,14,7.8,183.70985603543744,1796.8501300140608,0.0005553824896094854,0,1,0,0,0,1,0,1,0,0,0,0,0,0,0,0,0,0,0
East is East,2000,97.0,82,6.518,656.6092915214867,863.3594235618506,0.00010431293154327667,0,0,0,1,0,0,1,0,0,0,0,0,0,0,0,0,0,0,0
East of Wall,2025,97.0,42,6.5,90.5,2056.164447279115,0.0008837679325619323,0,0,0,0,0,0,1,0,0,0,0,0,0,0,0,0,0,0,1
Easter Sunday,2022,95.0,49,2.8,146.45876323881106,-47.994299206552114,2.038480918605309e-05,0,0,0,0,0,0,0,0,0,0,1,0,0,0,0,0,0,0,0
Easy A,2010,93.0,94,6.808,503.2933347812448,1097.954709009096,0.00015880085857807345,0,0,0,1,0,0,0,0,0,0,0,0,0,0,0,0,0,0,0
Easy Virtue,2009,93.0,109,6.446,2529.5361305361307,2393.4937625352595,0.0016172599010751826,0,0,0,1,0,0,0,0,0,0,0,0,0,1,0,0,0,0,0
Eat Pray Love,2010,133.0,80,6.246,668.0068506081938,754.6473969029411,8.585397276510609e-05,0,0,0,0,0,0,1,0,0,0,0,0,0,1,0,0,0,0,0
Eating Animals,2018,94.0,42,6.7,905.9214194386803,22.77011082875515,2.3139886789272575e-05,0,0,0,0,0,1,0,0,0,0,0,0,0,0,0,0,0,0,0
ECCO,2019,123.0,14,3.0,71.87161293927036,743.1549338838836,8.41045093278867e-05,1,0,0,0,1,0,1,0,0,0,0,0,0,0,0,0,0,0,0
Echo in the Canyon,2019,82.0,120,6.7,1267.7193651414425,1143.4341861863757,0.00017228036958719933,0,0,0,0,0,1,0,0,0,0,0,1,0,0,0,0,0,0,0
Eddie the Eagle,2016,106.0,70,7.164,248.94888497652587,688.5901399686527,7.627249855223918e-05,0,1,0,1,0,0,1,0,0,1,0,0,0,0,0,0,0,0,0
Eddington,2025,149.0,28,6.5,327.125,1511.2423911262492,0.0003329583369467397,0,0,0,1,1,0,0,0,0,0,0,0,0,0,0,0,0,0,1
Edge of Darkness,2010,117.0,70,6.373,384.01801270714617,437.09327702578986,4.860756684025825e-05,0,0,0,0,1,0,1,0,0,0,0,0,1,0,0,1,0,0,0
Edge of Tomorrow,2014,114.0,98,7.632,612.9154237772743,980.2907474401279,0.000128620591669975,1,0,0,0,0,0,0,0,0,0,0,0,0,0,1,0,0,0,0
Edmond,2006,82.0,53,5.926,582.2172619047619,812.2608713857202,9.518830033695454e-05,0,0,0,0,0,0,1,0,0,0,0,0,0,0,0,1,0,0,0
EDtv,1999,123.0,28,6.0,562.6860744297719,1115.1252027308083,0.00016376136827424902,0,0,0,1,0,0,0,0,0,0,0,0,0,0,0,0,0,0,0
Eight Crazy Nights,2002,76.0,19,5.217,890.8060033351862,971.025689268749,0.00012650343115341256,0,0,1,1,0,0,0,0,0,0,0,0,0,0,0,0,0,0,0
Eight Legged Freaks,2002,99.0,68,5.81,518.8369017270131,319.073728070318,3.934457809687573e-05,1,0,0,1,0,0,0,0,0,0,1,0,0,0,0,1,0,0,0
Eighth Grade,2018,94.0,84,7.158,2499.1593654586486,1874.6519485040767,0.0006384425932347439,0,0,0,1,0,0,1,0,0,0,0,0,0,0,0,0,0,0,0
El Angel,2018,14.0,35,0.0,866.0788530465949,246.95120403124213,3.4575916691525395e-05,0,0,0,0,0,1,0,0,0,0,0,0,0,0,0,0,0,0,0
El Cantante,2007,116.0,34,7.087,522.4216111915099,577.4664812455513,6.250488689942739e-05,0,0,0,0,0,0,1,0,0,1,0,1,0,0,0,0,0,0,0
El Chicano,2019,148.0,1,6.6,471.2749315604224,1782.6498850164946,0.0005414326217157296,0,0,0,0,0,0,1,0,0,0,0,0,0,0,0,0,0,0,0
Eleanor the Great,2025,98.0,42,6.8,181.7619047619048,2336.3314185282024,0.0014598479400560747,0,0,0,0,0,0,1,0,0,0,0,0,0,0,0,0,0,0,0
Election,1999,103.0,68,6.866,779.0701862140206,847.2009387931508,0.00010133672849439313,0,0,0,1,0,0,1,0,0,0,0,0,0,0,0,0,0,0,0
Elegy,2008,112.0,25,6.3,1732.9122155132377,1029.0935445566327,0.00014037151538776244,0,0,0,0,0,0,1,0,0,0,0,0,0,1,0,0,0,0,0
Elektra,2005,97.0,39,5.036,542.2128008192524,667.7941312441536,7.34833111366818e-05,1,1,0,0,0,0,0,0,1,0,0,0,0,0,0,0,0,0,0
Elevation,2024,11.0,14,1.0,109.33333333333331,24.516675977952218,2.321240045429583e-05,0,0,0,1,0,0,0,0,0,0,0,0,0,1,0,0,0,0,0
Elf,2004,97.0,74,6.654,1650.1151009316773,631.1150848608023,6.881014728527347e-05,0,0,0,1,0,0,0,1,1,0,0,0,0,0,0,0,0,0,0
Elizabeth,1999,124.0,119,7.168,920.7790047716428,1119.586277169087,0.00016507532688284448,0,0,0,0,0,0,1,0,0,1,0,0,0,0,0,0,0,0,0
Elizabeth: The Golden Age,2007,114.0,21,6.705,530.2541606367583,1330.2856170123496,0.00024077193341835566,0,0,0,0,0,0,1,0,0,1,0,0,0,1,0,0,0,0,0
Elizabethtown,2005,123.0,21,6.196,752.6281504238493,1167.8612883836759,0.00017998654269510485,0,0,0,1,0,0,1,0,0,0,0,0,0,1,0,0,0,0,0
Ella Enchanted,2004,96.0,17,6.5,1002.2249111396808,1529.3460374651,0.00034393351390153845,0,0,0,1,0,0,0,1,1,0,0,0,0,0,0,0,0,0,0
Elsa & Fred,2008,97.0,67,5.99,409.9674872271249,455.8444225016856,5.026807314206521e-05,0,0,0,1,0,0,1,0,0,0,0,0,0,1,0,0,0,0,0
Elvis,2022,168.0,112,6.812,459.0084988405174,526.5085815282937,5.705173056633058e-05,0,0,0,0,0,0,1,0,0,1,0,1,0,0,0,0,1,0,0
Elvis & Nixon,2016,86.0,21,5.978,241.2087301587302,1537.9468128427463,0.00034927369934331247,0,0,0,1,0,0,1,0,0,1,0,0,0,0,0,0,0,0,0
Elysium,2013,85.0,108,4.4,634.513465665236,-90.6728742358232,1.8884382943540784e-05,1,0,1,0,0,0,0,0,0,0,0,0,0,0,1,0,0,0,0
Embattled,2020,117.0,14,6.658,39.56557739015235,1045.0629764946414,0.00014444522067281692,1,0,0,0,0,0,1,0,0,0,0,0,0,0,0,0,0,0,0
Emily the Criminal,2022,97.0,63,6.668,132.67122195649696,487.55223042685725,5.3206029863907535e-05,0,0,0,0,1,0,1,0,0,0,0,0,0,0,0,1,0,0,0
Emperor,2013,96.0,98,7.0,281.6692149499284,-962.2511121319483,3.9629313733493655e-06,1,0,0,0,1,0,1,0,0,0,0,0,1,0,0,1,0,0,0
Empire,2002,99.0,14,6.046,1711.5206860954495,1141.5890192832892,0.0001717118464720083,1,0,0,0,1,0,1,0,0,0,0,0,0,0,0,0,0,0,0
Empire of Light,2023,115.0,49,6.621,138.9492227536727,948.6349192345415,0.0001215296725190479,0,0,0,0,0,0,1,0,0,0,0,0,0,1,0,0,0,0,0
Employee of the Month,2006,103.0,30,5.6,881.4769345238095,648.3583545913093,7.096884204899947e-05,0,0,0,1,0,0,0,0,0,0,0,0,0,1,0,0,0,0,0
End of Days,2000,122.0,55,6.087,1121.7894134397943,352.13521404808205,4.174521163838994e-05,1,0,0,0,0,0,0,0,1,0,1,0,0,0,0,0,0,0,0
End of the Spear,2006,108.0,32,6.107,1137.264384920635,893.7577760573723,0.00011015089046852022,0,1,0,0,0,0,1,0,0,1,0,0,0,0,0,0,0,0,0
End of Watch,2013,109.0,119,7.35,336.1658448000945,936.5223177638925,0.00011892105304623053,0,0,0,0,1,0,1,0,0,0,0,0,0,0,0,1,0,0,0
Ender's Game,2014,114.0,70,6.582,510.6832004904967,398.3708786587461,4.535006649464533e-05,1,1,0,0,0,0,0,0,0,0,0,0,0,0,1,0,0,0,0
Endless Love,2014,116.0,35,5.727,375.9249200313839,779.1655527726182,8.970888853343169e-05,0,0,0,0,0,0,1,0,0,0,0,0,0,1,0,0,0,0,0
Enduring Love,2005,100.0,116,5.715,56.33668607728957,708.4781264478115,7.90388822279951e-05,0,0,0,0,0,0,1,0,0,0,0,0,1,1,0,1,0,0,0
Enemies of the State,2021,103.0,14,6.0,59.09086115066183,1203.4988105789853,0.00019185183646596785,0,0,0,0,0,1,0,0,0,0,0,0,0,0,0,0,0,0,0
Enemy at the Gates,2001,131.0,74,7.42,898.5568417090157,817.4537278435907,9.607792275654287e-05,0,0,0,0,0,0,1,0,0,1,0,0,0,1,0,0,0,1,0
Enough,2002,114.0,24,6.66,1078.20293681675,1198.916709865359,0.00019028348416831183,0,0,0,0,0,0,1,0,0,0,0,0,0,0,0,1,0,0,0
Entourage,2015,104.0,72,6.253,327.47315184093407,594.8068949011952,6.447699419577047e-05,0,0,0,1,0,0,1,0,0,0,0,0,0,0,0,0,0,0,0
Entrapment,1999,112.0,77,6.229,857.1191085129705,486.87327036794943,5.314135504230722e-05,0,0,0,0,0,0,1,0,0,0,0,0,1,1,0,0,0,0,0
Enys Men,2023,91.0,21,5.357,186.1358713488677,1210.288248170145,0.0001941995103560007,0,0,0,0,0,0,1,0,0,0,1,0,0,0,0,0,0,0,0
Epic,2013,102.0,119,6.542,509.4335485267068,931.3607264457844,0.00011782651641425231,0,1,1,0,0,0,0,1,1,0,0,0,0,0,0,0,0,0,0
Epic Movie,2007,85.0,77,3.869,383.9628244403932,346.3549373926363,4.131517747672717e-05,0,1,0,1,0,0,0,0,1,0,0,0,0,0,0,0,0,0,0
Equilibrium,2002,107.0,3,7.046,1042.173429683157,1624.7200417939932,0.00040801421570019826,1,0,0,0,0,0,0,0,0,0,0,0,0,0,1,1,0,0,0
Eragon,2007,104.0,115,5.125,462.1961266390615,591.7455434453277,6.412436204773582e-05,1,1,0,0,0,0,0,1,1,0,0,0,0,0,0,0,0,0,0
Erin Brockovich,2000,131.0,98,7.438,998.06718161846,1157.594724038795,0.00017670655773864802,0,0,0,0,0,0,1,0,0,0,0,0,0,0,0,0,0,0,0
Eros,2005,109.0,53,5.7,341.3671274961597,473.61316618775777,5.18938972803752e-05,0,0,0,0,0,0,1,0,0,0,0,0,0,1,0,0,0,0,0
Escape From Planet Earth,2013,89.0,120,5.743,293.12964949928465,634.7590714872226,6.926079978784226e-05,0,1,1,1,0,0,0,1,0,0,0,0,0,0,1,0,0,0,0
Escape Plan,2014,115.0,91,6.723,246.6150073102864,463.03780430173356,5.092003294614067e-05,1,0,0,0,0,0,0,0,0,0,0,0,0,0,0,1,0,0,0
Escape Room,2019,86.0,108,4.9,427.1349469714277,331.16897287194035,4.020637977720291e-05,0,0,0,0,0,0,0,0,1,0,1,0,0,0,0,1,0,0,0
Escobar: Paradise Lost,2015,120.0,14,6.274,229.1371308016878,1551.6615086563475,0.00035796114772291285,0,0,0,0,0,0,0,0,0,0,0,0,0,1,0,1,0,0,0
Eternal,2005,107.0,11,4.047,421.500256016385,949.5141879092184,0.00012172124814577476,0,0,0,0,0,0,1,0,0,0,1,0,1,0,0,1,0,0,0
Eva,2015,111.0,6,6.3,66.25386779184247,1193.353328597983,0.00018839648454797652,0,0,0,0,0,0,1,0,0,0,0,0,0,1,0,0,0,0,0
Evan Almighty,2007,96.0,74,5.586,1174.2447947223634,498.1355073353131,5.422438357238546e-05,0,0,0,1,0,0,0,1,1,0,0,0,0,0,0,0,0,0,0
Eve's Bayou,1997,109.0,14,6.369,1649.3817397555715,1843.0841101146189,0.0006033400201147061,0,0,0,0,0,0,1,0,0,0,0,0,0,0,0,0,0,0,0
Even in Dreams,2021,120.0,28,2.0,118.67001968746156,215.53009532794204,3.268346847555858e-05,0,0,0,0,0,0,1,0,0,0,0,1,0,0,0,0,0,0,0
Event Horizon,1997,96.0,35,6.566,669.6277703604807,643.4818067291054,7.035156679701909e-05,0,0,0,0,0,0,0,0,0,0,1,0,1,0,1,0,0,0,0
Everest,2015,44.0,70,6.6,725.1072332730561,929.3381587304998,0.00011740037492842749,0,0,0,0,0,1,0,0,0,0,0,0,0,0,0,0,0,0,0
Everly,2015,93.0,1,5.533,139.9915611814346,1784.9823411084135,0.0005436996648412426,1,0,0,0,0,0,0,0,0,0,0,0,0,0,0,1,0,0,0
Every Day,2011,93.0,70,5.11,415.9034967922251,270.5086253177152,3.606627859227956e-05,0,0,0,1,0,0,1,0,0,0,0,0,0,1,0,0,0,0,0
Every Little Step,2009,96.0,39,6.4,1287.0209790209792,2387.222292294996,0.0015991920659390178,0,0,0,0,0,1,0,0,0,0,0,1,0,0,0,0,0,0,0
Everybody Loves Somebody,2017,102.0,35,6.518,319.4763653319344,705.7759662098119,7.865720572728632e-05,0,0,0,1,0,0,0,0,0,0,0,0,0,1,0,0,0,0,0
Everybody's Fine,2009,99.0,21,6.84,334.7143967143968,1728.9779111351577,0.0004917990924810184,0,0,0,0,0,0,1,0,0,0,0,0,0,0,0,0,0,0,0
Everyone's Hero,2006,87.0,77,6.0,171.7314084724799,100.13595437241781,2.6579800206850388e-05,0,1,1,1,0,0,0,1,0,0,0,0,0,0,0,0,0,0,0
Everything is Illuminated,2005,106.0,25,7.255,556.1239119303635,1257.7554611067678,0.0002114353183051074,0,0,0,1,0,0,1,0,0,0,0,0,0,0,0,0,0,0,0
Everything Must Go,2011,97.0,120,6.169,266.93374833259224,858.1797560481147,0.0001033494997973337,0,0,0,1,0,0,1,0,0,0,0,0,0,1,0,0,0,0,0
Evidence of a Haunting,2011,81.0,11,3.6,1266.4739884393064,1105.9153159352438,0.0001610816922812825,0,0,0,0,0,0,0,0,0,0,1,0,0,0,0,0,0,0,0
Evil Dead,2013,91.0,66,6.579,566.1815198182277,928.5481971392535,0.00011723435414897489,0,0,0,0,0,0,0,0,0,0,1,0,0,0,0,0,0,0,0
Evil Dead Rise,2023,96.0,56,6.9,459.5638766247036,904.8002086137212,0.00011235153345199942,0,0,0,0,0,0,0,0,0,0,1,0,0,0,0,1,0,0,0
Ex Machina,2015,108.0,49,7.571,540.8898265353962,2143.8771201768095,0.001034138091966871,0,0,0,0,0,0,1,0,0,0,0,0,0,0,1,0,0,0,0
Examined Life,2009,87.0,90,6.4,24.806526806526808,798.1904214051419,9.281897930050961e-05,0,0,0,0,0,1,0,0,0,0,0,0,0,0,0,0,0,0,0
Excellent Cadavers,2006,102.0,114,6.2,697.1081349206349,951.8658233340959,0.00012223510924629202,0,0,0,0,1,0,1,0,0,1,0,0,0,0,0,1,1,0,0
Excess Baggage,1997,101.0,28,6.087,448.11793502447705,651.6548888292775,7.138918380722206e-05,1,0,0,1,1,0,0,0,0,0,0,0,0,0,0,0,0,0,0
Exhibiting Forgiveness,2024,117.0,35,6.717,38.0,486.8801464921996,5.314200963817806e-05,0,0,0,0,0,0,1,0,0,0,0,0,0,0,0,0,0,0,0
Exiled,2007,87.0,4,5.75,3661.480945489629,1195.0369442287788,0.0001889655537471029,0,0,0,0,1,0,1,0,0,0,0,0,1,0,0,0,1,0,0
eXistenZ,1999,97.0,26,6.789,561.1595888355342,1315.9389008416977,0.0002346627423681016,1,0,0,0,0,0,0,0,0,0,0,0,0,0,1,1,0,0,0
Exists,2014,81.0,1,5.5,401.99408534009297,1601.4563407101448,0.0003913597685757232,0,0,0,0,0,0,0,0,0,0,1,0,0,0,0,0,0,0,0
Exit Through the Gift Shop,2010,86.0,81,7.541,1494.6790463090326,1235.0437436952707,0.00020300552601710536,0,0,0,0,0,1,0,0,0,0,0,0,0,0,0,0,0,0,0
Exit Wounds,2001,101.0,74,5.787,857.5054557663254,276.8868446778696,3.648073467232753e-05,1,0,0,0,1,0,0,0,0,0,0,0,0,0,0,1,0,0,0
Exodus: Gods and Kings,2015,150.0,70,5.878,491.2247035232094,510.1324898607343,5.5402358561909773e-05,1,1,0,0,0,0,1,0,0,0,0,0,0,0,0,0,0,0,0
Exorcist: The Beginning,2004,114.0,20,5.4,1258.0479089465323,1168.9581521424916,0.00018034055121781558,0,0,0,0,0,0,0,0,0,0,1,0,0,0,0,0,0,0,0
Expend4bles,2023,103.0,35,6.09,130.2275109308998,509.17734598990273,5.530764333664232e-05,1,1,0,0,0,0,0,0,0,0,0,0,0,0,0,1,0,0,0
Extract,2009,92.0,14,5.826,612.1375291375292,1765.316287247499,0.0005248786551330485,0,0,0,1,0,0,0,0,0,0,0,0,0,0,0,0,0,0,0
Extraordinary Measures,2010,106.0,52,6.28,227.65994780093817,668.6699954411221,7.359869909601661e-05,0,0,0,0,0,0,1,0,0,0,0,0,0,0,0,0,0,0,0
Extreme Ops,2002,93.0,12,4.65,467.3686770428016,960.3259135491767,0.0001241017482211948,1,1,0,0,0,0,0,0,0,0,0,0,0,0,0,1,0,0,0
Eye of the Beholder,2000,109.0,21,4.886,802.7105801670261,851.9703861350516,0.00010220626098873237,0,0,0,0,0,0,0,0,0,0,0,0,1,0,0,1,0,0,0
Eyes Wide Shut,1999,159.0,40,7.484,1251.0874635568514,927.1909918614697,0.00011694966767254096,0,0,0,0,0,0,1,0,0,0,0,0,1,0,0,1,0,0,0
Fabled,2005,84.0,74,3.0,1345.452620434092,19.67844209381792,2.3012082235149028e-05,0,0,0,0,0,0,1,0,0,0,1,0,1,0,0,0,0,0,0
Face/Off,1997,139.0,56,7.05,1223.4977234603402,669.675201574652,7.373135011717144e-05,1,0,0,0,1,0,0,0,0,0,0,0,0,0,1,0,0,0,0
Facing Nolan,2022,105.0,11,7.4,100.51930304065596,1656.8667052488868,0.00043220057370069604,0,0,0,0,0,1,0,0,0,1,0,0,0,0,0,0,0,0,0
Facing the Giants,2007,111.0,109,7.548,274.2890211640212,930.490919757646,0.00011764306472412952,0,0,0,0,0,0,1,0,0,0,0,0,0,0,0,0,0,0,0
Factory Girl,2007,90.0,53,6.0,6735.865575396826,568.2431473205539,6.148061979627741e-05,0,0,0,0,0,0,1,0,0,1,0,0,0,0,0,0,0,0,0
Factotum,2006,94.0,18,6.1,1389.5585317460318,1302.1461603264029,0.00022893564405371267,0,0,0,0,0,0,1,0,0,0,0,0,0,0,0,0,0,0,0
Fahrenheit 11/9,2018,128.0,42,7.108,207.7088180427173,1238.098463569033,0.00020411946735888852,0,0,0,0,0,1,0,0,0,0,0,0,0,0,0,0,0,0,0
Fahrenheit 9/11,2004,123.0,47,7.084,6240.887143437527,1009.1054077030124,0.00013543417142632266,0,0,0,0,0,1,0,0,0,0,0,0,0,0,0,0,0,0,0
Failure to Launch,2006,97.0,81,5.827,1023.9802510151349,479.69842257294,5.246269615020345e-05,0,0,0,1,0,0,0,0,0,0,0,0,0,1,0,0,0,0,0
Fairytale: A True Story,1997,99.0,19,6.394,879.8859034267913,839.6935319184925,9.998299249287226e-05,0,0,0,0,0,0,1,1,1,0,0,0,1,0,0,0,0,0,0
Faith of Angels,2024,98.0,71,7.6,206.59459459459453,59.50689150323274,2.4713962129560815e-05,0,0,0,0,0,0,1,0,0,0,0,0,0,0,0,0,0,0,0
Falcon Rising,2014,103.0,7,6.3,102.1514575411914,882.7026856038675,0.00010799090297404833,1,1,0,0,0,0,0,0,0,0,0,0,0,0,0,0,0,0,0
Fall,2022,93.0,63,6.232,160.65775131371305,-58.5996270139359,2.0001184926612198e-05,0,0,0,0,0,0,1,0,0,0,0,0,0,1,0,0,0,0,0
Fallen,1998,124.0,21,6.78,843.4449313467718,1284.1202341008898,0.0002216609949127505,0,0,0,0,1,0,1,0,0,0,0,0,0,0,0,1,0,0,0
Falling for Figaro,2021,104.0,7,6.464,86.65559246954598,904.2646481584773,0.00011224379432868966,0,0,0,1,0,0,0,0,0,0,0,1,0,1,0,0,0,0,0
Fame,2009,133.0,77,6.4,275.5865994470646,262.6218876083341,3.556030406198518e-05,0,0,0,0,0,0,1,0,0,0,0,1,0,0,0,0,0,0,0
Family Camp,2022,111.0,98,5.425,98.51426375128116,-322.384875059583,1.246899047603006e-05,0,0,0,1,0,0,0,1,1,0,0,0,0,0,0,0,0,0,0
Fanboys,2009,90.0,11,6.123,582.2237762237762,1554.4900092775488,0.0003597795382731956,0,1,0,1,1,0,1,0,0,0,0,0,0,0,0,0,0,0,0
Fantastic Four,2015,106.0,63,5.802,816.7002548356102,429.66353878664125,4.796490178439124e-05,1,0,0,0,0,0,0,0,1,0,0,0,0,0,1,0,0,0,0
Fantastic Fungi,2019,80.0,57,7.229,4831.486116542824,1152.5180684716288,0.00017510681077310841,0,0,0,0,0,1,0,0,0,0,0,0,0,0,0,0,0,0,0
Fantastic Mr. Fox,2010,87.0,120,7.811,2191.5715229215234,1125.3898143573647,0.00016680048422505536,0,1,1,1,0,0,0,1,0,0,0,0,0,0,0,0,0,0,0
Fantasy Island,2020,109.0,35,5.772,359.47659527489515,602.9820278761249,6.542820736802199e-05,0,1,0,0,0,0,0,0,1,0,1,0,1,0,0,0,0,0,0
Far From the Tree,2018,17.0,63,10.0,582.8174393325107,-467.2084226788593,9.619640512976868e-06,0,0,0,0,0,0,1,0,0,0,0,0,0,0,0,0,0,0,0
Fast & Furious,2009,107.0,91,6.685,848.9059658290428,689.9166491248532,7.645396176059882e-05,1,0,0,0,1,0,1,0,0,0,0,0,0,0,0,1,0,0,0
Fast Color,2019,102.0,28,5.9,262.217721660428,672.807251070659,7.414620287725261e-05,0,0,0,0,0,0,0,0,0,0,0,0,0,0,1,1,0,0,0
Fast Five,2011,131.0,105,7.242,944.7326007326006,927.3485678895397,0.00011698268521054836,1,0,0,0,1,0,0,0,0,0,0,0,0,0,0,1,0,0,0
Fast X,2023,142.0,56,7.017,755.0396760279432,327.6641134226055,3.995472965227963e-05,1,1,0,0,1,0,0,0,0,0,0,0,1,0,0,1,0,0,0
Faster,2011,103.0,79,7.8,287.4602870591239,237.5871063197934,3.400074652252835e-05,1,0,0,0,0,1,0,0,0,0,0,0,0,0,0,0,0,0,0
Fat Albert,2005,93.0,59,5.1,1257.3969598426984,151.4339431791418,2.9138114929956564e-05,0,0,0,1,0,0,0,1,1,0,0,0,0,0,0,0,0,0,0
Fatale,2021,102.0,84,6.015,86.02777471112091,309.5876154699955,3.868162538506099e-05,0,0,0,0,0,0,1,0,0,0,0,0,0,0,0,1,0,0,0
Father Figures,2018,113.0,56,5.8,205.5561869790756,466.8223631096546,5.126642761738126e-05,0,0,0,1,0,0,0,0,0,0,0,0,0,0,0,0,0,0,0
Father Stu,2022,124.0,48,7.155,218.34877861291423,830.4626527412969,9.834324268332776e-05,0,0,0,0,0,0,1,0,0,0,0,0,0,0,0,0,0,0,0
Fay Grim,2007,118.0,11,5.525,599.4259527255185,910.2250926865288,0.00011344870793061088,1,0,0,1,0,0,0,0,0,0,0,0,0,0,0,1,0,0,0
FearDotCom,2002,101.0,24,3.8,502.1018212732564,838.1339958658847,9.970405346693484e-05,0,0,0,0,1,0,0,0,0,0,1,0,0,0,0,1,0,0,0
Fed Up,2014,95.0,45,7.348,615.884030418251,1190.4749758005414,0.00018742755573659164,0,0,0,0,0,1,0,0,0,0,0,0,0,0,0,0,0,0,0
Feel the Noise,2007,86.0,4,4.453,1288.312831644959,1331.3642050466565,0.00024123760028964993,0,0,0,0,0,0,1,0,0,0,0,1,0,1,0,0,0,0,0
Femme Fatale,2002,114.0,12,6.136,773.3657587548638,1212.2988431782835,0.00019490023813021064,0,0,0,0,1,0,0,0,0,0,0,0,1,0,0,1,0,0,0
Ferdinand,2018,108.0,120,7.224,428.2732218142255,914.301730671263,0.00011428024711860845,0,1,1,1,0,0,0,1,0,0,0,0,0,0,0,0,0,0,0
Fever Pitch,2005,102.0,88,6.462,659.3542363181832,295.15133957483283,3.769409483615867e-05,0,0,0,1,0,0,0,0,0,0,0,0,0,1,0,0,0,0,0
Fifty Shades Darker,2017,118.0,49,6.476,939.3575683394532,982.5137294874139,0.0001291338142198888,0,0,0,0,0,0,1,0,0,0,0,0,0,1,0,0,0,0,0
Fifty Shades Freed,2018,105.0,56,6.682,704.9590922746931,918.690795810243,0.00011518232888555675,0,0,0,0,0,0,1,0,0,0,0,0,0,1,0,0,0,0,0
Fifty Shades of Black,2016,92.0,56,4.894,297.6245614035088,126.95542311106738,2.7887989670652232e-05,0,0,0,1,0,0,0,0,0,0,0,0,0,1,0,0,0,0,0
Fifty Shades of Grey,2015,125.0,84,5.879,876.6019856043683,796.6639529407787,9.256551008999708e-05,0,0,0,0,0,0,1,0,0,0,0,0,0,1,0,1,0,0,0
Fight Club,2000,139.0,95,8.438,765.8788004997919,1044.3914948197337,0.00014427157242360357,0,0,0,0,0,0,1,0,0,0,0,0,0,0,0,1,0,0,0
Fight or Flight,2025,84.0,14,0.0,107.71428571428572,-66.30342360284624,1.972705184010001e-05,0,0,0,0,0,1,0,0,0,0,0,0,0,0,0,0,0,0,0
Fighting,2009,105.0,49,6.003,407.5357975357976,608.9224274379815,6.612819083868156e-05,1,0,0,0,1,0,1,0,0,0,0,0,0,1,0,0,0,0,0
Fighting With My Family,2019,108.0,99,6.847,836.6598325847448,960.7791090307032,0.00012420254206835804,0,0,0,1,0,0,0,0,0,0,0,0,0,0,0,0,0,0,0
Filly Brown,2013,100.0,42,6.3,555.9220314735336,50.87115847551388,2.433457650580126e-05,0,0,0,0,0,0,1,0,0,0,0,1,0,0,0,0,0,0,0
Film Geek,2006,78.0,4,5.327,902.0486111111112,1713.2836773742374,0.0004781648395050923,0,0,0,1,0,0,0,0,0,0,0,0,0,0,0,0,0,0,0
Filmworker,2018,94.0,0,7.1,11060.330545599363,2298.391564812856,0.0013639249873226358,0,0,0,0,0,1,0,0,0,0,0,0,0,0,0,0,0,0,0
Final Destination,2000,98.0,119,6.626,692.471874079082,1207.247810298555,0.00019314464672286365,0,0,0,0,0,0,0,0,0,0,1,0,0,0,0,0,0,0,0
Final Destination 2,2003,90.0,25,6.299,1052.0202173913044,1127.886286372823,0.0001675481194295854,0,0,0,0,0,0,0,0,0,0,1,0,1,0,0,0,0,0,0
Final Destination 3,2006,92.0,25,6.1,1126.1600672877846,1086.7114404252245,0.0001556344030115651,0,0,0,0,0,0,0,0,0,0,1,0,1,0,0,0,0,0,0
Final Destination 5,2011,91.0,63,6.148,421.8045409952924,719.1287512459762,8.056139096176133e-05,0,0,0,0,0,0,0,0,0,0,1,0,1,0,0,0,0,0,0
Final Frequency,2021,91.0,14,3.5,74.52380952380953,566.0906047308363,6.124400212879753e-05,1,0,0,0,0,0,1,0,0,0,0,0,0,0,1,1,0,0,0
Final: The Rapture,2013,90.0,10,4.5,4922.473533619457,1053.7034023863275,0.00014669841176781983,0,0,0,0,0,0,0,0,0,0,0,0,0,0,0,1,0,0,0
Finding Forrester,2001,136.0,76,7.116,1771.0344345506949,754.413998145694,8.581808367948197e-05,0,0,0,0,0,0,1,0,0,1,0,0,0,0,0,0,0,0,0
Finding Neverland,2005,106.0,102,7.319,1578.8833277186905,1396.6145420472812,0.0002711500197618226,0,0,0,0,0,0,1,0,1,0,0,0,0,0,0,0,0,0,0
Finding Your Feet,2018,111.0,70,7.085,366.4398930420436,-218.47317486336715,1.5020154591825037e-05,0,0,0,1,0,0,1,1,0,0,0,1,0,1,0,0,0,0,0
Fire Down Below,1997,104.0,28,5.747,477.57921673342247,754.704311334741,8.58627266168558e-05,1,0,0,0,0,0,0,0,0,0,0,0,0,0,0,1,0,0,0
Fire of Love,2022,93.0,107,7.536,618.589050739717,1142.6028677645795,0.00017202399551362243,0,0,0,0,0,1,0,0,0,0,0,0,0,0,0,0,0,0,0
Firebird,2022,107.0,42,7.334,103.08575333105568,523.1085464830179,5.67052933633249e-05,0,0,0,0,0,0,1,0,0,0,0,0,0,1,0,0,0,1,0
Firehouse Dog,2007,111.0,86,6.0,212.2623094268502,79.7212902029172,2.5625310795373262e-05,0,0,0,1,0,0,0,1,0,0,0,0,0,0,0,0,0,0,0
Fireproof,2009,118.0,116,7.661,766.4402142359498,730.7762746998025,8.226000046870995e-05,0,0,0,0,0,0,1,0,0,0,0,0,0,1,0,0,0,0,0
Firestarter,2022,115.0,42,6.3,378.9333300795548,394.45549265448085,4.503309181779168e-05,0,0,0,0,0,0,0,0,0,0,1,0,0,0,1,1,0,0,0
Firestorm,1998,89.0,7,5.2,650.1402278702892,1045.0516147198966,0.00014444228072800096,1,1,0,0,0,0,0,0,0,0,0,0,0,0,0,1,0,0,0
Firewall,2006,105.0,28,5.833,881.3660359977325,803.7797940956902,9.375302941651639e-05,1,0,0,0,1,0,0,0,0,0,0,0,0,0,0,1,0,0,0
Fireworks,2018,14.0,17,5.801,127.43786164406023,1362.0525808761918,0.00025487104461796215,0,0,0,0,0,0,0,0,0,0,1,0,0,0,0,0,0,0,0
First Cow,2020,122.0,7,7.057,4365.862773239126,2643.956332118766,0.0025330235738529505,0,0,0,0,0,0,1,0,0,0,0,0,0,0,0,0,0,0,1
First Daughter,2004,105.0,14,6.161,425.83906829010056,1160.0368238388169,0.00017748130605756585,0,0,0,1,0,0,1,1,0,0,0,0,0,1,0,0,0,0,0
First Man,2019,141.0,84,7.041,328.0975004099609,1011.8694278427292,0.0001361064346441529,0,0,0,0,0,0,1,0,0,1,0,0,0,0,0,0,0,0,0
First Reformed,2018,113.0,77,6.98,1186.8282931723793,1905.4662269210078,0.0006746760664529426,0,0,0,0,0,0,1,0,0,0,0,0,0,0,0,0,0,0,0
First Snow,2007,101.0,67,6.119,166.08779546550892,616.9361659718577,6.708436526223788e-05,0,0,0,0,0,0,1,0,0,0,0,0,0,0,0,1,0,0,0
First Sunday,2008,96.0,39,5.687,1379.060845332095,427.4251849324465,4.7772957084973085e-05,1,0,0,1,0,0,0,0,0,0,0,0,0,0,0,0,0,0,0
Fish Tank,2010,123.0,32,6.932,4540.724438331041,1111.2924586134764,0.00016264083321312155,0,0,0,0,0,0,1,0,0,0,0,0,0,0,0,0,0,0,0
Fist Fight,2017,11.0,56,4.6,340.36204341944216,422.0103208687251,4.731178898854073e-05,0,0,1,0,0,1,0,0,0,0,0,0,0,0,0,0,0,0,0
Five Feet Apart,2019,116.0,77,8.227,335.0829147387614,685.5802331696761,7.586234644871092e-05,0,0,0,0,0,0,1,0,0,0,0,0,0,1,0,0,0,0,0
Flags of Our Fathers,2006,135.0,21,6.859,1010.8770313681028,1614.8245249295205,0.00040084512022341005,0,0,0,0,0,0,1,0,0,1,0,0,0,0,0,0,0,1,0
Flash of Genius,2008,119.0,21,6.504,319.83279145378543,1299.35014513423,0.00022779181797108778,0,0,0,0,0,0,1,0,0,0,0,0,0,0,0,0,0,0,0
Flatliners,2017,115.0,52,6.495,232.78779462072,697.4070420728692,7.748676087601516e-05,0,0,0,0,0,0,1,0,0,0,1,0,0,0,1,0,0,0,0
Flawless,2008,108.0,60,6.753,486.11815185897865,523.9111636057556,5.67868836621341e-05,0,0,0,0,1,0,1,0,0,0,0,0,0,0,0,1,0,0,0
Flee,2022,1.0,91,2.333,248.0825818699573,-166.9832315518123,1.6471512593410035e-05,0,0,1,0,0,0,0,0,0,0,0,0,0,0,1,0,0,0,0
Flicka,2007,95.0,88,6.858,231.13527676027675,550.0626473250577,5.951053325868966e-05,0,0,0,0,0,0,1,1,0,0,0,0,0,0,0,0,0,0,0
Flight,2013,138.0,105,6.85,687.1121204579392,1221.7699405725157,0.0001982352422617691,0,0,0,0,0,0,1,0,0,0,0,0,0,0,0,0,0,0,0
Flight of the Phoenix,2005,113.0,67,5.994,627.2782273311653,430.41002919786433,4.8029086623402364e-05,1,1,0,0,0,0,1,0,0,0,0,0,0,0,0,0,0,0,0
Flight Risk,2025,91.0,49,5.99,248.3488372093024,337.11614220977606,4.063702042411028e-05,1,0,0,0,0,0,0,0,0,0,0,0,0,0,0,1,0,0,0
Flipped,2010,89.0,70,8.011,518.9809392808016,934.711583833567,0.00011853592650506837,0,0,0,0,0,0,1,0,0,0,0,0,0,1,0,0,0,0,0
Florence Foster Jenkins,2016,110.0,77,6.654,410.3108974358975,839.5797398419564,9.996261324572158e-05,0,0,0,1,0,0,1,0,0,0,0,0,0,0,0,0,0,0,0
Flushed Away,2007,84.0,109,6.31,989.4213533114396,870.9603023412375,0.00010574299824202717,0,1,1,1,0,0,0,1,0,0,0,0,0,0,0,0,0,0,0
Flux Gourmet,2022,112.0,7,5.5,65.53614134413587,615.909417185243,6.696108872782141e-05,0,0,0,1,0,0,1,0,0,0,1,0,0,0,0,0,0,0,0
Fly Me to the Moon,2024,81.0,56,4.9,335.1363636363636,303.6245169800044,3.827061445710239e-05,0,1,1,0,0,0,0,1,0,0,0,0,0,0,0,0,0,0,0
Flyboys,2006,138.0,44,6.5,519.2921335200748,653.1811639984552,7.15846417651638e-05,1,1,0,0,0,0,1,0,0,1,0,0,0,1,0,0,0,1,0
Focus,2015,106.0,70,6.283,412.0694996986137,352.2247155878969,4.175190533828829e-05,0,0,0,0,0,0,1,0,0,0,0,0,0,0,0,0,0,0,0
Fool's Gold,2008,112.0,112,5.8,745.0650255457501,719.308089392501,8.058727688410944e-05,0,1,0,1,0,0,0,0,0,0,0,0,0,1,0,0,0,0,0
Foolish,1999,84.0,31,5.923,987.2056322529012,629.3810234859275,6.859672644509775e-05,0,0,0,1,0,0,1,0,0,0,0,0,0,0,0,0,0,0,0
Footloose,2012,107.0,91,6.681,324.39536008677845,742.4909208537418,8.400452501759364e-05,0,0,0,0,0,0,1,0,0,0,0,0,0,1,0,0,0,0,0
For Colored Girls,2011,134.0,77,6.6,437.6747828054568,113.98018693662175,2.7247238882410372e-05,0,0,0,0,0,0,1,0,0,0,0,0,0,0,0,0,0,0,0
For Love of the Game,1999,138.0,42,6.45,606.2586573090775,835.4668506360849,9.922880948940054e-05,0,0,0,0,0,0,1,0,0,0,0,0,0,1,0,0,0,0,0
For Richer or Poorer,1998,115.0,22,6.0,905.9866488651536,903.0530337493865,0.00011200043399961237,0,0,0,1,0,0,0,0,0,0,0,0,0,1,0,0,0,0,0
For the Bible Tells Me So,2008,98.0,109,6.938,1120.337674867342,1232.773712171509,0.000202181670121105,0,0,0,0,0,1,0,0,0,0,0,0,0,0,0,0,0,0,0
For the Love of Money,2021,93.0,30,4.273,81.03260735818877,-285.9196043034988,1.3310709522498361e-05,1,0,0,0,1,0,1,0,0,0,0,0,0,0,0,1,0,0,0
For Your Consideration,2007,86.0,60,5.7,314.39732142857144,467.0092425564877,5.1283593318255024e-05,0,0,0,1,0,0,0,0,0,0,0,0,0,0,0,0,0,0,0
Force of Nature: The Dry 2,2024,112.0,7,6.354,56.333333333333336,1087.9140634311257,0.0001559700612118449,0,0,0,0,0,0,0,0,0,0,0,0,1,0,0,1,0,0,0
Forever My Girl,2018,104.0,112,7.612,241.8796225180634,621.2253312751955,6.760180275694878e-05,0,0,0,0,0,0,1,0,0,0,0,0,0,1,0,0,0,0,0
Forgetting Sarah Marshall,2008,111.0,84,6.503,570.1434874925353,951.4243427107197,0.0001221384752067188,0,0,0,1,0,0,1,0,0,0,0,0,0,1,0,0,0,0,0
Foster Boy,2020,109.0,3,7.0,2459.1705306543017,1506.6073832436177,0.00033020516807066153,0,0,0,0,0,0,1,0,0,0,0,0,1,0,0,1,0,0,0
Four Brothers,2005,109.0,60,6.812,1220.8282130056325,336.98293224536866,4.06273242367519e-05,1,0,0,0,1,0,0,0,0,0,0,0,0,0,0,0,0,0,0
Four Christmases,2009,88.0,79,5.813,750.6685402176533,619.2561406135036,6.736374929386579e-05,0,0,0,1,0,0,1,0,0,0,0,0,0,1,0,0,0,0,0
Four Good Days,2021,100.0,28,6.838,102.8313030638612,247.11490960007393,3.4586058025519574e-05,0,0,0,0,0,0,1,0,0,0,0,0,0,0,0,0,0,0,0
Four Lions,2011,97.0,109,6.944,410.4447501146264,1224.2139285057183,0.00019910505392314816,0,0,0,1,1,0,1,0,0,0,0,0,0,0,0,0,0,0,0
Foxcatcher,2014,134.0,1,6.653,16750.19433882552,3908.7198930044806,0.024413099888172075,0,0,0,0,0,0,1,0,0,0,0,0,0,0,0,1,0,0,0
Fracture,2007,113.0,39,7.263,671.0488948260295,1017.1071458441909,0.00013738951565394,0,0,0,0,0,0,0,0,0,0,0,0,0,0,0,1,0,0,0
Frailty,2002,100.0,28,6.958,665.5527144710024,1085.519382956731,0.0001553024065788938,0,0,0,0,1,0,1,0,0,0,0,0,0,0,0,1,0,0,0
Framing John DeLorean,2019,109.0,52,6.1,410.5411991215668,64.96812231766717,2.4956932491884205e-05,0,0,0,0,0,1,1,0,0,0,0,0,0,0,0,0,0,0,0
Frank,2014,90.0,1,4.4,7272.91930713984,1338.7584825562349,0.0002444543297334729,0,0,0,0,0,0,1,1,0,0,0,0,0,0,0,0,0,0,0
Frank and Ava,2018,110.0,7,4.9,713.8971383057403,1263.5260912349797,0.00021363237732219674,0,0,0,0,0,0,1,0,0,1,0,0,0,0,0,0,0,0,0
Freaky,2021,102.0,91,6.558,90.4944630331029,583.5228235869697,6.318671779776688e-05,0,0,0,1,0,0,0,0,1,0,1,0,0,0,0,1,0,0,0
Fred Claus,2008,115.0,98,5.844,486.7171760165716,517.3105339082538,5.6119366335205764e-05,1,0,0,1,0,0,1,0,0,0,0,0,0,0,0,0,0,0,0
Freddy Got Fingered,2001,87.0,27,4.704,468.351214003388,878.7003039951135,0.00010721938877883561,0,0,0,1,0,0,0,0,0,0,0,0,0,0,0,0,0,0,0
Freddy vs. Jason,2003,97.0,28,6.1,1614.2100155279502,1161.3349987005834,0.0001778945296837511,0,0,0,0,0,0,0,0,0,0,1,0,0,0,0,0,0,0,0
Free Birds,2014,91.0,120,5.882,279.68244392258487,879.1402447125164,0.00010730392306318008,0,0,1,1,0,0,0,1,0,0,0,0,0,0,0,0,0,0,0
Free Fire,2017,90.0,28,6.262,111.28402401352216,1884.5348985221374,0.0006498464782321564,1,0,0,0,1,0,0,0,0,0,0,0,1,0,0,0,0,0,0
Free Guy,2021,115.0,112,7.463,370.9063854669947,950.649121259762,0.00012196897470166031,0,1,0,1,0,0,0,0,0,0,0,0,0,0,1,0,0,0,0
Free Solo,2019,100.0,120,7.908,1950.121299615027,1701.7532216338282,0.00046838929983925205,0,1,0,0,0,1,0,0,0,0,0,0,0,0,0,0,0,0,0
Free State of Jones,2016,140.0,35,6.764,384.0408564814815,672.9256040015728,7.416192489272199e-05,1,0,0,0,0,0,1,0,0,1,0,0,0,0,0,0,0,1,0
Free Willy 3: The Rescue,1997,86.0,14,6.115,311.0498442367601,1436.3079369501684,0.0002911327266033149,0,1,0,0,0,0,0,1,0,0,0,0,0,0,0,0,0,0,0
Freedom Writers,2007,123.0,70,7.92,681.2545739060864,790.1241375131073,9.148738925630632e-05,0,0,0,0,1,0,1,0,0,0,0,0,0,0,0,0,0,0,0
Freedomland,2006,113.0,14,5.2,548.3932114512472,1082.5581821346084,0.00015448075272135568,0,0,0,0,1,0,1,0,0,0,0,0,1,0,0,1,0,0,0
Freeheld,2015,40.0,42,5.714,516.1952983725134,318.13810024977,3.9278688271165144e-05,0,0,0,0,0,1,0,0,0,0,0,0,0,0,0,0,0,0,0
Freelance,2023,90.0,26,3.2,140.7318674105678,543.1582002038508,5.877900022655869e-05,0,0,0,0,1,0,0,0,0,0,0,0,0,0,0,1,0,0,0
Freetown,2015,113.0,120,5.1,189.2668469132768,690.634737707131,7.655237456979343e-05,1,0,0,0,0,0,1,0,0,0,0,0,0,0,0,1,0,0,0
Frequency,2000,118.0,70,7.252,600.8518789104942,414.5281470586572,4.66818708676179e-05,0,0,0,0,0,0,0,0,0,0,0,0,0,0,1,1,0,0,0
Freshman Orientation,2007,92.0,4,5.148,584.3270622286541,1423.0597902547547,0.00028430467053862157,0,0,0,1,0,0,0,0,0,0,0,0,0,1,0,0,0,0,0
Frida,2002,123.0,45,7.401,2026.1407852847544,1345.6904654688822,0.000247508890641863,0,0,0,0,0,0,1,0,0,0,0,0,0,1,0,0,0,0,0
Friday After Next,2002,85.0,20,6.355,1627.1128404669262,1152.0680741718988,0.0001749657100427108,0,0,0,1,0,0,1,0,0,0,0,0,0,0,0,0,0,0,0
Friday Night Lights,2004,118.0,35,6.908,1022.7712319443394,1241.8735103276763,0.00020550453290329256,0,0,0,0,0,0,1,0,0,0,0,0,0,0,0,0,0,0,0
Friday the 13th,2009,95.0,70,6.411,521.7708957708958,642.9941951872265,7.029014078348747e-05,0,0,0,0,0,0,0,0,0,0,1,0,0,0,0,0,0,0,0
Friend Request,2017,91.0,70,5.432,72.27248268970371,352.9501527813304,4.18061994321221e-05,0,0,0,0,0,0,0,0,0,0,0,0,0,0,0,1,0,0,0
Friends with Benefits,2011,110.0,59,6.651,756.3760745516524,934.8847032084909,0.00011857269342638797,0,0,0,1,0,0,0,0,0,0,0,0,0,1,0,0,0,0,0
Friends with Kids,2012,100.0,98,6.0,371.1298853952395,359.96853152555343,4.233513739594671e-05,0,0,0,1,0,0,1,0,0,0,0,0,0,1,0,0,0,0,0
Friends with Money,2006,88.0,53,5.1,910.7818700396824,2198.1465844758923,0.0011397250078418752,0,0,0,1,0,0,1,0,0,0,0,0,0,1,0,0,0,0,0
Friendship,2025,22.0,63,0.0,4197.269230769231,1043.5057557179525,0.00014404283547497185,0,0,0,0,0,0,1,0,0,0,0,0,0,0,0,0,0,0,0
From Hell,2001,122.0,28,6.69,926.2455298324865,826.4721682612291,9.764273480006011e-05,0,0,0,0,0,0,0,0,0,0,1,0,1,0,0,1,0,0,0
From Justin to Kelly,2003,81.0,1,3.19,1024.054347826087,1292.5304451820443,0.00022502584788700153,0,0,0,1,0,0,0,0,0,0,0,1,0,1,0,0,0,0,0
From Mexico with Love,2010,98.0,94,5.2,113.4012654012654,-420.23377271116374,1.046417593713302e-05,1,0,0,0,0,0,1,0,0,0,0,0,0,0,0,0,0,0,0
From Paris With Love,2010,92.0,35,6.35,428.6912949498919,624.0588490302675,6.794582075532865e-05,1,0,0,0,1,0,0,0,0,0,0,0,0,0,0,1,0,0,0
From Prada to Nada,2011,107.0,63,5.436,326.01819503553605,159.16616375026456,2.9544531336491234e-05,0,0,0,1,0,0,1,0,0,0,0,0,0,1,0,0,0,0,0
Frost/Nixon,2009,122.0,112,7.3,2262.8429599893834,1234.1734364388972,0.00020268927188646206,0,0,0,0,0,0,1,0,0,1,0,0,0,0,0,0,0,0,0
Frozen River,2008,97.0,32,6.6,1331.6674407803066,2922.9404284445327,0.004175306286026196,0,0,0,0,1,0,1,0,0,0,0,0,0,0,0,0,0,0,0
Fruitvale Station,2013,82.0,112,7.362,1687.3432295152973,1465.0817956354786,0.0003065328593127798,0,0,0,0,0,0,1,0,0,0,0,0,0,0,0,0,0,0,0
Fugitive Pieces,2008,104.0,25,6.2,367.8077101718532,728.7028506665995,8.195502509496086e-05,0,0,0,0,0,0,1,0,0,0,0,0,0,0,0,0,0,0,0
Full Frontal,2002,112.0,10,4.6,1026.514730405781,1508.6387217405413,0.00033140895837329684,0,0,0,1,0,0,0,0,0,0,0,0,0,1,0,0,0,0,0
Fun Size,2012,87.0,49,5.567,158.02460356965088,559.1890406991663,6.049147286108474e-05,0,0,0,1,0,0,0,0,0,0,0,0,0,0,0,0,0,0,0
Fun With Dick And Jane,2006,90.0,62,6.208,1373.4036441746907,626.8810146285732,6.829020063642537e-05,0,0,0,1,1,0,0,0,0,0,0,0,0,0,0,0,0,0,0
Funny Games,2008,111.0,5,6.563,640.2470970738505,1749.433310344975,0.00051015480971216,0,0,0,0,0,0,0,0,0,0,1,0,0,0,0,1,0,0,0
Funny Money,2007,98.0,1,5.189,150.98890496864448,1616.186392855589,0.0004018242397517161,0,0,0,1,1,0,0,0,0,0,0,0,0,0,0,0,0,0,0
Funny People,2009,146.0,49,5.892,629.5437895437896,874.2003362622382,0.00010635853841723728,0,0,0,1,0,0,1,0,0,0,0,0,0,0,0,0,0,0,0
Furiosa: A Mad Max Saga,2024,149.0,49,7.5,508.7619047619048,720.1977063300732,8.071580847310766e-05,1,1,0,0,0,0,0,0,0,0,0,0,0,0,1,0,0,0,0
Furious 7,2015,139.0,77,7.223,1703.14600238018,710.7140779698402,7.935610729170447e-05,1,0,0,0,1,0,0,0,0,0,0,0,0,0,0,1,0,0,0
Furry Vengeance,2010,92.0,77,5.036,255.6752829930272,483.85205079519716,5.285451852616041e-05,0,0,0,1,0,0,0,1,0,0,0,0,0,0,0,0,0,0,0
Fury,2015,92.0,80,7.428,588.0045064075483,463.4891903302193,5.0961224354004425e-05,0,0,0,0,1,0,1,0,0,0,0,0,0,0,0,0,0,0,0
G.I. Joe: Retaliation,2013,110.0,114,5.648,541.1313380682899,679.561418987319,7.504878147174375e-05,1,1,0,0,0,0,0,0,0,0,0,0,0,0,1,1,0,0,0
G.I. Joe: The Rise of Cobra,2009,118.0,91,5.791,730.5177386715849,352.1221754347605,4.1744236587578994e-05,1,1,0,0,0,0,0,0,0,0,0,0,0,0,1,1,0,0,0
Gaia,2021,117.0,10,0.0,90.1218161683278,705.1860659131552,7.857412851308826e-05,0,0,0,0,0,0,1,0,0,0,0,0,0,0,0,0,0,0,0
Game Night,2018,100.0,119,6.846,350.56410616815424,1164.9227562935462,0.00017904156374486203,0,0,0,1,1,0,0,0,0,0,0,0,1,0,0,0,0,0,0
Gamer,2009,95.0,21,5.695,575.3446553446554,836.1322427682453,9.934715956824249e-05,1,0,0,0,0,0,0,0,0,0,0,0,0,0,1,1,0,0,0
Gang Related,1997,111.0,12,6.4,544.8026054941943,1127.1600558752648,0.00016733028535505736,1,0,0,0,1,0,1,0,0,0,0,0,0,1,0,1,0,0,0
Gangs of New York,2003,168.0,35,7.314,1518.2973080282698,1392.656020462939,0.00026923400895948623,0,0,0,0,1,0,1,0,0,1,0,0,0,0,0,0,0,0,0
Gangster Squad,2013,113.0,84,6.4,373.45064377682405,555.3803690247739,6.008015154722653e-05,1,0,0,0,1,0,1,0,0,0,0,0,0,0,0,1,0,0,0
Gattaca,1997,107.0,14,7.561,992.6292834890966,1416.6155468256559,0.0002810414548118509,0,0,0,0,0,0,0,0,0,0,0,0,1,1,1,1,0,0,0
Gayby,2012,12.0,21,4.375,750.3015596482496,944.7719548853325,0.00012069157326996271,0,0,0,0,0,0,0,0,0,0,0,0,0,1,0,0,0,0,0
Gemini Man,2019,117.0,56,6.275,396.08999032583415,354.36722706010835,4.191246165759457e-05,1,1,0,0,0,0,0,0,0,0,0,0,0,0,1,1,0,0,0
Genesis,2005,77.0,4,6.2,2243.727598566308,2078.613881965304,0.0009200339587296251,0,0,0,0,0,1,0,0,0,0,0,0,0,0,0,0,0,0,0
Genius,2016,82.0,70,6.1,424.3758333333333,-240.5102768551858,1.443874938092397e-05,0,0,0,1,0,0,0,1,0,0,0,0,0,0,0,0,1,0,0
Georgia Rule,2007,113.0,28,5.968,453.7518572117704,929.3553973979347,0.00011740400048033949,0,0,0,1,0,0,1,0,0,0,0,0,0,1,0,0,0,0,0
Geostorm,2018,109.0,84,6.119,277.41951778671483,355.60752181705686,4.200568933969015e-05,1,0,0,0,0,0,0,0,0,0,0,0,0,0,1,1,0,0,0
Get Carter,2000,112.0,21,6.992,545.5831652301486,1006.3093347442166,0.00013475749073317198,0,0,0,0,1,0,0,0,0,0,0,0,0,0,0,1,0,0,0
Get Hard,2015,100.0,105,6.023,489.4970145689039,855.226674123798,0.00010280420684909387,0,0,0,1,0,0,0,0,0,0,0,0,0,0,0,0,0,0,0
Get Him to the Greek,2010,109.0,70,5.985,672.1494072181829,500.7647239625801,5.448038265249284e-05,0,1,0,1,0,0,0,0,0,0,0,1,0,0,0,0,0,0,0
Get Low,2010,103.0,39,6.704,914.1723979825769,2464.3663107293846,0.0018361938531783607,0,0,0,1,0,0,1,0,0,0,0,0,1,0,0,0,0,0,0
Get on Up,2014,139.0,49,6.763,508.9721166032953,633.7599967892604,6.91369511802522e-05,0,0,0,0,0,0,1,0,0,1,0,1,0,0,0,0,0,0,0
Get Over It,2001,87.0,21,5.6,465.99472990777343,1381.6377182431331,0.0002639719006137911,0,0,0,1,0,0,0,0,0,0,0,0,0,1,0,0,0,0,0
Get Rich or Die Tryin',2006,117.0,69,6.808,1473.8839191590614,279.7792532671599,3.667024945650119e-05,0,0,0,0,1,0,1,0,0,0,0,1,0,0,0,0,0,0,0
Get Smart,2008,110.0,120,6.202,636.3824508437839,995.0721091875146,0.00013207188458046898,1,0,0,1,0,0,0,0,0,0,0,0,0,0,0,1,0,0,0
Getaway,2013,90.0,35,5.0,229.2518700183936,728.7382473672498,8.196022201921257e-05,1,0,0,0,1,0,0,0,0,0,0,0,0,0,0,0,0,0,0
Ghost Rider,2007,114.0,35,5.582,1356.2686238026324,886.2817232367737,0.00010868551239679121,1,0,0,0,0,0,0,0,1,0,0,0,0,0,0,1,0,0,0
Ghost Ship,2002,91.0,24,5.995,790.8368074856402,907.3783012813301,0.00011287161930003135,0,0,0,0,0,0,0,0,0,0,1,0,1,0,0,1,0,0,0
Ghost Team,2016,83.0,7,4.5,108.8047619047619,764.5351115288469,8.738824545913781e-05,0,0,0,1,0,0,0,0,0,0,1,0,0,0,0,0,0,0,0
Ghost Team One,2013,107.0,3,5.045,219.4134477825465,1381.3331662141106,0.0002638279229977442,0,0,0,1,0,0,0,0,0,0,1,0,0,0,0,0,0,0,0
Ghost Town,2008,102.0,56,6.53,334.08508061840627,766.2829010639608,8.766228704192127e-05,0,0,0,1,0,0,1,0,1,0,0,0,0,1,0,0,0,0,0
Ghost World,2001,111.0,26,7.08,4437.406832298137,1463.3620651296226,0.0003055899653035851,0,0,0,1,0,0,1,0,0,0,0,0,0,0,0,0,0,0,0
Ghostbusters,2016,107.0,119,7.5,545.0966954022989,1093.7942798954557,0.00015762171192710965,0,0,0,1,0,0,0,0,1,0,0,0,0,0,0,0,0,0,0
Ghostbusters: Afterlife,2022,124.0,112,7.335,384.46453480205287,796.4157484854246,9.252436135669475e-05,0,1,0,1,0,0,0,0,1,0,0,0,0,0,1,0,0,0,0
Ghostbusters: Frozen Empire,2024,115.0,98,6.5,442.4933333333333,603.8403524021658,6.552888771899169e-05,0,1,0,1,0,0,0,0,1,0,0,0,0,0,0,0,0,0,0
Ghostlight,2024,90.0,63,7.6,595.8333333333334,-438.70678986544885,1.0123555310517451e-05,0,0,0,0,0,0,0,0,0,0,1,0,0,0,0,0,0,0,0
Ghosts of Girlfriends Past,2009,115.0,105,5.956,436.10846930846935,674.3484943607407,7.435120296216305e-05,0,0,0,1,0,0,0,0,1,0,0,0,0,1,0,0,0,0,0
Gift,2019,80.0,66,5.9,179.76996480250295,-669.8928036001505,6.690687895772932e-06,0,0,0,0,0,0,1,0,0,0,0,1,1,0,0,1,0,0,0
Gigantic,2009,99.0,53,5.64,414.4149184149184,490.8392320078889,5.352025019478039e-05,0,0,0,1,0,0,0,0,0,0,0,0,0,1,0,0,0,0,0
Gigi & Nate,2022,114.0,56,7.57,69.76546584165307,-75.65446322864693,1.939934624068773e-05,0,0,0,0,0,0,1,0,0,0,0,0,0,0,0,0,0,0,0
Gigli,2003,122.0,3,4.1,960.5471014492751,1585.482087834228,0.0003803191900937899,0,0,0,1,1,0,1,0,0,0,0,0,0,1,0,0,0,0,0
Gimme Shelter,2014,92.0,35,7.3,211.2151937627223,339.8740461687577,4.0838285539233626e-05,0,0,0,0,0,1,0,0,0,0,0,1,0,0,0,0,0,0,0
Girl in Progress,2012,93.0,42,5.624,360.3823419611747,447.34600999397804,4.9508582176277415e-05,0,0,0,1,0,0,1,0,0,0,0,0,0,0,0,0,0,0,0
Girl Interrupted,2000,5.0,66,0.0,917.4734630694384,-27.986176107526717,2.11287076062943e-05,0,0,0,1,0,0,0,0,0,0,0,0,0,0,0,0,0,0,0
Girl Most Likely,2013,103.0,56,5.587,270.0951213103267,-25.222808762632553,2.12335606862071e-05,0,0,0,1,0,0,0,0,0,0,0,0,0,0,0,0,0,0,0
Girl Rising,2013,101.0,1,7.043,2796.849785407725,2117.295634056062,0.0009860483000728945,0,0,0,0,0,1,0,0,0,0,0,0,0,0,0,0,0,0,0
Girl with a Pearl Earring,2004,101.0,67,6.622,1980.0652173913045,714.8081000048883,7.994024914284252e-05,0,0,0,0,0,0,1,0,0,0,0,0,0,1,0,0,0,0,0
Girlfight,2000,110.0,18,6.5,429.87514518002325,1565.3221166786534,0.00036682913311556956,0,0,0,0,0,0,1,0,0,0,0,0,0,0,0,0,0,0,0
Girls Rock!,2008,90.0,81,4.75,104.67254993032978,302.75057557215155,3.8210745446530846e-05,0,0,0,0,0,1,0,0,0,0,0,1,0,0,0,0,0,0,0
Girls Trip,2017,122.0,84,6.833,757.8645930832554,737.3933826851957,8.324090732008871e-05,0,1,0,1,0,0,0,0,0,0,0,0,0,1,0,0,0,0,0
Gladiator II,2025,148.0,70,6.656,854.265625,705.7004646277264,7.864656774057945e-05,1,1,0,0,0,0,1,0,0,0,0,0,0,0,0,0,0,0,0
Gleason,2016,120.0,35,5.167,760.7017857142858,2.0941327218664583,2.2298485004347714e-05,0,0,0,0,0,0,1,1,0,0,0,0,0,0,0,0,1,0,0
Glitter,2001,104.0,3,4.3,896.0530773574252,1394.9702490498034,0.00027035249601558913,0,0,0,0,0,0,1,0,0,0,0,1,0,1,0,0,0,0,0
Gloria,2014,123.0,112,6.9,759.6765161493411,175.65599201903433,3.0430294882765123e-05,0,0,0,0,1,0,1,0,0,0,0,0,0,0,0,1,0,0,0
Gloria Bell,2019,102.0,77,5.965,997.1093357170791,1231.2138956650683,0.00020161750931332255,0,0,0,0,0,0,1,0,0,0,0,0,0,1,0,0,0,0,0
Go For It!,2011,105.0,21,4.8,84.10023502509051,539.018302862537,5.834469346320962e-05,0,0,0,0,0,0,1,1,0,0,0,0,0,0,0,0,0,0,0
Go West,2023,80.0,37,6.478,481.2618969478176,421.4696180050347,4.7265984085226525e-05,0,0,0,1,0,0,0,0,0,0,0,0,0,0,0,0,0,0,1
God Bless the Broken Road,2018,111.0,63,7.1,111.41472757960211,-526.9084330357844,8.64395198382361e-06,0,0,0,0,0,0,1,1,0,0,0,0,0,1,0,0,0,0,0
God of Vampires,2010,109.0,4,2.0,497.9871618523613,905.248165783036,0.0001124417287731627,1,0,0,0,0,0,0,0,0,0,1,0,0,0,0,1,0,0,0
God's Army,2000,108.0,46,6.4,1754.0360046457608,328.80043081570466,4.003614460947084e-05,0,0,0,0,0,0,1,0,0,0,0,0,0,0,0,0,0,0,0
Gods and Generals,2003,219.0,14,6.3,864.4356884057971,1039.1391534465042,0.00014292047581713346,0,0,0,0,0,0,1,0,0,1,0,0,0,0,0,0,0,1,0
Gods of Egypt,2016,127.0,77,5.684,282.2684829059829,201.79362087427933,3.188902107145578e-05,1,1,0,0,0,0,0,0,1,0,0,0,0,0,0,0,0,0,0
Godsend,2004,102.0,17,4.853,593.0946968517422,769.7205717940245,8.820380050311559e-05,0,0,0,0,0,0,1,0,0,0,1,0,0,0,1,1,0,0,0
Godzilla,2014,138.0,104,5.641,990.0110081698472,455.918556009018,5.027474935024904e-05,1,0,0,0,0,0,0,0,0,0,0,0,0,0,1,1,0,0,0
Godzilla vs. Kong,2021,114.0,38,7.558,2006.2502768549284,1063.879157201423,0.00014939708725979602,1,1,0,0,0,0,0,0,0,0,0,0,0,0,1,0,0,0,0
Going All the Way,1997,110.0,14,4.625,1587.4267912772586,1101.1533160867639,0.0001597134005234727,0,0,0,0,0,0,1,0,0,0,0,0,0,1,0,0,0,0,0
Going in Style,2017,97.0,98,6.8,302.59156229780456,286.22603503856226,3.709620206872105e-05,0,0,0,1,1,0,1,0,0,0,0,0,0,0,0,0,0,0,0
Going the Distance,2010,93.0,49,5.4,236.12141968204065,161.2095761983395,2.9652879739547527e-05,0,0,0,1,0,0,0,0,0,0,0,0,0,1,0,0,0,0,0
Gold,2017,120.0,3,5.705,188.94365111745773,1141.5382298225225,0.00017169622405054213,1,1,0,0,0,0,0,0,0,0,0,0,0,0,0,1,0,0,0
Gomorrah,2009,16.0,60,0.0,6901.11936832327,-32.045186985638566,2.0975630797322754e-05,0,0,0,0,0,0,1,0,0,0,0,0,0,0,0,0,0,0,0
Gone,2012,88.0,49,5.0,231.9456197112992,96.43801288978875,2.640430377469062e-05,0,0,0,0,0,0,1,0,0,0,1,0,1,0,0,1,0,0,0
Gone Baby Gone,2008,113.0,75,7.304,625.0311545264511,1057.3987278140366,0.00014767275196549265,0,0,0,0,1,0,1,0,0,0,0,0,1,0,0,0,0,0,0
Gone Girl,2015,149.0,120,7.89,776.9073381586345,1205.2923586424615,0.00019246924283070492,0,0,0,0,0,0,1,0,0,0,0,0,1,0,0,1,0,0,0
Gone in the Night,2022,190.0,21,6.4,154.3434688532058,-211.45430231938371,1.5210205172640257e-05,0,0,0,0,0,0,1,0,0,0,0,0,0,0,0,0,1,0,0
Good Boy!,2003,87.0,25,5.538,774.1986956521739,713.6528778803302,7.977498602601503e-05,0,0,0,1,0,0,0,1,0,0,0,0,0,0,1,0,0,0,0
Good Boys,2019,90.0,77,6.845,492.5552781203935,629.2197285965281,6.857690864229311e-05,0,0,0,1,0,0,0,0,0,0,0,0,0,0,0,0,0,0,0
Good Burger,1997,95.0,28,6.1,804.09101023587,853.0274717587732,0.00010239998934082792,0,0,0,1,0,0,0,1,0,0,0,0,0,0,0,0,0,0,0
Good Fortune,2025,73.0,25,0.0,257.0869565217391,334.94300907077854,4.047912942748874e-05,0,0,0,0,0,1,0,0,0,0,0,0,0,0,0,0,0,0,0
Good Hair,2010,95.0,120,6.56,394.47241647241646,825.6333476883408,9.749612027585e-05,0,0,0,1,0,1,0,0,0,0,0,0,0,0,0,0,0,0,0
Good Luck Chuck,2007,101.0,28,5.915,730.670154736725,733.8225127883055,8.271012462575722e-05,0,0,0,1,0,0,0,0,0,0,0,0,0,1,0,0,0,0,0
Good Mourning,2022,5.0,7,0.0,116.40685245741618,443.7763772638559,4.919300148209956e-05,0,0,0,0,0,0,0,0,0,0,0,0,1,0,0,1,0,0,0
Good Time,2017,102.0,63,7.211,1342.3610058738575,1845.1478577867044,0.0006055747036017673,0,0,0,0,1,0,1,0,0,0,0,0,0,0,0,1,0,0,0
Good Will Hunting,1998,127.0,120,8.157,1524.6931289159577,1922.4888296187348,0.0006955668205795798,0,0,0,0,0,0,1,0,0,0,0,0,0,0,0,0,0,0,0
Goodbye Lover,1999,102.0,12,5.6,356.02340936374554,755.7013855720147,8.601622872207264e-05,0,0,0,1,1,0,0,0,0,0,0,0,1,0,0,1,0,0,0
Goodbye Solo,2009,91.0,120,6.914,770.4493783993785,812.3036160934189,9.519558948545844e-05,0,0,0,0,0,0,1,0,0,0,0,0,0,0,0,0,0,0,0
Goodland,2018,84.0,1,4.5,10449.538032656312,981.4270664651758,0.0001288826796658207,0,0,0,0,1,0,0,0,0,0,0,0,1,0,0,1,0,0,0
Goodnight Mommy,2015,91.0,59,6.254,1243.4044196524353,329.6873975857816,4.009980934222403e-05,0,0,0,0,0,0,0,0,0,0,1,0,1,0,0,1,0,0,0
Goodrich,2024,111.0,21,6.3,91.75,1369.4784117375,0.00025828416528292673,0,0,0,1,0,0,1,0,0,0,0,0,0,0,0,0,0,0,0
Goosebumps,2015,103.0,56,6.31,601.4731766124171,848.3827329242546,0.0001015514931219668,0,1,0,1,0,0,0,0,0,0,1,0,0,0,0,0,0,0,0
Gosford Park,2002,137.0,44,6.8,1630.6028340189832,583.040172983086,6.313210868001004e-05,0,0,0,0,0,0,1,0,0,0,0,0,1,0,0,1,0,0,0
Gossip,2000,90.0,19,5.811,239.43458980044343,944.3616765134637,0.0001206029005091025,0,0,0,0,0,0,0,0,0,0,0,0,1,0,0,1,0,0,0
Gothika,2004,98.0,88,6.113,1457.1024844720496,293.32745862091633,3.757113741129627e-05,0,0,0,0,0,0,0,0,0,0,1,0,1,0,0,1,0,0,0
Gotti,2018,117.0,26,6.5,483.74383481910365,308.90972180157723,3.863467957193322e-05,0,0,0,0,1,0,1,0,0,0,0,0,0,0,0,0,1,0,0
Goya's Ghosts,2007,114.0,46,6.6,555.6391702846116,407.22499684835816,4.6075113705258224e-05,0,0,0,0,0,0,1,0,0,1,0,0,0,0,0,0,0,0,0
Grace Unplugged,2013,102.0,63,5.877,209.6232930159969,-95.71724469398498,1.8714502556708783e-05,0,0,0,0,0,0,1,0,0,0,0,1,0,0,0,0,0,0,0
Gracie,2007,97.0,10,6.143,323.4182344428365,1792.682512974871,0.0005512515005557957,0,0,0,0,0,0,1,0,0,0,0,0,0,0,0,0,0,0,0
Gran Torino,2009,116.0,120,7.989,3296.906680600712,1676.7860109372887,0.0004479015050563522,0,0,0,0,0,0,1,0,0,0,0,0,0,0,0,0,0,0,0
Grand Theft Hamlet,2025,91.0,28,6.663,124.4,1463.587309054917,0.0003057132968126991,0,0,1,0,0,1,0,0,0,0,0,0,0,0,0,0,0,0,0
Grandma,2015,78.0,41,6.454,1227.627541235136,2783.5958149298917,0.003252958249831918,0,0,0,1,0,0,1,0,0,0,0,0,0,0,0,0,0,0,0
Gravity,2014,91.0,120,7.164,1118.4393685895104,1584.197145304282,0.0003794447572836679,0,0,0,0,0,0,1,0,0,0,0,0,0,0,1,1,0,0,0
Gray Matters,2007,96.0,1,5.756,895.3642064640618,1562.520696407158,0.0003649928187190063,0,0,0,1,0,0,0,0,0,0,0,0,0,1,0,0,0,0,0
Great Directors,2010,90.0,4,5.9,2304.8051352590555,1714.1475373895519,0.0004789053843138471,0,0,0,0,0,1,0,0,0,0,0,0,0,0,0,0,0,0,0
Great Expectations,1998,111.0,21,6.606,1177.6865030674846,1131.2941022133964,0.0001685740931418325,0,0,0,1,0,0,1,0,0,0,0,0,0,1,0,0,0,0,0
Greater,2016,130.0,105,7.182,333.9699669966997,751.7621974549803,8.541137560091784e-05,0,0,0,0,0,0,1,1,0,0,0,0,0,0,0,0,0,0,0
Green and Gold,2025,95.0,34,6.9,266.7692307692308,506.84090685678814,5.507663624293329e-05,0,0,0,0,0,0,1,0,0,0,0,0,0,0,0,0,0,0,0
Green Book,2019,130.0,120,8.225,855.0783552369573,1386.303735860421,0.00026618761950839443,0,0,0,1,0,0,1,0,0,1,0,0,0,0,0,0,0,0,0
Green is Gold,2016,81.0,7,6.2,84.77083333333333,913.4886046518113,0.00011411390316895282,0,0,0,0,1,0,1,0,0,0,0,0,0,0,0,0,0,0,0
Green Lantern,2011,114.0,105,5.176,629.1545872239514,601.374526731421,6.52400655255762e-05,1,1,0,0,0,0,0,0,0,0,0,0,0,0,1,1,0,0,0
Green Room,2016,95.0,56,6.726,281.7310515873016,1728.6443713165581,0.0004915053275714466,0,0,0,0,1,0,0,0,0,0,1,0,0,0,0,1,0,0,0
Green Street Hooligans,2005,109.0,32,7.271,278.863287250384,512.3379893102061,5.562168332750093e-05,0,0,0,0,1,0,1,0,0,0,0,0,0,0,0,0,0,0,0
Green Zone,2010,115.0,56,6.488,417.46659461583823,793.95963886305,9.211815846068495e-05,1,1,0,0,0,0,1,0,0,0,0,0,0,0,0,1,0,1,0
Greener Grass,2019,15.0,35,7.1,91.2472205151126,95.33578109430198,2.6352218710293312e-05,0,0,0,1,0,0,0,0,0,0,0,0,0,0,0,0,0,0,0
Gridiron Gang,2006,125.0,28,7.044,628.3510487528345,1188.0199952678831,0.00018660508376707157,0,0,0,0,1,0,1,0,0,0,0,0,0,0,0,0,0,0,0
Griff the Invisible,2011,93.0,47,5.672,262.37583370386835,726.5070854516271,8.163328746042536e-05,0,0,0,1,0,0,1,0,1,0,0,0,0,1,0,0,0,0,0
Grind,2003,104.0,3,5.909,631.6702898550724,1271.6258084613225,0.00021675475741699373,1,1,0,1,0,0,0,0,0,0,0,0,0,0,0,0,0,0,0
Gringo,2018,111.0,28,5.878,129.9937418216988,483.55576375130636,5.2826472342192213e-05,1,0,0,1,1,0,0,0,0,0,0,0,0,0,0,0,0,0,0
Grizzly Man,2005,103.0,60,7.529,883.868407578085,847.760921961677,0.00010143843622196561,0,0,0,0,0,1,0,0,0,0,0,0,0,0,0,0,0,0,0
Growing up Smith,2017,102.0,14,7.3,547.079559363525,1234.4700731544883,0.00020279700899352687,0,0,0,1,0,0,1,1,0,0,0,0,0,0,0,0,0,0,0
Grown Ups,2010,102.0,120,6.4,950.6793090480091,1121.8222232337878,0.00016573786032896936,0,0,0,1,0,0,0,0,0,0,0,0,0,0,0,0,0,0,0
Grown Ups 2,2013,101.0,120,6.144,851.6344267320662,1084.6056123271978,0.0001550483945871927,0,0,0,1,0,0,0,0,0,0,0,0,0,0,0,0,0,0,0
Grudge Match,2014,113.0,79,6.098,224.04247254891035,516.7332242937878,5.606135788775546e-05,0,0,0,1,0,0,0,0,0,0,0,0,0,0,0,0,0,0,0
Guess Who,2005,105.0,42,6.007,853.5546313988486,788.7338684282558,9.125981997097622e-05,0,0,0,1,0,0,0,0,0,0,0,0,0,1,0,0,0,0,0
Gulliver's Travels,2011,85.0,107,5.209,352.25333298063697,563.6973871669446,6.098199725847266e-05,0,1,0,1,0,0,0,1,1,0,0,0,0,0,0,0,0,0,0
Gully,2021,81.0,7,5.3,37.13811105837685,610.8283106142491,6.635435238360676e-05,0,0,0,0,1,0,1,0,0,0,0,0,0,0,0,0,0,0,0
Gun Hill Road,2011,86.0,44,5.729,1526.4490884837703,855.1595581254712,0.00010279184723017992,0,0,0,0,0,0,1,0,0,0,0,0,0,0,0,0,0,0,0
Gunner Palace,2005,85.0,88,6.3,91.35176651305684,854.4041354989523,0.00010265283625800481,0,0,0,0,0,1,0,0,0,1,0,0,0,0,0,0,0,1,0
Guru,2007,28.0,39,0.0,769.0368226402959,436.5874216069597,4.8563538960372665e-05,0,0,0,0,0,1,0,0,0,0,0,0,0,0,0,0,0,0,0
Hacksaw Ridge,2017,139.0,120,8.192,428.97302083333335,1431.993040929835,0.00028889102294882426,0,0,0,0,0,0,1,0,0,1,0,0,0,0,0,0,0,1,0
Hairspray,2007,117.0,53,6.666,1167.73634876044,599.6796203408808,6.504227968275084e-05,0,0,0,1,0,0,1,0,0,0,0,0,0,1,0,0,0,0,0
Half Baked,1998,82.0,14,6.315,1060.524101665206,1320.3480058529094,0.00023652356550644428,0,0,0,1,1,0,0,0,0,0,0,0,0,0,0,0,0,0,0
Half Nelson,2006,107.0,25,6.644,2751.170634920635,1719.472239083149,0.0004834953791750196,0,0,0,0,0,0,1,0,0,0,0,0,0,0,0,0,0,0,0
Half Past Dead,2002,98.0,12,5.1,892.1108949416342,1101.0663322996152,0.00015968851538398569,1,0,0,0,1,0,0,0,0,0,0,0,0,0,0,1,0,0,0
Hall Pass,2011,105.0,77,5.707,409.8372725540356,569.7945940410309,6.165172885436628e-05,0,0,0,1,0,0,0,0,0,0,0,0,0,1,0,0,0,0,0
Halloween,2019,91.0,77,7.6,758.6292313819196,561.4671528478327,6.073884454797662e-05,0,0,0,0,0,0,0,0,0,0,1,0,0,0,0,1,0,0,0
Halloween Ends,2022,111.0,35,6.1,506.10162092396456,925.2161686484199,0.00011653666440812172,0,0,0,0,0,0,0,0,0,0,1,0,0,0,0,1,0,0,0
Halloween Kills,2021,105.0,63,6.4,499.623650332226,606.3471745196114,6.582382255862658e-05,0,0,0,0,0,0,0,0,0,0,1,0,0,0,0,1,0,0,0
Halloween: Resurrection,2002,94.0,17,4.6,1545.223642764499,1237.0470472715317,0.00020373536723971588,0,0,0,0,0,0,0,0,0,0,1,0,0,0,0,1,0,0,0
Halston,2019,105.0,69,5.571,725.5647306974747,518.0552934210447,5.6194288929586e-05,0,0,0,0,0,1,0,0,0,0,0,0,0,0,0,0,0,0,0
Hamlet,2000,130.0,47,6.595,538.0255516840883,1079.2068528916172,0.00015355609136463223,0,0,0,0,0,0,1,0,0,1,0,0,0,0,0,0,0,0,0
Hampstead,2019,102.0,66,6.0,248.1565755324066,30.682722782271526,2.347022360560885e-05,0,0,0,1,0,0,0,0,0,0,0,0,0,1,0,0,0,0,0
Hancock,2008,92.0,62,6.35,1505.0601965511394,810.5081340906584,9.488989058479953e-05,1,0,0,0,0,0,0,0,1,0,0,0,0,0,0,0,0,0,0
Hands of Stone,2016,111.0,49,6.6,149.20731292517007,862.2220079813337,0.00010410060260310924,0,0,0,0,0,0,1,0,0,0,0,0,0,0,0,0,0,0,0
Hanging Up,2000,94.0,33,5.2,875.9745343485182,811.9058313524781,9.512777781152133e-05,0,0,0,1,0,0,1,0,0,0,0,0,0,0,0,0,0,0,0
Hannibal,2001,131.0,109,6.766,1657.2956270782358,953.2261160360117,0.00012253333959742914,0,0,0,0,1,0,1,0,0,0,0,0,0,0,0,1,0,0,0
Hannibal Rising,2007,121.0,21,6.252,694.3900271663239,1099.4842538007583,0.00015923657549284025,0,0,0,0,1,0,0,0,0,0,1,0,0,0,0,1,0,0,0
Happily N'Ever After,2007,87.0,15,5.047,888.8213539154204,663.0241127121641,7.285806816454242e-05,0,1,1,1,0,0,0,1,1,0,0,0,0,0,0,0,0,0,0
Happy Death Day,2017,97.0,63,6.662,410.8045185638515,643.8177228292277,7.039391446681605e-05,0,0,0,1,0,0,0,0,0,0,1,0,1,0,0,0,0,0,0
Happy Death Day 2U,2019,100.0,51,6.325,291.1415798231691,735.2650550882054,8.292413890325504e-05,0,0,0,1,0,0,0,0,0,0,1,0,0,0,1,0,0,0,0
Happy Endings,2005,128.0,53,5.556,142.63696876600102,187.1158187512301,3.1061461393213674e-05,0,0,0,1,0,0,1,0,0,0,0,0,0,1,0,0,0,0,0
Happy Feet,2007,108.0,95,6.214,1587.213827838828,772.1780548450521,8.859296067418462e-05,0,0,1,1,0,0,0,1,0,0,0,0,0,0,0,0,0,0,0
Happy Feet Two,2012,99.0,112,6.194,394.0086069999364,762.2093739515128,8.70249135165175e-05,0,0,1,1,0,0,0,1,0,0,0,0,0,0,0,0,0,0,0
Happy Tears,2010,96.0,21,5.014,161.23590096286108,526.2034168608236,5.702055038656702e-05,0,0,0,1,0,0,1,0,0,0,0,0,0,0,0,0,0,0,0
Happy-Go-Lucky,2009,118.0,102,6.596,335.8244310264747,1150.4806181886088,0.00017446885293167006,0,0,0,1,0,0,1,0,0,0,0,0,0,0,0,0,0,0,0
Hard Candy,2006,104.0,46,6.815,402.11805555555554,844.341856711276,0.00010081903102199839,0,0,0,0,0,0,1,0,0,0,0,0,0,0,0,1,0,0,0
Hard Luck Love Song,2021,104.0,14,4.1,40.43927648578812,383.6558214619621,4.417022800441471e-05,0,0,0,0,0,0,1,0,0,0,0,1,0,1,0,1,0,0,0
Hard Rain,1998,97.0,21,5.858,729.8761320479111,989.7815989253212,0.00013082609181447604,1,0,0,0,1,0,0,0,0,0,0,0,0,0,0,1,0,0,0
Hardball,2001,106.0,28,6.491,882.9240945390014,1179.6188723308999,0.00018381773619152042,0,0,0,0,0,0,1,0,0,0,0,0,0,0,0,0,0,0,0
Hardcore Henry,2016,96.0,35,6.392,172.54849537037035,528.1479891029082,5.721952899543476e-05,1,1,0,0,0,0,0,0,0,0,0,0,0,0,1,0,0,0,0
Harold and the Purple Crayon,2024,7.0,63,6.8,194.28205128205127,-44.88569050627848,2.049864443523397e-05,0,0,1,0,0,0,0,1,0,0,0,0,0,0,0,0,0,0,0
Harry and Max,2005,74.0,4,5.419,1963.26164874552,1574.3512999033685,0.0003728108190998078,0,0,0,0,0,0,1,0,0,0,0,0,0,1,0,0,0,0,0
Harry Brown,2010,103.0,67,6.821,795.77487391105,259.53356071569067,3.5364111664939145e-05,1,0,0,0,1,0,1,0,0,0,0,0,0,0,0,1,0,0,0
Harsh Times,2006,116.0,1,6.434,1493.5813492063492,1721.9361939883825,0.0004856342184902503,1,0,0,0,1,0,1,0,0,0,0,0,0,0,0,1,0,0,0
Hart's War,2002,125.0,14,6.4,776.7211943143016,1813.93928741016,0.0005726476932357816,0,0,0,0,0,0,1,0,0,0,0,0,0,0,0,0,0,1,0
Harvard Beats Yale 29-29,2009,105.0,90,6.923,584.4217371110079,822.2588720705229,9.690852828361839e-05,0,0,0,0,0,1,1,0,0,0,0,0,0,0,0,0,0,0,0
Hayride 2,2015,92.0,5,4.3,54.675949367088606,276.38550056111046,3.6447985619959236e-05,1,0,0,0,0,0,0,0,0,0,1,0,0,0,0,1,0,0,0
Haywire,2012,93.0,63,5.713,297.316243570599,978.0392946610157,0.00012810287508965474,1,0,0,0,0,0,1,0,0,0,0,0,0,0,0,1,0,0,0
He's Just Not That Into You,2009,129.0,120,6.614,523.4515900765902,1196.858744419666,0.00018958326641211977,0,0,0,1,0,0,1,0,0,0,0,0,0,1,0,0,0,0,0
Head Above Water,1997,92.0,9,6.0,256.12045690550366,1012.3539687728154,0.0001362246276758504,0,0,0,1,0,0,0,0,0,0,0,0,0,0,0,1,0,0,0
Head Full of Honey,2018,127.0,7,6.3,549.8913352676794,1295.8108205377314,0.00022635210242197512,0,0,0,0,0,0,1,0,0,0,0,0,0,0,0,0,0,0,0
Head Over Heels,2001,87.0,18,5.611,424.9828432437128,1063.1556451679085,0.00014920357845939187,0,0,0,1,0,0,0,0,0,0,0,0,0,1,0,0,0,0,0
Heart Eyes,2025,97.0,56,6.4,232.68627450980392,575.6130348613161,6.229769753486593e-05,0,0,0,1,0,0,0,0,0,0,1,0,0,1,0,0,0,0,0
Heart of Africa,2020,90.0,5,9.0,292.1978361669242,1132.2008898605818,0.00016884815175856614,0,0,0,0,0,0,1,0,0,0,0,0,0,0,0,0,0,0,0
Heart of Champions,2021,119.0,3,6.545,139.4192198843362,723.0189412164596,8.112477711886914e-05,0,0,0,0,0,0,1,0,0,0,0,0,0,0,0,0,0,0,0
Heartbreakers,2001,123.0,60,6.109,565.1049413121569,489.88616674771225,5.34289515496775e-05,0,0,0,1,1,0,0,0,0,0,0,0,0,1,0,0,0,0,0
Hearts in Atlantis,2001,101.0,21,6.7,956.0592616493238,1453.9271078501574,0.0003004683346774934,0,0,0,0,0,0,1,0,0,0,0,0,0,0,0,0,0,0,0
Heaven,2021,96.0,120,6.4,73.17040185471406,1204.7819232950815,0.00019229332989260895,0,0,0,0,1,0,1,0,0,0,0,0,0,1,0,1,0,0,0
Heaven is for Real,2014,99.0,117,6.758,624.4077282566562,1260.1321641244615,0.00021233745336562466,0,0,0,0,0,0,1,0,0,0,0,0,0,0,0,0,0,0,0
Heaven Knows What,2015,97.0,70,6.478,438.98440097174273,823.9320100952243,9.719942513862313e-05,0,0,0,0,1,0,1,0,0,0,0,0,0,0,0,0,0,0,0
Heights,2005,98.0,81,6.333,728.4101382488479,2093.639007962552,0.0009451339804171716,0,0,0,0,0,0,1,0,0,0,0,0,0,1,0,0,0,0,0
Heist,2001,107.0,28,6.311,850.4415150067324,934.852634784036,0.0001185658819056901,1,0,0,0,1,0,1,0,0,0,0,0,0,0,0,1,0,0,0
Held Up,2000,89.0,46,5.5,421.69570267131246,509.71438681713704,5.536087813686165e-05,0,0,0,1,0,0,0,0,0,0,0,0,0,0,0,0,0,0,0
Hell Fest,2018,89.0,42,5.683,189.915514592934,739.6289783681119,8.357494406985451e-05,0,0,0,0,0,0,0,0,0,0,1,0,0,0,0,1,0,0,0
Hell House LLC: Lineage,2025,108.0,16,4.932,44.0,773.0040822693899,8.872415325998855e-05,0,0,0,0,0,0,0,0,0,0,1,0,1,0,0,0,0,0,0
Hell of a Summer,2025,88.0,21,5.6,159.63636363636363,766.7400450236779,8.77341057965726e-05,0,0,0,1,0,0,0,0,0,0,1,0,1,0,0,0,0,0,0
Hell or High Water,2016,102.0,98,7.301,815.1307823129251,786.9234387317688,9.096432407462197e-05,0,0,0,0,1,0,1,0,0,0,0,0,0,0,0,0,0,0,1
Hellbent,2005,85.0,25,5.4,363.8044034818228,1057.8177122462673,0.00014778363254738772,0,0,0,0,0,0,0,0,0,0,1,0,0,0,0,0,0,0,0
Hellboy,2019,122.0,35,6.672,492.865053589748,992.5523065935841,0.0001314770567110738,1,0,0,0,0,0,0,0,1,0,0,0,0,0,0,0,0,0,0
Hello Herman,2013,88.0,7,5.8,108.04353157572042,894.3430384682406,0.00011026643797491964,0,0,0,0,0,0,1,0,0,0,0,0,0,0,0,0,0,0,0
Henchmen,2020,89.0,21,6.394,29.112662839478915,726.337058415739,8.160842675897527e-05,0,1,1,1,0,0,0,0,0,0,0,0,0,0,0,0,0,0,0
Henry's Crime,2011,108.0,53,5.804,620.7114273010226,619.5822908874925,6.740311926747517e-05,0,0,0,1,1,0,0,0,0,0,0,0,0,0,0,0,0,0,0
Her,2014,126.0,120,7.846,2502.139980191482,1522.5269959950544,0.00033975769001035516,0,0,0,0,0,0,1,0,0,0,0,0,0,1,1,0,0,0,0
Hercules,2014,93.0,84,7.495,502.585948954994,553.7969178277788,5.990996934728749e-05,0,1,1,1,0,0,0,1,1,0,0,0,0,1,0,0,0,0,0
Here,2024,126.0,35,5.0,176.3125,709.1412762227118,7.913283393026444e-05,0,1,0,0,0,0,1,0,0,0,0,0,0,1,0,0,0,0,0
Here After,2021,52.0,3,6.0,2161.3830441737423,450.9982483791398,4.983356121111384e-05,0,0,0,0,0,0,1,0,0,0,0,0,0,0,0,0,0,0,0
Here Comes the Boom,2013,105.0,120,6.218,438.8537286234932,1075.6348325597887,0.00015257663194710838,1,0,0,1,0,0,1,0,0,0,0,0,0,0,0,0,0,0,0
Here on Earth,2000,96.0,27,5.816,465.40201668250455,939.4019990995529,0.00011953611391803226,0,0,0,0,0,0,1,0,0,0,0,0,0,1,0,0,0,0,0
Here Today,2021,117.0,38,6.939,107.1184744807756,661.7363850428376,7.269018965787672e-05,0,0,0,1,0,0,1,0,0,0,0,0,0,0,0,0,0,0,0
Hereafter,2011,129.0,91,6.125,1089.225680326093,788.4005431147574,9.120534305745671e-05,0,0,0,0,0,0,1,0,1,0,0,0,0,0,0,0,0,0,0
Hereditary,2018,128.0,84,7.29,434.1686227657132,1517.0509869414439,0.0003364410427992709,0,0,0,0,0,0,0,0,0,0,1,0,1,0,0,1,0,0,0
Heretic,2024,94.0,38,3.8,487.9090909090909,1085.3646771578951,0.000155259371872329,0,0,0,0,0,0,0,0,0,0,1,0,0,0,0,0,0,0,0
Hesher,2011,106.0,18,6.794,1177.403290351267,1706.56990944966,0.0004724483530598246,0,0,0,0,0,0,1,0,0,0,0,0,0,0,0,0,0,0,0
Hey Arnold! The Movie,2002,76.0,10,6.5,719.2562534741522,1117.442877076778,0.0001644427021834861,0,1,1,1,0,0,1,1,0,0,0,0,0,0,0,1,0,0,0
Hidden Figures,2017,127.0,120,8.05,2025.2404166666668,1504.7203182830544,0.00032909079372930297,0,0,0,0,0,0,1,0,0,1,0,0,0,0,0,0,0,0,0
Hide and Seek,2005,101.0,25,6.33,1139.7844807522226,810.7750009758452,9.49352651727697e-05,0,0,0,0,0,0,0,0,0,0,1,0,1,0,0,0,0,0,0
High Crimes,2002,115.0,34,6.357,845.8183117605021,414.228533534177,4.665682204202343e-05,0,0,0,0,1,0,1,0,0,0,0,0,1,0,0,1,0,0,0
High Life,2019,80.0,56,5.944,1108.8950500027936,1324.650949366152,0.00023835381048977156,0,0,0,1,1,0,0,0,0,0,0,0,0,0,0,0,0,0,0
High Tension,2005,63.0,3,5.4,766.0727086533539,967.9962227828527,0.00012581875566936119,0,0,0,1,0,0,0,0,0,0,0,0,0,0,0,0,0,0,0
Higher Ground,2011,109.0,11,5.926,2475.8870609159626,3182.905464097913,0.006651822521868692,0,0,0,0,0,0,1,0,0,0,0,0,0,0,0,1,0,0,0
Highlander: Endgame,2000,87.0,27,4.8,542.5264089375588,809.640302244993,9.474248557859496e-05,1,1,0,0,0,0,0,0,1,0,0,0,0,0,0,0,0,0,0
Highway,2014,97.0,7,5.504,770.7405395618324,1475.160980329826,0.0003121178619097493,1,1,0,0,0,0,1,0,0,0,0,0,0,0,0,0,0,0,0
Highwaymen,2004,80.0,4,5.7,323.1074642668078,1101.5705257253358,0.00015983281369710492,1,0,0,0,1,0,0,0,0,0,1,0,0,0,0,1,0,0,0
Hilary and Jackie,1999,121.0,44,6.5,276.8993865030675,745.9639231564169,8.452879343213326e-05,0,0,0,0,0,0,1,0,0,0,0,1,0,0,0,0,0,0,0
Hillsong: Let Hope Rise,2016,103.0,38,5.5,215.7366228070176,338.30790627012107,4.0723870472745394e-05,0,0,0,0,0,1,0,0,0,0,0,1,0,0,0,0,0,0,0
Him,2025,13.0,35,4.0,266.1111111111111,647.5943853232147,7.087178195552245e-05,0,0,0,0,0,0,1,0,0,0,0,0,0,0,0,0,0,0,0
His Only Son,2023,104.0,14,7.776,480.7482769937644,1647.2709959857098,0.0004248346147912684,0,0,0,0,0,0,1,0,1,0,0,0,0,0,0,0,0,0,0
Hit & Run,2012,100.0,47,5.716,203.8479501816295,119.98719709002512,2.754202968459528e-05,1,0,0,1,0,0,0,0,0,0,0,0,0,1,0,0,0,0,0
Hit the Road,2022,61.0,39,0.0,108.00478305432182,171.94718083088958,3.0228786458619057e-05,0,0,0,1,1,0,0,0,0,0,0,0,0,0,0,0,0,0,0
Hitch,2005,118.0,56,6.571,1481.8046412113229,997.5266094664256,0.00013265388440768093,0,0,0,1,0,0,1,0,0,0,0,0,0,1,0,0,0,0,0
Hitman,2008,89.0,90,6.142,406.8396044380125,460.7539258261082,5.071212657863896e-05,1,0,0,0,0,0,1,0,0,0,0,0,0,0,0,1,0,0,0
Hitman: Agent 47,2015,96.0,49,5.884,277.26253164556965,434.95795176987843,4.842198657513398e-05,1,0,0,0,1,0,0,0,0,0,0,0,0,0,0,1,0,0,0
Hive,2021,15.0,3,0.0,5297.545219638244,1342.1022128107302,0.0002459230009129742,0,0,0,0,0,0,1,0,0,0,0,0,1,0,0,0,0,0,0
Hobo with a Shotgun,2011,86.0,60,5.9,85.5913739439751,444.68691476279207,4.927330778839705e-05,1,0,0,0,1,0,0,0,0,0,0,0,0,0,0,1,0,0,0
Hockeyland,2022,109.0,21,5.667,96.64925895195796,1275.1450697707285,0.00021812558902172663,0,0,0,0,0,1,0,0,0,0,0,0,0,0,0,0,0,0,0
Hold Your Fire,2022,93.0,11,7.0,56.54210796036897,1233.9994545121922,0.00020262610907274825,0,0,0,0,0,1,0,0,0,0,0,0,0,0,0,0,0,0,0
Holler,2021,3.0,14,10.0,78.81532457944418,673.7634002557229,7.427331319822063e-05,0,0,0,0,0,0,1,0,1,0,0,0,0,0,0,0,0,0,0
Hollow Man,2000,112.0,42,6.0,1188.693711630994,547.730426357838,5.9262419488442405e-05,1,0,0,0,0,0,0,0,0,0,0,0,0,0,1,1,0,0,0
Hollywood Homicide,2003,116.0,19,5.2,908.5594965675056,936.892413950801,0.00011899992299861096,1,1,0,1,0,0,0,0,0,0,0,0,0,0,0,1,0,0,0
Holmes & Watson,2019,90.0,56,4.276,341.6171154612015,301.8830014784272,3.815140526226887e-05,0,0,0,1,1,0,0,0,0,0,0,0,1,0,0,0,0,0,0
Holy Rollers,2010,89.0,46,5.717,828.7826685006878,875.1705388019855,0.00010654355322001209,0,0,0,0,0,0,1,0,0,0,0,0,0,0,0,0,0,0,0
Holy Smoke,2000,115.0,46,5.7,7490.582232893158,889.7636576936444,0.00010936556368725174,0,0,0,1,0,0,1,0,0,0,0,0,0,0,0,0,0,0,0
Home,2015,11.0,120,6.8,704.094465948321,827.3569839349022,9.779762759863072e-05,0,0,0,0,0,0,1,0,0,0,0,0,0,0,0,0,0,0,0
Home Again,2017,101.0,63,4.1,240.58835719790432,-495.8616992843722,9.138325996852581e-06,0,0,0,0,0,0,1,0,0,0,0,0,0,0,0,0,0,0,0
Home Fries,1998,93.0,17,5.095,502.539516420065,1179.3493375268285,0.00018372900186294468,0,0,0,1,0,0,1,0,0,0,0,0,0,1,0,0,0,0,0
Homefront,2014,100.0,37,6.94,385.2503189885165,480.0948049394239,5.249996220175508e-05,1,0,0,0,0,0,0,0,0,0,0,0,0,0,0,1,0,0,0
Homestead,2025,15.0,45,10.0,285.5777777777778,-105.7396124660579,1.838149812663114e-05,0,0,0,0,0,0,0,0,0,0,1,0,0,0,0,1,0,0,1
Honest Thief,2020,99.0,69,6.485,122.083130933981,-53.22816456914484,2.0194574780409436e-05,1,0,0,0,1,0,0,0,0,0,0,0,0,0,0,1,0,0,0
Honey,2004,94.0,74,6.346,1155.7940821256038,462.40818146239087,5.086263207327054e-05,0,0,0,0,0,0,1,0,0,0,0,1,0,1,0,0,0,0,0
Honeydripper,2008,124.0,5,5.9,875.735648818138,1524.7614092936128,0.00034112037830104206,0,0,0,0,0,0,1,0,0,0,0,1,0,0,0,0,0,0,0
Honeyland,2019,10.0,105,6.0,619.9611523921261,119.73448949077158,2.7529564170577802e-05,0,0,1,0,0,0,0,1,0,0,0,0,0,0,0,0,0,0,0
Hoodlum,1997,130.0,37,6.385,682.0274480087564,785.0049162720223,9.065222955567675e-05,0,0,0,0,1,0,1,0,0,0,0,0,0,0,0,0,0,0,0
Hoodwinked,2006,120.0,67,6.3,962.1851851851852,11.293380286740557,2.2668999602502714e-05,0,0,0,1,1,0,1,0,0,0,0,0,0,0,0,0,1,0,0
Hoot,2006,91.0,25,5.656,346.8462301587302,774.8367066841635,8.901591118553478e-05,0,1,0,0,0,0,0,1,0,0,0,0,0,0,0,0,0,0,0
Hop,2011,95.0,77,5.797,641.189735120371,313.59551670382757,3.896035041759045e-05,0,0,1,1,0,0,0,1,0,0,0,0,0,0,0,0,0,0,0
Hope Floats,1998,114.0,42,6.402,1134.2706690037978,598.8339739873518,6.494382194162895e-05,0,0,0,1,0,0,1,0,0,0,0,0,0,1,0,0,0,0,0
Hope Gap,2020,100.0,14,6.284,249.7469088098918,1127.402181177449,0.00016740287976241177,0,0,0,0,0,0,1,0,0,0,0,0,0,0,0,0,0,0,0
Hope Springs,2012,90.0,75,5.3,628.1725291742714,231.17854249746574,3.361263827425498e-05,0,0,0,1,0,0,0,0,0,0,0,0,0,1,0,0,0,0,0
Horns,2014,120.0,1,6.292,428.4410646387833,2037.0559757525955,0.000854027556116074,0,0,0,0,0,0,1,0,1,0,0,0,0,0,0,1,0,0,0
Horrible Bosses,2011,98.0,112,6.571,673.5971542907959,1187.3664503765717,0.00018638674093525006,0,0,0,1,1,0,0,0,0,0,0,0,0,0,0,0,0,0,0
Horrible Bosses 2,2015,108.0,86,6.18,376.33747553768535,703.3100484188556,7.831050682366936e-05,0,0,0,1,0,0,0,0,0,0,0,0,0,0,0,0,0,0,0
Horror Nights,2020,89.0,5,0.0,584.1537867078825,982.34346796283,0.00012909443342175902,0,0,0,0,0,0,0,0,0,0,1,0,0,0,0,0,0,0,0
Hostage,2005,113.0,81,6.345,863.7778874990855,587.3357999055909,6.361979790937116e-05,1,0,0,0,1,0,0,0,0,0,0,0,0,0,0,1,0,0,0
Hostel,2006,94.0,21,5.946,1450.4787887377172,1355.9384702561488,0.0002520947098921527,0,0,0,0,0,0,0,0,0,0,1,0,0,0,0,0,0,0,0
Hostel: Part II,2007,93.0,14,5.846,736.5023085934808,1427.6558037161521,0.0002866551074827169,0,0,0,0,0,0,0,0,0,0,1,0,0,0,0,0,0,0,0
Hostiles,2018,71.0,120,3.7,813.936216510268,691.7380160187673,7.670382385889758e-05,0,0,0,0,0,0,1,0,0,0,0,0,0,0,0,1,0,0,0
Hot Pursuit,2015,93.0,84,5.677,309.45748324646314,240.2447528490443,3.416300752327336e-05,0,0,0,1,0,0,0,0,0,0,0,0,0,0,0,0,0,0,0
Hot Rod,2007,88.0,56,6.394,252.609830473434,482.103227189579,5.2689192106237795e-05,1,0,0,1,0,0,0,0,0,0,0,0,0,0,0,0,0,0,0
Hot Tub Time Machine,2010,101.0,76,6.043,463.846376601752,546.2073973199134,5.91009503654177e-05,0,1,0,1,0,0,0,0,0,0,0,0,0,0,1,0,0,0,0
Hot Tub Time Machine 2,2015,93.0,35,5.199,255.946835443038,827.5223019588202,9.782659483625874e-05,0,0,0,1,0,0,0,0,0,0,0,0,0,0,0,0,0,0,0
Hotel Artemis,2018,94.0,42,6.1,180.42584720254132,846.1670255998081,0.00010114921044599935,1,0,0,0,1,0,1,0,0,0,0,0,0,0,1,1,0,0,0
Hotel for Dogs,2009,100.0,120,6.04,414.5000388500389,938.6904666435414,0.00011938384497309977,0,0,0,1,0,0,0,1,0,0,0,0,0,0,0,0,0,0,0
Hotel Rwanda,2005,121.0,62,7.713,2055.368507734839,1095.362681391556,0.00015806519575178415,0,0,0,0,0,0,1,0,0,1,0,0,0,0,0,0,0,1,0
Hotel Transylvania,2013,91.0,120,6.963,821.8187236383643,1005.7832654773354,0.00013463055454022784,0,0,1,1,0,0,0,1,1,0,0,0,0,0,0,0,0,0,0
Hotel Transylvania 2,2015,89.0,77,6.767,869.9818620198367,534.3115246241222,5.7854813473332564e-05,0,0,1,1,0,0,0,1,1,0,0,0,0,0,0,0,0,0,0
Hounds,2025,5.0,74,0.0,137.0,86.05195485295724,2.5917576358575764e-05,0,0,1,0,0,0,0,0,0,0,0,0,0,0,0,0,0,0,0
House,2008,92.0,48,6.2,108.12529029261496,51.17045408429067,2.4347627236114382e-05,0,0,0,1,0,0,0,0,1,0,1,0,0,0,0,0,0,0,0
House of 1000 Corpses,2003,89.0,18,6.187,1451.1580267558527,1167.515976896668,0.00017987523863969375,0,0,0,0,0,0,0,0,0,0,1,0,0,0,0,0,0,0,0
House of the Dead,2003,90.0,7,3.1,1100.8462732919254,1548.1662989174524,0.0003557268324379743,1,0,0,0,0,0,0,0,0,0,1,0,0,0,0,1,0,0,0
House of Wax,2005,113.0,60,6.018,584.5297243851193,359.6515121391146,4.23111016432434e-05,0,0,0,0,0,0,0,0,0,0,1,0,1,0,0,1,0,0,0
House on Haunted Hill,2000,93.0,81,5.6,693.0031103350432,586.7623928838499,6.355448086820763e-05,0,0,0,0,0,0,0,0,0,0,1,0,0,0,0,0,0,0,0
House Party,2023,105.0,42,6.417,230.28851030820184,892.4096745192052,0.00010988519719560766,0,0,0,1,0,0,0,0,0,0,0,0,0,0,0,0,0,0,0
How High,2002,93.0,21,6.345,1705.3446948308606,1212.6105412679199,0.00019500909654679977,0,0,0,1,0,0,0,0,0,0,0,0,0,0,0,0,0,0,0
How She Move,2008,94.0,63,4.7,197.4148290683358,663.0248260204365,7.285816126449008e-05,0,0,0,0,0,0,1,0,0,0,0,0,0,0,0,0,0,0,0
How to Be a Latin Lover,2017,116.0,56,6.9,753.918057076596,252.01642152782642,3.489108163437438e-05,0,0,0,1,0,0,0,0,0,0,0,0,0,0,0,0,0,0,0
How to be Single,2016,110.0,63,6.256,433.1259765625,700.7482606668689,7.795194728990419e-05,0,0,0,1,0,0,0,0,0,0,0,0,0,1,0,0,0,0,0
How to Blow Up a Pipeline,2023,104.0,28,6.4,679.0055792582868,1066.3341539506614,0.00015005556733742998,0,0,0,0,1,0,1,0,0,0,0,0,0,0,0,1,0,0,0
How to Build a Girl,2020,102.0,35,5.746,323.64296754250387,493.99842594050716,5.382400151308285e-05,0,0,0,1,0,0,0,0,0,0,0,0,0,0,0,0,0,0,0
How to Deal,2003,99.0,12,5.446,804.103804347826,1156.686051530927,0.00017641914839865847,0,0,0,1,0,0,1,0,0,0,0,0,0,1,0,0,0,0,0
How to Eat Fried Worms,2006,84.0,11,6.119,427.26984126984127,1345.5469733566026,0.0002474452759743037,0,0,0,1,0,0,1,1,0,0,0,0,0,0,0,0,0,0,0
How to Lose a Guy in 10 Days,2003,116.0,109,6.9,1320.8742416582406,874.468989713479,0.00010640973766044576,0,0,0,1,0,0,0,0,0,0,0,0,0,1,0,0,0,0,0
How to Train Your Dragon,2025,98.0,84,7.853,714.0591133004926,876.6036720675803,0.00010681743655456187,0,1,1,0,0,0,0,1,1,0,0,0,0,0,0,0,0,0,0
How to Train Your Dragon 2,2014,102.0,120,7.676,678.28851948451,923.5890437847461,0.00011619747294350174,1,1,1,1,0,0,0,1,1,0,0,0,0,0,0,0,0,0,0
Hugo,2012,126.0,120,7.173,814.1850452052763,1484.0269746080917,0.0003171146823671761,0,1,0,0,0,0,1,1,0,0,0,0,0,0,0,0,0,0,0
Hulk,2003,138.0,28,5.577,2162.628299689441,1117.8300542583493,0.00016455679786997956,1,1,0,0,0,0,0,0,0,0,0,0,0,0,1,0,0,0,0
Human Capital,2020,95.0,7,5.658,224.78085670125856,769.5219264936687,8.817241836212041e-05,0,0,0,0,1,0,1,0,0,0,0,0,0,0,0,0,0,0,0
Human Nature,2020,96.0,6,6.011,553.1117980422462,1849.4158660924618,0.0006102225154320163,0,0,0,1,0,0,1,0,0,0,0,0,0,0,0,0,0,0,0
Humane,2024,3.0,14,0.0,86.85714285714286,376.5934094784916,4.361492175507466e-05,0,0,1,0,0,0,0,0,0,0,0,1,0,0,0,0,0,0,0
Humpday,2009,94.0,60,5.309,264.1165501165501,504.9303578220252,5.488845477428323e-05,0,0,0,1,0,0,1,0,0,0,0,0,0,0,0,0,0,0,0
Hunt for the Wilderpeople,2016,101.0,120,7.652,796.3785069444444,1027.6108157794533,0.00013999915943667382,0,1,0,1,0,0,1,0,0,0,0,0,0,0,0,0,0,0,0
Hunter Killer,2018,121.0,35,6.897,272.88298154785605,564.8304803995685,6.110590612475679e-05,1,1,0,0,0,0,0,0,0,0,0,0,0,0,0,1,0,0,0
Hurry Up Tomorrow,2025,105.0,21,5.3,149.0,571.5377786851959,6.184455289161782e-05,0,0,0,0,0,0,1,0,0,0,0,1,0,0,0,1,0,0,0
Hush,1998,95.0,14,5.682,790.4553023663454,1335.3254643038297,0.00024295556544478889,0,0,0,0,0,0,1,0,0,0,0,0,0,0,0,1,0,0,0
Hustle & Flow,2005,116.0,46,7.143,2126.4418377321604,794.7879040917617,9.22549411562423e-05,0,0,0,0,1,0,1,0,0,0,0,1,0,0,0,0,0,0,0
Hypnotic,2023,93.0,21,6.208,128.4783627924422,1016.0409799278445,0.00013712736076433018,1,0,0,0,0,0,1,0,0,0,0,0,1,0,1,1,0,0,0
I Am,2011,89.0,4,5.3,2922.6322810137835,1464.038141340986,0.0003059602979600563,0,0,0,0,0,1,1,0,0,0,0,0,0,0,0,0,0,0,0
I am Legend,2008,101.0,90,7.21,1343.969019670901,965.6584678945084,0.00012529294482449026,0,0,0,0,0,0,1,0,0,0,0,0,0,0,1,1,0,0,0
I Am Sam,2002,132.0,49,7.549,1613.7708047645935,775.007107450427,8.904308807320389e-05,0,0,0,0,0,0,1,0,0,0,0,0,0,0,0,0,0,0,0
I Can,2023,85.0,3,6.5,416.7169893884696,1213.9483923792666,0.00019547702281660185,0,0,0,0,0,0,1,1,0,0,0,0,0,0,0,0,0,0,0
I Can Do Bad All By Myself,2009,113.0,31,6.2,1109.6566659147306,761.6681720462857,8.694058263231371e-05,0,0,0,1,0,0,1,0,0,0,0,0,0,0,0,0,0,0,0
I Can Only Imagine,2018,110.0,119,7.5,504.8387096774193,645.1976996409865,7.056815053893846e-05,0,0,0,0,0,0,1,0,0,0,0,1,0,0,0,0,0,0,0
I Don't Know How She Does It,2011,89.0,25,5.2,267.32343263672743,1029.2488699514608,0.0001404105793349579,0,0,0,1,0,0,0,0,0,0,0,0,0,1,0,0,0,0,0
I Dreamed of Africa,2000,114.0,19,5.4,304.5868591338975,1018.4259779555746,0.00013771449104697775,0,1,0,0,0,0,1,0,0,0,0,0,0,1,0,0,0,0,0
I Feel Pretty,2018,110.0,63,6.378,392.61337614496216,238.40595433718875,3.405065847639472e-05,0,0,0,1,0,0,0,0,0,0,0,0,0,1,0,0,0,0,0
I Heard the Bells,2023,106.0,54,7.4,262.4551873362942,-276.17555268865704,1.354509514564477e-05,0,0,0,0,0,0,1,0,1,1,0,0,0,0,0,0,0,0,0
I Know Who Killed Me,2007,105.0,7,4.516,827.6348976638412,1189.959574095927,0.00018725458482926846,0,0,0,0,0,0,0,0,0,0,1,0,1,0,0,1,0,0,0
I Love You Phillip Morris,2011,98.0,120,6.423,697.2777013602323,896.0076355018552,0.00011059573999598766,0,0,0,1,1,0,1,0,0,0,0,0,0,1,0,0,0,0,0
I Saw the TV Glow,2024,100.0,59,6.1,1530.970588235294,1700.7872760517998,0.000467579499089112,0,0,0,0,0,0,1,0,1,0,1,0,0,0,0,0,0,0,0
I Spy,2002,97.0,21,5.396,849.9608247968448,1108.4926512508837,0.00016182713507677005,1,1,0,1,0,0,0,0,0,0,0,0,0,0,0,1,0,0,0
I Still Believe,2020,115.0,120,7.6,229.290891648457,803.0163710396772,9.362490028232795e-05,0,0,0,0,0,0,1,0,0,0,0,1,0,1,0,0,0,0,0
I Want Your Money,2010,92.0,21,4.8,95.33307133032032,240.13621201783178,3.415636548666593e-05,0,0,0,0,0,1,0,0,0,0,0,0,0,0,0,0,0,0,0
I'm Not Jesus Mommy,2011,89.0,10,3.818,539.434415295687,1055.490875575928,0.00014716890643599675,0,0,0,0,0,0,1,0,0,0,0,0,0,0,1,1,0,0,0
I.O.U.S.A.,2008,85.0,119,6.9,327.2955565877071,790.2529348502138,9.150850043434237e-05,0,0,0,0,0,1,0,0,0,0,0,0,0,0,0,0,0,0,0
Ice Age,2002,81.0,67,7.366,1681.491232502906,663.4382889843923,7.291214586770451e-05,0,1,1,1,0,0,0,1,0,0,0,0,0,0,0,0,0,0,0
Ice Age: Collision Course,2016,95.0,98,6.114,367.8013468013468,228.52311385916494,3.3453124227275906e-05,0,1,1,1,0,0,0,1,0,0,0,0,0,0,1,0,0,0,0
Ice Age: Continental Drift,2012,88.0,120,6.388,634.7020180023229,929.8935421972217,0.00011751723677359539,0,1,1,1,0,0,0,1,0,0,0,0,0,0,0,0,0,0,0
Ice Age: The Meltdown,2006,91.0,120,6.716,830.9404761904763,1035.0198635808476,0.00014186970104089133,0,1,1,1,0,0,0,1,0,0,0,0,0,0,0,0,0,0,0
Identity,2003,90.0,35,7.174,954.3583850931676,1014.6379772463711,0.00013678314463809425,0,0,0,0,0,0,0,0,0,0,0,0,1,0,0,1,0,0,0
Identity Thief,2013,111.0,119,5.855,601.1368741058656,1003.295411701152,0.00013403187375569175,0,0,0,1,1,0,0,0,0,0,0,0,0,0,0,0,0,0,0
Idiocracy,2006,84.0,28,6.356,499.26516439909295,1096.699377604963,0.0001584441469594093,0,1,0,1,0,0,0,0,0,0,0,0,0,0,1,0,0,0,0
Idle Hands,1999,92.0,14,6.2,267.72208883553424,1131.9407380859095,0.00016876948048950933,0,0,0,1,0,0,0,0,1,0,1,0,0,1,0,0,0,0,0
Idlewild,2006,121.0,11,5.595,2555.933779761905,1077.8397078940106,0.00015318047529510508,0,0,0,0,1,0,1,0,0,0,0,1,0,0,0,0,0,0,0
IF,2024,104.0,63,7.024,525.2459016393443,402.9038299217243,4.571982462456798e-05,0,0,0,1,0,0,0,1,1,0,0,0,0,0,0,0,0,0,0
If I Stay,2014,106.0,77,7.363,353.4062374746786,892.4802707429535,0.00010989909487765742,0,0,0,0,0,0,1,0,0,0,0,0,0,0,0,0,0,0,0
Igor,2008,87.0,101,5.942,451.662052949373,260.46255717145243,3.542301399649151e-05,0,0,1,1,0,0,0,1,1,0,1,0,0,0,0,0,0,0,0
Illegal Tender,2007,108.0,11,6.037,475.6150506512301,1055.507148095037,0.00014717319657565144,0,0,0,0,1,0,1,0,0,0,0,0,0,0,0,1,0,0,0
Imaginary Heroes,2005,111.0,67,6.482,1721.5828480677608,1996.9379925850787,0.0007948042260951567,0,0,0,1,0,0,1,0,0,0,0,0,0,0,0,0,0,0,0
Imagine That,2009,107.0,70,5.973,286.3798867798868,438.6480188457331,4.8743136136885054e-05,0,0,0,1,0,0,1,1,0,0,0,0,0,0,0,0,0,0,0
Immaculate,2024,13.0,42,0.0,248.5428571428572,383.88933298197014,4.418870890103214e-05,0,0,0,0,0,0,1,0,0,0,0,0,0,0,0,0,0,0,0
Immigration Tango,2011,92.0,14,3.571,166.4111033475195,361.7169628430929,4.2467945358132656e-05,0,0,0,1,0,0,0,0,0,0,0,0,0,1,0,0,0,0,0
Immortals,2012,110.0,105,6.036,505.4867152696795,1078.741515210818,0.00015342813894191954,1,0,0,0,0,0,1,0,1,0,0,0,0,0,0,0,0,0,0
iMordecai,2023,102.0,49,1.3,57.52543485395472,361.40716788672,4.244438351093381e-05,0,0,0,1,0,0,1,0,0,0,0,0,0,0,0,0,0,0,0
Impostor,2002,102.0,3,6.122,943.5816194181954,1570.700199018755,0.00037038036688672615,1,0,0,0,0,0,0,0,0,0,0,0,0,0,1,1,0,0,0
In & Out,1997,90.0,44,6.464,1314.6102639777012,889.9243504365106,0.00010939705085639449,0,0,0,1,0,0,0,0,0,0,0,0,0,0,0,0,0,0,0
In a Valley of Violence,2016,104.0,14,6.108,195.53184523809523,1056.2635032690628,0.00014737274256637094,1,0,0,0,0,0,0,0,0,0,0,0,0,0,0,0,0,0,1
In a Violent Nature,2024,94.0,31,5.638,150.14285714285714,894.0457815915792,0.00011020773584288072,0,0,0,0,0,0,1,0,0,0,1,0,0,0,0,1,0,0,0
In a World...,2013,93.0,119,6.335,856.2387062519358,851.9025065775882,0.00010219383347232955,0,0,0,1,0,0,0,0,0,0,0,0,0,0,0,0,0,0,0
In Between,2018,92.0,3,7.0,1223.6625514403293,1095.5727649779744,0.0001581246940231281,0,0,0,1,0,0,1,0,1,0,0,0,0,0,0,0,0,0,0
In Bloom,2014,87.0,11,6.4,1291.9349387410225,1108.1905016358864,0.0001617395661338963,0,0,0,0,0,0,1,0,0,0,0,0,0,1,0,1,0,0,0
In Good Company,2005,110.0,55,6.046,1585.4238497479687,780.1165246068163,8.986184482888313e-05,0,0,0,1,0,0,1,0,0,0,0,0,0,1,0,0,0,0,0
In Her Shoes,2006,130.0,102,6.203,684.9779825908857,742.0160510596356,8.393309401234158e-05,0,0,0,1,0,0,1,0,0,0,0,0,0,1,0,0,0,0,0
In My Country,2005,103.0,81,5.92,107.37839221710188,1983.6166917867286,0.0007760616457688467,0,0,0,0,0,0,1,0,0,0,0,0,0,1,0,0,0,0,0
In Search of Greatness,2018,80.0,13,6.7,392.5564439542934,1715.0220442589798,0.0004796562243443279,0,0,0,0,0,1,0,0,0,0,0,0,0,0,0,0,0,0,0
In Secret,2014,101.0,14,6.103,157.5484338221981,866.1443195044795,0.00010483463671531809,0,0,0,0,1,0,1,0,0,0,0,0,0,1,0,1,0,0,0
In the Bedroom,2002,131.0,57,6.9,2353.4648503670246,972.9877147525772,0.00012694884595539302,0,0,0,0,0,0,1,0,0,0,0,0,0,0,0,1,0,0,0
In the Cut,2003,119.0,16,5.131,539.925,1125.3914319427033,0.00016680096757245333,0,0,0,0,0,0,1,0,0,0,0,0,1,1,0,1,0,0,0
In the Earth,2021,107.0,28,5.632,92.4326319675157,829.2759411684222,9.813439849191566e-05,0,0,0,0,0,0,0,0,0,0,1,0,0,0,1,1,0,0,0
In the Heart of the Sea,2016,122.0,63,6.756,338.5055379746836,539.7901268804105,5.842541960039006e-05,1,1,0,0,0,0,1,0,0,1,0,0,0,0,0,1,0,0,0
In the Heights,2021,143.0,30,7.1,607.5134736064969,862.7832198004827,0.00010420531368049957,0,0,0,0,0,0,1,0,0,0,0,0,0,1,0,0,0,0,0
In the Land of Women,2007,97.0,39,5.9,362.5998552821997,874.2990719980679,0.0001063773523411428,0,0,0,1,0,0,1,0,0,0,0,0,0,1,0,0,0,0,0
In the Loop,2009,106.0,46,7.033,655.1841491841492,671.7677702905421,7.400826125432693e-05,0,0,0,1,0,0,0,0,0,0,0,0,0,0,0,0,0,0,0
In the Lost Lands,2025,102.0,10,6.391,141.8,422.9386913355596,4.7390538182743025e-05,1,1,0,0,0,0,0,0,1,0,0,0,0,0,0,0,0,0,0
In the Mix,2005,95.0,16,6.117,703.4353131933777,677.1769173521084,7.47288858634805e-05,0,0,0,1,1,0,1,0,0,0,0,1,0,1,0,0,0,0,0
In the Realms of the Unreal,2005,81.0,60,7.1,642.0725251455797,804.3349958420504,9.384632183913674e-05,0,0,0,0,0,1,0,0,0,0,0,0,0,0,0,0,0,0,0
In the Valley of Elah,2007,124.0,41,6.78,336.59740886224245,655.6991381976297,7.190826912945123e-05,0,0,0,0,1,0,1,0,0,1,0,0,1,0,0,1,0,0,0
In Time,2012,109.0,108,6.971,345.7546152199331,650.7663577917668,7.127564255636915e-05,1,0,0,0,0,0,0,0,0,0,0,0,0,0,1,1,0,0,0
In Too Deep,1999,95.0,37,6.37,1045.2642723756169,334.4370760595899,4.0442458521892936e-05,1,0,0,0,1,0,1,0,0,0,0,0,0,0,0,1,0,0,0
InAPPropriate Comedy,2013,84.0,7,3.075,159.2826486817903,661.3914915223448,7.264529228517505e-05,0,0,0,1,0,0,0,0,0,0,0,0,0,0,0,0,0,0,0
Incarnate,2016,87.0,28,5.44,182.26853448275853,951.189141887099,0.00012208702417484192,0,0,0,0,0,0,0,0,0,0,1,0,0,0,0,1,0,0,0
Inception,2010,148.0,120,8.4,1173.4868943909523,1238.755710019682,0.00020435993830713928,1,1,0,0,0,0,0,0,0,0,0,0,0,0,1,0,0,0,0
Independence Day: Resurgence,2016,120.0,77,5.35,603.5449252136752,375.1605892949935,4.3503116095354616e-05,1,1,0,0,0,0,0,0,0,0,0,0,0,0,1,0,0,0,0
Indignation,2016,110.0,98,6.352,890.838988095238,464.02879742633223,5.101051013876102e-05,0,0,0,0,0,0,1,0,0,0,0,0,0,1,0,0,0,0,0
Indivisible,2019,119.0,70,6.801,151.50503498890595,-5.019356767767249,2.2016134806746706e-05,0,0,0,0,0,0,1,0,0,0,0,0,0,0,0,0,0,1,0
Infamous,2020,110.0,28,6.495,666.596470891293,286.33445470365496,3.710340773148425e-05,0,0,0,0,1,0,1,0,0,0,0,0,0,0,0,0,0,0,0
Inferno,2017,95.0,84,6.14,259.7439705882353,334.9524171848852,4.047981165879795e-05,1,0,0,0,0,0,1,0,0,0,0,0,0,1,0,0,0,0,0
Infinitely Polar Bear,2015,87.0,1,6.634,3090.379746835444,3783.3297157042907,0.01950157122500985,0,0,0,1,0,0,1,0,0,0,0,0,0,0,0,0,0,0,0
Infinity Pool,2023,118.0,28,6.053,207.2654060740704,1098.2885635738194,0.00015889586091471117,0,0,0,0,0,0,0,0,0,0,1,0,0,0,1,0,0,0,0
Inglourious Basterds,2009,153.0,119,8.2,831.2285340230545,1673.2336392981827,0.0004450602251090719,0,0,0,0,0,0,1,0,0,0,0,0,0,0,0,1,0,1,0
Ingrid Goes West,2017,97.0,73,6.4,1408.1196672165754,772.5751982908129,8.865601216497316e-05,0,0,0,1,0,0,1,0,0,0,0,0,0,0,0,0,0,0,0
Inherent Vice,2015,149.0,77,6.539,3825.366648560565,543.7511759651654,5.884147203389119e-05,0,0,0,1,0,0,1,0,0,0,0,0,1,0,0,0,0,0,0
Inheritance,2025,89.0,7,3.0,46.66666666666666,751.1855764781462,8.532319437848658e-05,0,0,0,0,0,0,1,0,0,0,1,0,0,0,0,0,0,0,0
Inheritance to Love,2024,88.0,14,0.0,95.33333333333331,549.8178171400283,5.9484438227864744e-05,0,0,0,1,0,0,0,0,0,0,0,0,0,1,0,0,0,0,0
Inkheart,2009,106.0,77,6.293,282.3282172373082,522.0722554325721,5.6600122232881044e-05,0,1,0,0,0,0,0,1,1,0,0,0,0,0,0,0,0,0,0
Inni,2012,75.0,109,7.4,826.4197763108389,746.316580920212,8.458221166988786e-05,0,0,0,0,0,1,0,0,0,0,0,1,0,0,0,0,0,0,0
Inside Deep Throat,2005,90.0,11,6.378,1517.721454173067,1889.0078891906765,0.000655074581527624,0,0,0,0,0,1,0,0,0,0,0,0,0,0,0,0,0,0,0
Inside Job,2011,65.0,102,5.6,311.421366345713,1959.064206674939,0.0007426675232708944,0,0,0,0,1,0,1,0,0,0,0,0,0,0,0,0,0,0,0
Inside Llewyn Davis,2014,104.0,98,7.192,3148.1900236489446,981.5225231018542,0.00012890472070493835,0,0,0,0,0,0,1,0,0,0,0,1,0,0,0,0,0,0,0
Inside Man,2006,129.0,67,7.396,1314.6034501763668,914.6914553513559,0.00011436006035804321,0,0,0,0,1,0,1,0,0,0,0,0,0,0,0,1,0,0,0
Insidious,2011,102.0,120,6.94,489.4395409333282,1073.434068414792,0.0001519762882456979,0,0,0,0,0,0,0,0,0,0,1,0,0,0,0,1,0,0,0
Insidious: The Last Key,2018,103.0,56,6.3,593.2319548373123,653.8391763768287,7.166907319762875e-05,0,0,0,0,0,0,0,0,0,0,1,0,0,0,0,1,0,0,0
Insidious: The Red Door,2023,107.0,70,6.534,604.7324651882413,524.8359648129272,5.68810401970308e-05,0,0,0,0,0,0,0,0,0,0,1,0,0,0,0,1,0,0,0
InSight,2011,92.0,14,4.7,261.53811950610526,786.0025551545717,9.081438601099301e-05,0,0,0,0,0,0,0,0,0,0,0,0,1,0,0,1,0,0,0
Insomnia,2002,118.0,120,6.955,1621.893274041134,1470.6350887132862,0.00030959753056093237,0,0,0,0,1,0,1,0,0,0,0,0,0,0,0,1,0,0,0
Instant Family,2019,118.0,77,7.507,472.6235731612076,852.7093962989458,0.00010234165818302932,0,0,0,1,0,0,1,0,0,0,0,0,0,0,0,0,0,0,0
Interstellar,2015,169.0,120,8.462,929.1195396760554,1219.8976623973263,0.00019757147263377135,0,1,0,0,0,0,1,0,0,0,0,0,0,0,1,0,0,0,0
Interview,2007,84.0,53,6.351,224.97346840328024,2421.1328322866066,0.0016993504992938943,0,0,0,0,0,0,1,0,0,0,0,0,0,0,0,0,0,0,0
Into the Abyss,2011,105.0,46,6.882,250.51133837261003,770.2532764855924,8.828801275966253e-05,0,0,0,0,1,1,0,0,0,0,0,0,0,0,0,0,0,0,0
Into the Blue,2005,110.0,17,5.9,613.5369416583837,1094.522434913806,0.00015782745130211336,1,1,0,0,1,0,0,0,0,0,0,0,0,0,0,1,0,0,0
Into the Storm,2014,100.0,105,6.3,296.9172425887399,589.452733748951,6.38615206800287e-05,0,0,0,0,0,0,1,0,0,1,0,0,0,0,0,0,1,0,0
Into the Wild,2008,148.0,120,7.799,1971.8144396205173,1622.2642719554206,0.0004062231881737706,0,1,0,0,0,0,1,0,0,0,0,0,0,0,0,0,0,0,0
Intolerable Cruelty,2003,100.0,26,5.948,882.7332775919732,1282.643950950178,0.00022107555942907733,0,0,0,1,1,0,0,0,0,0,0,0,0,1,0,0,0,0,0
Invictus,2010,134.0,105,7.182,416.02699522699527,1150.4700526711997,0.0001744655507663466,0,0,0,0,0,0,1,0,0,1,0,0,0,0,0,0,0,0,0
Iron Man,2008,126.0,120,7.654,1181.2975692831708,1310.4808265278036,0.00023237947706501686,1,1,0,0,0,0,0,0,0,0,0,0,0,0,1,0,0,0,0
Iron Man 2,2010,124.0,105,6.848,1219.9480504874862,921.2410981346982,0.00011570975813637203,1,1,0,0,0,0,0,0,0,0,0,0,0,0,1,0,0,0,0
Iron Sky,2012,93.0,72,5.731,1125.7184959349595,557.7676369423157,6.033763860444496e-05,1,0,0,1,0,0,0,0,0,0,0,0,0,0,1,0,0,0,0
Irrational Man,2015,95.0,1,6.526,13999.15611814346,3813.3542357076167,0.020579206458115902,0,0,0,1,0,0,1,0,0,0,0,0,0,0,0,0,0,0,0
Is Anybody There?,2009,95.0,39,6.345,626.0,987.9770114415593,0.0001304038465751576,0,0,0,0,0,0,1,0,0,0,0,0,0,0,0,0,0,0,0
Is Genesis History?,2017,105.0,13,4.4,1535.841153270774,878.4463474163573,0.00010717062152993504,0,0,0,0,0,1,0,0,0,0,0,0,0,0,0,0,0,0,0
Island of Lemurs: Madagascar,2014,39.0,120,6.2,1504.9543374172654,1297.200978432103,0.00022691649824648028,0,0,0,0,0,1,0,0,0,0,0,0,0,0,0,0,0,0,0
Ism,2016,100.0,20,5.0,196.6282051282052,645.2786932991563,7.057839019817144e-05,0,0,0,0,0,0,1,0,0,0,0,0,0,0,0,0,0,0,0
Isn't She Great,2000,95.0,14,5.014,280.7265453606918,1151.6234751845498,0.00017482641273507382,0,0,0,1,0,0,1,0,0,0,0,0,0,0,0,0,0,0,0
It,2017,72.0,98,6.9,1123.360533115735,266.1503663242354,3.5785790544861693e-05,0,0,0,1,0,0,0,0,0,0,0,0,0,1,0,0,0,0,0
It Comes at Night,2017,91.0,77,5.862,264.50888700582715,1735.9398036465982,0.0004979710121912934,0,0,0,0,0,0,1,0,0,0,1,0,1,0,0,0,0,0,0
It Ends With Us,2024,131.0,84,7.0,589.4615384615385,793.5761053132322,9.205488906758485e-05,0,0,0,0,0,0,1,0,0,0,0,0,0,1,0,0,0,0,0
It Follows,2015,101.0,105,6.589,1499.2551424050637,1187.1684103059742,0.0001863206281736229,0,0,0,0,0,0,0,0,0,0,1,0,1,0,0,0,0,0,0
It Lives Inside,2023,90.0,28,3.9,117.79017612952632,470.79672187367134,5.163273132099074e-05,0,0,0,0,0,0,0,0,0,0,1,0,0,0,0,0,0,0,0
It Might Get Loud,2009,97.0,25,7.2,1301.6130536130538,2853.4716163776375,0.0036867333946922266,0,0,0,0,0,1,0,0,0,0,0,1,0,0,0,0,0,0,0
It Runs in the Family,2003,109.0,14,5.967,579.2201086956521,1110.9950396960587,0.00016255420153337408,0,0,0,1,0,0,1,0,0,0,0,0,0,0,0,0,0,0,0
It's All Gone Pete Tong,2005,90.0,46,6.547,583.3691756272401,570.3927326096089,6.171782467660942e-05,0,0,0,1,0,0,1,0,0,0,0,1,0,0,0,0,0,0,0
Itty Bitty Titty Committee,2007,87.0,10,5.462,2284.9150988904967,1425.3308492413648,0.00028546368910976915,0,0,0,1,0,0,0,0,0,0,0,0,0,0,0,0,0,0,0
J. Edgar,2012,137.0,107,6.226,529.7937608823028,914.3293928484537,0.00011428591032692481,0,0,0,0,1,0,1,0,0,1,0,0,0,0,0,0,0,0,0
Jack and Jill,2012,91.0,108,4.386,597.6686122102087,743.6134468228967,8.417361974231793e-05,0,0,0,1,0,0,0,1,0,0,0,0,0,0,0,0,0,0,0
Jack Frost,1999,101.0,22,6.018,1179.728945900725,1074.413512675276,0.00015224317736245487,0,0,0,1,0,0,1,1,1,0,0,0,0,0,0,0,0,0,0
Jack Reacher,2013,130.0,91,6.648,493.8675479572692,717.5732736902321,8.033721966039621e-05,1,0,0,0,1,0,1,0,0,0,0,0,0,0,0,1,0,0,0
Jack Reacher: Never Go Back,2017,118.0,84,5.992,372.0864215686275,553.8499262511573,5.991565864750805e-05,1,0,0,0,1,0,1,0,0,0,0,0,0,0,0,1,0,0,0
Jack Ryan: Shadow Recruit,2014,105.0,77,6.119,415.0801880839904,665.2402310410655,7.314788739391557e-05,1,0,0,0,0,0,1,0,0,0,0,0,0,0,0,1,0,0,0
Jack the Giant Slayer,2013,114.0,105,5.861,386.743388514204,956.0496882083253,0.00012315470381495637,1,1,0,0,0,0,1,0,1,0,0,0,0,0,0,0,0,0,0
Jackass 3D,2011,94.0,98,6.607,703.2534692006102,888.7864056912474,0.00010917426970119327,1,0,0,1,0,1,0,0,0,0,0,0,0,0,0,0,0,0,0
jackass forever,2022,96.0,56,6.81,360.67256456823645,864.2565507498668,0.00010448070970986625,1,0,0,1,0,1,0,0,0,0,0,0,0,0,0,0,0,0,0
Jackass: The Movie,2002,85.0,28,6.3,1496.8970856825222,1259.1588432906324,0.00021196754146385633,1,0,0,1,0,1,0,0,0,0,0,0,0,0,0,0,0,0,0
Jackie Brown,1998,154.0,22,7.4,1709.362846368257,1759.0784379342924,0.0005190460338247486,0,0,0,0,1,0,1,0,0,0,0,0,0,0,0,1,0,0,0
Jake Squared,2014,100.0,7,3.889,49.11581869756776,502.56406291971666,5.465627522799519e-05,0,0,0,1,0,0,1,0,0,0,0,0,0,0,0,0,0,0,0
Jakob the Liar,1999,120.0,21,6.695,358.39421482878873,1059.4987712520867,0.00014822934794381384,0,0,0,1,0,0,1,0,0,1,0,0,0,0,0,0,0,0,0
James White,2015,87.0,3,6.574,5285.781997187061,1988.4544853235482,0.0007828165788887521,0,0,0,0,0,0,1,0,0,0,0,0,0,0,0,0,0,0,0
Jane and Emma,2019,90.0,120,6.9,349.4593975188416,583.8403061153994,6.322266485806296e-05,0,0,0,0,0,0,1,0,0,0,0,0,0,0,0,0,0,0,0
Jane Got a Gun,2016,98.0,28,5.826,100.88660714285714,986.6362912577539,0.00013009102164096133,1,0,0,0,0,0,1,0,0,0,0,0,0,0,0,0,0,0,1
Janet Planet,2024,113.0,59,6.174,1160.9117647058824,1479.492992613617,0.00031454944317140817,0,0,0,0,0,0,1,0,0,0,0,0,0,0,0,0,0,0,0
Jarhead,2006,123.0,74,6.673,1446.0947654496042,1041.5058511682996,0.00014352770475699304,0,0,0,0,0,0,1,0,0,0,0,0,0,0,0,0,0,1,0
Jason Bourne,2016,123.0,91,6.366,726.1940217391304,675.6345986917486,7.45227008740294e-05,1,1,0,0,0,0,0,0,0,0,0,0,0,0,0,1,0,0,0
Jason X,2002,91.0,14,4.9,709.1153815611848,1237.0772650956683,0.0002037463962265256,0,0,0,0,0,0,0,0,0,0,1,0,0,0,1,0,0,0,0
Jawbreaker,1999,87.0,14,6.4,511.7719087635054,1129.303097251384,0.00016797391088492334,0,0,0,1,1,0,0,0,0,0,0,0,0,0,0,1,0,0,0
Jay and Silent Bob Reboot,2019,105.0,3,5.7,843.3985138834572,1486.9597477623506,0.00031878512057402546,1,1,0,1,0,0,0,0,0,0,0,0,0,0,0,0,0,0,0
Jealousy,2014,71.0,20,5.4,576.5441487114491,927.3741367103346,0.0001169880436271811,0,0,0,0,1,0,0,0,0,0,0,0,0,0,0,0,0,0,0
Jeepers Creepers,2001,90.0,28,6.475,751.886746793579,1297.6372179548666,0.00022709389882717845,0,0,0,0,0,0,0,0,0,0,1,0,0,0,0,0,0,0,0
Jeepers Creepers 3,2017,100.0,9,4.906,2199.68380252958,1353.5430806986537,0.0002510152595709716,0,0,0,0,0,0,0,0,0,0,1,0,0,0,0,0,0,0,0
Jeepers Creepers: Reborn,2022,88.0,4,5.347,384.967543559959,1500.518998097451,0.0003266232635333936,0,0,0,0,0,0,0,0,0,0,1,0,0,0,0,0,0,0,0
Jellyfish,2008,98.0,53,7.5,732.7078495123084,734.274887949399,8.27771790840163e-05,0,0,0,0,0,0,1,0,0,0,0,0,0,0,0,0,0,0,0
Jem and the Holograms,2015,119.0,14,5.487,82.85035161744023,1251.7833468386086,0.0002091853374969371,0,0,0,0,0,0,1,0,0,0,0,1,0,0,0,0,0,0,0
Jennifer's Body,2009,107.0,56,5.981,228.93922743922744,629.44642392194,6.860476362560612e-05,0,0,0,1,0,0,0,0,0,0,1,0,0,0,0,0,0,0,0
Jeremy,2016,90.0,28,6.962,282.72470238095235,622.3569158477636,6.773897928350542e-05,0,0,0,0,0,0,1,1,0,0,0,0,0,1,0,0,0,0,0
Jersey Boys,2014,134.0,98,6.756,361.9053223317211,588.1236185125218,6.370964815374142e-05,0,0,0,0,0,0,1,0,0,0,0,1,0,0,0,0,0,0,0
Jersey Girl,2004,102.0,13,6.183,1362.2771511178075,1792.1156317447849,0.0005506919805606567,0,0,0,1,0,0,1,0,0,0,0,0,0,1,0,0,0,0,0
Jesus Camp,2007,84.0,109,6.99,351.4004629629629,1171.4435236164736,0.0001811452736631136,0,0,0,0,0,1,0,0,0,0,0,0,0,0,0,0,0,0,0
Jesus Revolution,2023,120.0,63,6.752,398.37885473264544,274.14626526172594,3.6302071694822136e-05,0,0,0,0,0,0,1,0,0,1,0,0,0,0,0,0,0,0,0
Jesus' Son,2000,107.0,28,6.264,468.9547038327527,768.3353895500348,8.798520071443656e-05,0,0,0,1,0,0,1,0,0,0,0,0,0,1,0,0,0,0,0
Jexi,2019,84.0,28,6.758,145.79342710342132,850.2175225658041,0.00010188582729311245,0,0,0,1,0,0,0,0,0,0,0,0,0,0,0,0,0,0,0
Jigsaw,2017,70.0,56,4.8,410.0385807439856,-188.37842230902356,1.5852146017277415e-05,0,0,0,0,0,0,1,0,0,0,0,0,1,0,0,1,0,0,0
Jimi: All is By My Side,2014,118.0,21,5.596,493.362101917235,1217.0290796085624,0.00019655879673545978,0,0,0,0,0,0,1,0,0,0,0,1,0,0,0,0,0,0,0
Jimmy Neutron: Boy Genius,2002,82.0,31,6.1,1360.1991861212252,733.9003259463984,8.272165480963701e-05,0,1,1,1,0,0,0,1,0,0,0,0,0,0,1,0,0,0,0
Jimmy's Hall,2015,106.0,1,6.7,2817.0,3624.838291690331,0.014681268135625397,0,0,0,0,0,0,1,0,0,1,0,0,0,0,0,0,0,0,0
Jindabyne,2007,123.0,32,5.46,770.0434153400869,2196.621218695344,0.0011366149025440135,0,0,0,0,1,0,1,0,0,0,0,0,1,0,0,1,0,0,0
Jinn,2014,97.0,7,4.1,190.0404369605891,678.7589448005547,7.494097201962359e-05,0,0,0,0,0,0,0,0,0,0,0,0,0,0,0,1,0,0,0
Joan Rivers: A Piece of Work,2010,84.0,88,6.927,932.111416781293,522.1372801156303,5.6606715719887544e-05,0,0,0,0,0,1,0,0,0,0,0,0,0,0,0,0,0,0,0
Jobs,2013,129.0,49,6.125,290.82105631952345,397.3517510039307,4.526734766479527e-05,0,0,0,0,0,0,1,0,0,1,0,0,0,0,0,0,0,0,0
Joe,2014,107.0,42,6.415,302.97348343646723,168.40224001535444,3.0037428865707738e-05,0,0,0,0,1,0,1,0,0,0,0,0,0,0,0,0,0,0,0
Joe Bell,2021,93.0,28,6.524,68.74677002583981,783.4231085282395,9.039571544669443e-05,0,0,0,0,0,0,1,0,0,0,0,0,0,0,0,0,0,0,0
Joe Dirt,2001,91.0,48,5.6,487.3503670242801,384.49297800077204,4.4236519261613066e-05,0,1,0,1,0,0,1,0,0,0,0,0,1,1,0,0,0,0,0
Joe Somebody,2001,99.0,3,5.659,824.7694334650857,1522.0756722735164,0.0003394831054270216,0,0,0,1,0,0,1,1,0,0,0,0,0,1,0,0,0,0,0
John and the Hole,2021,103.0,14,5.272,54.38670041660075,746.0511005529348,8.454199534080419e-05,0,0,0,0,0,0,1,0,0,0,1,0,0,0,0,1,0,0,0
John Q,2002,116.0,36,7.133,1334.710796121302,815.7473830132186,9.578468421204267e-05,0,0,0,0,1,0,1,0,0,0,0,0,0,0,0,1,0,0,0
John Tucker Must Die,2006,87.0,70,6.112,476.9302012471656,454.61581734252417,5.0157558204884694e-05,0,0,0,1,0,0,0,0,0,0,0,0,0,1,0,0,0,0,0
John Wick,2015,101.0,91,7.453,372.2268602707519,806.6049972410018,9.422872454359125e-05,1,0,0,0,0,0,0,0,0,0,0,0,0,0,0,1,0,0,0
John Wick: Chapter 4,2023,170.0,84,7.716,725.2445448654836,395.37282300155243,4.510715607343813e-05,1,0,0,0,1,0,0,0,0,0,0,0,0,0,0,1,0,0,0
Johnny English,2003,89.0,19,6.3,1048.2948369565215,1300.1998793875368,0.00022813883123921875,1,1,0,1,0,0,0,0,0,0,0,0,0,0,0,0,0,0,0
Johnny English Reborn,2011,101.0,35,6.24,328.9651273581909,886.8265266992801,0.00010879163739802681,1,0,0,1,1,0,0,0,0,0,0,0,0,0,0,0,0,0,0
Joker: Folie à Deux,2024,138.0,42,5.408,318.79411764705884,849.9991759298837,0.00010184598268183774,0,0,0,0,1,0,1,0,0,0,0,0,0,0,0,1,0,0,0
Jonah Hex,2010,82.0,56,4.954,285.3329075784372,280.38107077536426,3.6709804972731244e-05,1,0,0,0,0,0,1,0,1,0,0,0,0,0,0,1,0,0,1
Jonah: A VeggieTales Movie,2002,82.0,38,6.2,1220.1881162049092,484.60870003430716,5.292620964142511e-05,0,1,1,1,0,0,0,1,0,0,0,1,0,0,0,0,0,0,0
Josie and the Pussycats,2001,98.0,26,5.778,431.4775935526924,775.4141933619738,8.910804700852388e-05,0,0,0,1,0,0,0,1,0,0,0,1,0,0,0,0,0,0,0
Journey to Bethlehem,2024,99.0,56,7.765,132.82212011814903,598.1103567536549,6.485969026662994e-05,0,0,0,0,0,0,1,1,0,0,0,0,0,0,0,0,0,0,0
Joy Ride,2023,97.0,28,6.523,327.46940784846925,950.2669990008567,0.00012188551106197914,0,0,0,0,0,0,1,0,0,0,0,0,1,0,0,1,0,0,0
Joyful Noise,2012,117.0,70,6.429,331.34532105525136,32.2477832487499,2.35361184663603e-05,0,0,0,1,0,0,0,0,0,0,0,1,0,0,0,0,0,0,0
Judas and the Black Messiah,2021,126.0,4,7.311,254.18973791066816,2167.5117612990753,0.001078862858863988,0,0,0,0,0,0,1,0,0,1,0,0,0,0,0,0,0,0,0
Judy,2020,75.0,120,2.4,354.0172402555078,34.58326800593272,2.363479524049492e-05,0,0,0,0,1,0,0,0,0,0,1,0,0,0,0,0,0,0,0
Julia,2009,144.0,18,6.7,1610.965034965035,1239.7339680120594,0.00020471838453256882,0,0,0,0,0,0,1,0,0,0,0,0,0,0,0,0,0,0,0
Julian Po,1997,84.0,3,6.449,287.32294911734164,1279.3371137358567,0.00021976980329630754,0,0,0,1,0,0,1,0,0,0,0,0,0,0,0,0,0,0,0
Julie & Julia,2009,123.0,115,6.711,939.8943529588691,1335.9420258885364,0.00024322406120052048,0,0,0,0,0,0,1,0,0,0,0,0,0,1,0,0,0,0,0
Jumanji: The Next Level,2020,123.0,98,6.886,1031.7724764263678,893.8783718686601,0.00011017468961571903,0,1,0,1,0,0,0,0,1,0,0,0,0,0,0,0,0,0,0
Jumper,2008,88.0,120,6.162,447.5236104660164,863.0896442872198,0.00010426253090453321,1,1,0,0,0,0,0,0,0,0,0,0,0,0,1,0,0,0,0
Jumping the Broom,2011,112.0,52,5.892,736.4279494590188,558.1924755051191,6.03835765701822e-05,0,0,0,1,0,0,0,0,0,0,0,0,0,0,0,0,0,0,0
Junction 48,2017,97.0,14,5.8,628.7898189122179,725.7381060374881,8.152091053420598e-05,1,0,0,0,1,0,1,0,0,0,0,0,0,0,0,0,0,0,0
Junebug,2005,106.0,69,6.5,728.4101382488479,2343.087429873638,0.0014776234869366895,0,0,0,1,0,0,1,0,0,0,0,0,0,0,0,0,0,0,0
Jupiter Ascending,2015,127.0,91,5.459,335.97394167014426,477.7566522817141,5.228052165405899e-05,1,0,0,0,0,0,0,0,1,0,0,0,0,0,1,0,0,0,0
Jurassic World,2015,124.0,120,6.699,1977.2580116469649,1147.9107541514945,0.00017366750151656573,1,1,0,0,0,0,0,0,0,0,0,0,0,0,1,1,0,0,0
Jurassic World Rebirth,2025,134.0,86,6.383,1022.7558139534884,250.6003461419598,3.4802683251942935e-05,1,1,0,0,0,0,0,0,0,0,0,0,0,0,1,0,0,0,0
Just Friends,2006,94.0,55,6.222,672.0498378562894,538.8171468884595,5.832367261204944e-05,0,0,0,1,0,0,0,0,0,0,0,0,0,1,0,0,0,0,0
Just Getting Started,2017,91.0,12,4.916,300.10199918400656,1274.864776118157,0.00021801609129638744,1,0,0,1,0,0,0,0,0,0,0,0,0,0,0,0,0,0,0
Just Go With It,2011,117.0,94,6.704,624.7895188559257,661.3205782267981,7.263606440798409e-05,0,0,0,1,0,0,0,0,0,0,0,0,0,1,0,0,0,0,0
Just Married,2003,95.0,21,5.784,1365.2073369565217,1011.3023037931413,0.00013596822753697706,0,0,0,1,0,0,0,0,0,0,0,0,0,1,0,0,0,0,0
Just Mercy,2020,137.0,86,7.856,1803.6484475791049,837.6484875814562,9.961737427420654e-05,0,0,0,0,1,0,1,0,0,1,0,0,0,0,0,0,0,0,0
Just My Luck,2006,103.0,70,6.166,319.8313492063492,277.72308417039665,3.653542541657695e-05,0,0,0,1,0,0,1,1,1,0,0,0,0,1,0,0,0,0,0
Justice League,2018,120.0,119,6.074,767.8354413164694,1073.9703420373487,0.00015212235962926894,1,1,0,0,0,0,0,0,0,0,0,0,0,0,1,0,0,0,0
Juvenile Delinquents,2020,118.0,24,4.7,1338.264052712926,648.189346549289,7.094735862033773e-05,0,0,0,0,0,0,1,0,0,0,0,0,0,0,0,0,0,0,0
Juwanna Mann,2002,91.0,10,5.04,1425.1156197887717,1239.5534490589134,0.0002046521928106418,0,0,0,1,0,0,0,0,0,0,0,0,0,0,0,0,0,0,0
K-19: The Widowmaker,2002,138.0,73,6.537,733.0420495046268,418.7305208554405,4.7034625661573864e-05,0,0,0,0,0,0,1,0,0,1,0,0,1,0,0,1,0,1,0
K-PAX,2001,120.0,28,7.213,1178.1368476244254,954.0939036246646,0.00012272397324762278,0,0,0,0,0,0,1,0,0,0,0,0,1,0,1,0,0,0,0
Kabluey,2008,86.0,60,6.046,1171.751045053414,703.1455399552926,7.828743199231135e-05,0,0,0,1,0,0,1,0,0,0,0,0,0,0,0,0,0,0,0
Kaboom,2011,86.0,25,5.567,591.4851044908849,484.9354954781307,5.29572029658127e-05,0,0,0,1,0,0,0,0,0,0,0,0,1,0,1,0,0,0,0
Kahlil Gibran's The Prophet,2015,85.0,56,7.337,785.3300180831826,604.7482129979201,6.563554718733101e-05,0,0,1,0,0,0,0,0,0,0,0,0,0,0,0,0,0,0,0
Kandahar,2023,119.0,19,6.8,1098.4481785362652,1430.6197571065434,0.0002881811927022284,1,0,0,0,0,0,0,0,0,0,0,0,0,0,0,1,0,1,0
Kangaroo Jack,2003,89.0,35,5.309,1082.252140974967,477.2568711091926,5.223373525176785e-05,1,1,0,1,1,0,0,1,0,0,0,0,0,0,0,0,0,0,0
Kaptaan,2016,142.0,14,5.5,688.2273809523809,411.82851736719834,4.645665604755269e-05,1,0,0,1,0,0,1,1,0,0,0,0,0,0,0,0,0,0,0
Karate Kid: Legends,2025,94.0,42,7.1,426.7906976744186,607.6596103861099,6.59787634580761e-05,1,1,0,0,0,0,1,0,0,0,0,0,0,0,0,0,0,0,0
Katy Perry: Part of Me,2012,93.0,57,7.2,405.9635948576235,724.4511673747714,8.133318619031138e-05,0,0,0,0,0,1,0,0,0,0,0,1,0,0,0,0,0,0,0
Keanu,2016,100.0,63,6.061,266.6296296296297,597.4277955102098,6.478043187529171e-05,1,0,0,1,1,0,0,0,0,0,0,0,0,0,0,0,0,0,0
Keep Watching,2017,90.0,1,5.031,149.4124847001224,1590.4971096478491,0.00038375135077733366,0,0,0,0,0,0,1,0,0,0,1,0,0,0,0,1,0,0,0
Keeping Mum,2007,103.0,109,6.6,128.86408730158732,966.788218169653,0.000125546774775099,0,0,0,1,0,0,0,0,0,0,0,0,0,0,0,0,0,0,0
Keeping Up with the Joneses,2016,105.0,56,6.09,231.18683035714287,396.5864559673416,4.520533069717801e-05,1,0,0,1,0,0,0,0,0,0,0,0,0,0,0,0,0,0,0
Keeping Up with the Steins,2006,90.0,18,5.1,1634.8660714285716,1170.2995457819975,0.00018077442737763727,0,0,0,1,0,0,0,0,0,0,0,0,0,0,0,0,0,0,0
Kevin Hart: Laugh at My Pain,2011,89.0,94,7.109,770.2769830069403,625.4492177208339,6.811526543598493e-05,0,0,0,1,0,0,0,0,0,0,0,0,0,0,0,0,0,0,0
Kevin Hart: Let Me Explain,2013,74.0,51,6.732,1080.95567844173,605.049701667338,6.567100579154638e-05,0,0,0,1,0,1,0,0,0,0,0,0,0,0,0,0,0,0,0
Kevin Hart: What Now?,2016,96.0,42,6.451,386.42761627906975,1289.2486311683047,0.00022370678767185277,0,0,0,1,0,1,0,0,0,0,0,0,0,0,0,0,1,0,0
Kick,2014,92.0,24,1.0,1483.234755668216,718.4827387163838,8.046821350119198e-05,0,0,0,0,0,0,1,0,0,0,0,0,0,0,0,0,0,0,0
Kick-Ass,2010,118.0,77,7.122,437.85925063779257,650.5497362120972,7.124798888206173e-05,1,0,0,0,1,0,0,0,0,0,0,0,0,0,0,0,0,0,0
Kick-Ass 2,2013,103.0,42,6.4,419.7961373390558,877.4691666039341,0.00010698318041454992,1,1,0,0,1,0,0,0,0,0,0,0,0,0,0,0,0,0,0
Kicking and Screaming,2005,96.0,53,6.163,878.2590885816692,571.3881020829981,6.182797262943208e-05,0,0,0,1,0,0,1,0,0,0,0,0,0,1,0,0,0,0,0
Kicks,2016,100.0,21,6.0,1011.909126984127,428.65099566736035,4.787797822249264e-05,0,0,0,0,0,0,0,0,0,0,0,0,0,1,0,1,1,0,0
Kids for Cash,2014,102.0,21,6.6,1170.278833967047,1614.9144887243629,0.00040090972633609464,0,0,0,0,1,1,1,0,0,0,0,0,0,0,0,0,0,0,0
Kill,2024,90.0,29,5.9,70.8,-103.4096724733314,1.8458380458431962e-05,0,0,0,1,0,0,0,0,0,0,1,0,0,0,0,1,0,0,0
Kill Devil Hills,2022,82.0,1,0.0,2162.234369661769,1135.0035643726192,0.00016969802453089885,0,0,0,0,0,0,0,0,0,0,1,0,0,0,0,1,0,0,0
Killer Elite,2011,116.0,56,6.263,285.00635202947336,25.538582192844274,2.325493315133902e-05,1,1,0,0,0,0,0,0,0,0,0,0,0,0,0,1,0,0,0
Killers,2010,86.0,77,2.636,456.5177417722122,-461.36206008162503,9.720918497751894e-06,1,0,0,0,0,0,0,0,0,0,1,0,0,0,0,1,0,0,0
Killers of the Flower Moon,2024,206.0,120,7.411,272.6955084626565,1163.729039181152,0.0001786591044176975,0,0,0,0,1,0,1,0,0,1,0,0,0,0,0,0,0,0,0
Killing Kasztner,2010,129.0,116,0.0,341.4545454545455,785.3751001045715,9.071236550803213e-05,0,0,0,0,0,1,0,0,0,1,0,0,0,0,0,0,0,1,0
Killing Them Softly,2013,97.0,48,6.026,378.918870763383,990.0418380468645,0.0001308870963936517,0,0,0,0,1,0,0,0,0,0,0,0,0,0,0,1,0,0,0
Kin,2018,89.0,28,3.0,155.3416004064873,333.84415538295076,4.03995248764071e-05,0,0,0,0,0,0,1,0,0,0,0,0,0,1,0,0,0,0,0
Kinds of Kindness,2024,164.0,42,6.5,2576.414634146341,1023.5391785143064,0.00013898172635376833,0,0,0,1,0,0,1,0,0,0,0,0,0,0,0,0,0,0,0
King Kong,2006,104.0,69,7.6,2363.184594057922,400.53358170652666,4.55261061980991e-05,0,1,0,0,0,0,0,0,1,0,1,0,0,0,0,0,0,0,0
King Richard,2022,144.0,120,7.617,81.70384432842906,1412.3086107073318,0.000278881429974508,0,0,0,0,0,0,1,0,0,1,0,0,0,0,0,0,0,0,0
King's Ransom,2005,95.0,39,4.821,268.0453149001536,232.85845839745332,3.371394494394519e-05,0,0,0,1,1,0,0,0,0,0,0,0,0,0,0,0,0,0,0
Kingdom of Heaven,2005,144.0,98,7.002,401.3688516881407,682.1641065279075,7.53995113475475e-05,1,1,0,0,0,0,1,0,0,1,0,0,0,0,0,0,0,1,0
Kings of the Evening,2010,140.0,46,0.0,592.4382284382285,383.74666954729935,4.417741711239782e-05,0,0,0,0,0,0,1,0,0,0,0,0,0,0,0,0,0,0,0
Kingsman: The Golden Circle,2017,141.0,91,6.953,465.0192911500186,483.4611228016768,5.281751687738309e-05,1,1,0,1,1,0,0,0,0,0,0,0,0,0,0,0,0,0,0
Kingsman: The Secret Service,2015,129.0,120,7.622,597.5394514767933,1100.7660631918056,0.00015960264136585543,1,1,0,1,1,0,0,0,0,0,0,0,0,0,0,0,0,0,0
Kinky Boots,2006,107.0,46,6.7,507.6934523809524,755.932586022292,8.605186179360723e-05,0,0,0,1,0,0,1,0,0,0,0,1,0,0,0,0,0,0,0
Kiss Kiss Bang Bang,2006,103.0,74,7.16,326.9431643625192,458.3709215324181,5.049610146726546e-05,0,0,0,1,1,0,0,0,0,0,0,0,1,0,0,1,0,0,0
Kiss of the Dragon,2001,98.0,34,6.9,1039.680782985131,748.2541667121648,8.487630702270123e-05,1,0,0,0,1,0,0,0,0,0,0,0,0,0,0,1,0,0,0
Kiss of the Spider Woman,2025,120.0,28,7.0,31.0,652.3025457180729,7.14720588212643e-05,0,0,0,0,0,0,1,0,0,0,0,0,0,0,0,0,0,0,0
Kiss the Girls,1997,115.0,43,6.525,1076.242211838006,559.3329515745786,6.050706975086559e-05,0,0,0,0,1,0,1,0,0,0,0,0,1,0,0,1,0,0,0
Kissing a Fool,1998,93.0,5,5.492,192.0245398773006,1344.8908954925137,0.0002471546237772764,0,0,0,1,0,0,0,0,0,0,0,0,0,1,0,0,0,0,0
Knight and Day,2010,109.0,100,6.225,520.5903255387437,696.3416167698211,7.733900989377227e-05,1,0,0,1,0,0,0,0,0,0,0,0,0,0,0,0,0,0,0
Knights of Badassdom,2014,85.0,31,5.572,968.1247359526828,1048.7633910765894,0.0001454059212688747,0,1,0,1,0,0,0,0,1,0,1,0,0,0,0,0,0,0,0
Knights of the Zodiac,2023,113.0,21,6.313,119.22831200087518,888.104771221258,0.00010904104002926509,1,1,0,0,0,0,0,0,1,0,0,0,0,0,1,0,0,0,0
Knock at the Cabin,2023,100.0,42,6.254,284.34978980105336,783.4109778729703,9.039375108419174e-05,0,0,0,0,0,0,0,0,0,0,1,0,1,0,0,1,0,0,0
Knock Off,1998,91.0,16,5.3,632.3608128834356,1029.059903142563,0.00014036305608846011,1,0,0,0,1,0,0,0,0,0,0,0,0,0,0,1,0,0,0
Knockaround Guys,2002,92.0,11,6.008,863.6207615341857,1211.6156295918763,0.0001946618430062228,0,0,0,0,1,0,0,0,0,0,0,0,0,0,0,1,0,0,0
Knocked Up,2007,129.0,95,6.3,1436.7256539805858,1030.8845306020244,0.00014082260446937885,0,0,0,1,0,0,1,0,0,0,0,0,0,1,0,0,0,0,0
Knowing,2009,121.0,112,6.237,458.62108724608726,708.5328212042773,7.904662688174343e-05,1,0,0,0,0,0,0,0,0,0,0,0,1,0,1,1,0,0,0
Kong: Skull Island,2017,118.0,98,6.547,718.3357030113456,950.9394728406728,0.00012203243188134438,1,1,0,0,0,0,0,0,1,0,0,0,0,0,0,0,0,0,0
Krampus,2016,98.0,49,6.193,518.417805907173,771.5928063055271,8.850012686740719e-05,0,0,0,1,0,0,0,0,1,0,1,0,0,0,0,0,0,0,0
Kraven the Hunter,2025,127.0,63,6.467,191.54545454545453,291.89088351108455,3.7474572750190144e-05,1,1,0,0,0,0,0,0,0,0,0,0,0,0,0,1,0,0,0
Ktown Cowboys,2016,83.0,14,2.0,547.1910714285714,189.8607965309958,3.121457831729728e-05,0,0,0,1,0,0,1,0,0,0,0,0,0,0,0,0,0,0,0
Kull The Conqueror,1997,95.0,34,5.049,340.62720664589824,581.0901348240218,6.291195329645957e-05,1,1,0,0,0,0,0,0,1,0,0,0,0,0,0,0,0,0,0
Kung Fu Panda,2008,90.0,120,7.308,843.934548691748,1102.0031058323293,0.00015995672046239913,1,1,1,1,0,0,0,1,0,0,0,0,0,0,0,0,0,0,0
Kung Fu Panda 2,2011,91.0,120,7.05,763.5028901734104,1205.821652679479,0.00019265182505646681,0,0,1,1,0,0,0,1,0,0,0,0,0,0,0,0,0,0,0
Kung Fu Panda 3,2016,95.0,120,6.9,568.8775,987.4604594661189,0.00013028323256615272,1,1,1,1,0,0,0,1,0,0,0,0,0,0,0,0,0,0,0
Kung Fu Panda 4,2024,94.0,91,7.029,593.6263736263736,372.59706488722634,4.33037940923328e-05,1,1,1,1,0,0,0,1,1,0,0,0,0,0,0,0,0,0,0
Kung Pow: Enter the Fist,2002,81.0,10,6.38,852.3551973318511,1237.6156692522331,0.00020394300461444833,1,0,0,1,0,0,0,0,0,0,0,0,0,0,0,0,0,0,0
L.A. Confidential,1997,138.0,43,7.803,1398.3143891555103,939.9107115858124,0.00011964509815323178,0,0,0,0,1,0,1,0,0,0,0,0,1,0,0,1,0,0,0
L.A. Twister,2004,92.0,25,4.4,1539.3170989941768,599.0105323252162,6.496436613075982e-05,0,0,0,1,0,0,0,0,0,0,0,0,0,0,0,0,0,0,0
La La Land,2017,129.0,120,7.897,4202.764027777778,1344.9067851901507,0.00024716165911257954,0,0,0,1,0,0,1,0,0,0,0,0,0,1,0,0,0,0,0
La Mission,2010,117.0,88,5.688,648.6749197615773,539.0558502099354,5.8348618009681365e-05,0,0,0,0,0,0,1,0,0,0,0,0,0,0,0,0,0,0,0
Labor Day,2014,111.0,49,7.018,222.0466792547184,673.9553423496627,7.429885620037144e-05,0,0,0,0,0,0,1,0,0,0,0,0,0,1,0,1,0,0,0
Ladies in Lavender,2005,104.0,67,6.4,1662.762416794675,686.45238329775,7.59809645797284e-05,0,0,0,0,0,0,1,0,0,0,0,0,0,1,0,0,0,0,0
Lady Bird,2018,94.0,120,7.255,2632.28828369373,2569.1257978530984,0.002215242195786229,0,0,0,1,0,0,1,0,0,0,0,0,0,0,0,0,0,0,0
Lady in the Water,2006,110.0,46,5.561,1017.18462823726,651.32838568432,7.134744048319013e-05,0,0,0,0,0,0,1,0,1,0,0,0,1,0,0,0,0,0,0
Lady Macbeth,2017,86.0,84,6.566,529.4048590468419,599.4355334482574,6.50138455809618e-05,0,0,0,0,0,0,1,0,0,0,0,0,0,0,0,0,0,0,0
Laggies,2014,100.0,1,6.118,8410.139416983524,2979.516615688686,0.00462066526137516,0,0,0,1,0,0,1,0,0,0,0,0,0,1,0,0,0,0,0
Lake Placid,1999,82.0,28,5.933,1038.0477791116448,588.2315317697297,6.372196547400011e-05,1,0,0,1,0,0,0,0,0,0,1,0,0,0,1,1,0,0,0
Lakeview Terrace,2008,110.0,28,5.969,784.0057063234026,1143.382972833297,0.00017226456462975006,0,0,0,0,1,0,1,0,0,0,0,0,0,0,0,1,0,0,0
Lamb,2021,110.0,24,5.472,214.56887535375907,1665.7941469489733,0.00043916818641989025,0,0,0,0,0,0,1,0,0,0,0,0,0,0,0,0,0,0,0
Land of the Lost,2009,102.0,70,5.44,475.0345654345655,341.7718092919795,4.097735833607264e-05,0,1,0,1,0,0,0,0,0,0,0,0,0,0,1,0,0,0,0
Lansky,2021,116.0,14,5.481,108.7734008332015,445.5151943193162,4.934647308658939e-05,0,0,0,0,1,0,1,0,0,0,0,0,0,0,0,0,1,0,0
Lara Croft: Tomb Raider,2001,100.0,52,5.908,1558.6605455036458,645.3102730552364,7.058238308545905e-05,1,1,0,0,0,0,0,0,1,0,0,0,0,0,0,0,0,0,0
Larry Crowne,2011,98.0,49,5.993,458.1346811734921,799.2853815595658,9.300122419000105e-05,0,0,0,1,0,0,1,0,0,0,0,0,0,1,0,0,0,0,0
Lars and the Real Girl,2008,106.0,102,7.195,273.2899179932465,997.4113620712662,0.00013262650017941904,0,0,0,1,0,0,1,0,0,0,0,0,0,1,0,0,0,0,0
Lassie,2006,100.0,4,6.433,1106.9890873015872,2027.1928901587335,0.0008390704404976982,0,1,0,0,0,0,1,1,0,0,0,0,0,0,0,0,0,0,0
Last Call,2021,92.0,7,4.2,37.13811105837685,877.857451045626,0.00010705762117333911,0,0,0,0,0,0,1,0,0,0,0,0,0,0,0,0,0,0,0
Last Christmas,2020,77.0,56,2.0,333.2103822324682,142.20374479244197,2.8660276424797572e-05,0,0,0,0,0,0,1,0,1,0,0,0,0,0,0,0,1,0,0
Last Days,2025,97.0,14,5.5,82.5,793.246576024786,9.200056316556087e-05,0,0,0,0,0,0,1,0,0,0,0,0,0,0,0,0,0,0,0
Last Holiday,2006,88.0,39,7.08,937.6229296066252,434.2961007641645,4.836460933576901e-05,0,0,0,1,0,0,1,0,0,0,0,0,0,0,0,0,0,0,0
Last Ounce of Courage,2012,99.0,14,3.1,95.42682926829268,1194.5365518703302,0.0001887962397265943,0,0,0,0,0,0,1,0,0,0,0,0,0,0,0,0,0,0,0
Last Rampage,2017,93.0,14,5.4,116.66579238794662,1377.4480931066541,0.00026199812230583055,0,0,0,0,1,0,1,0,0,0,0,0,0,0,0,1,0,0,0
Last Train Home,2010,92.0,4,0.5,5437.67537826685,1144.6004294760803,0.0001726406767916025,0,1,0,0,0,0,1,1,0,0,0,0,0,0,0,0,0,0,0
Last Vegas,2014,105.0,112,6.41,414.5727321971749,959.7161333501203,0.00012396625789710267,0,0,0,1,0,0,0,0,0,0,0,0,0,0,0,0,0,0,0
Late Night with the Devil,2024,93.0,56,7.1,206.24324324324328,743.9354151217987,8.422218308977078e-05,0,0,0,0,0,0,0,0,0,0,1,0,0,0,0,0,0,0,0
Latter Days,2004,108.0,18,6.843,2518.5812599258866,1355.0798537355781,0.00025170725311538856,0,0,0,1,0,0,1,0,0,0,0,0,0,1,0,0,0,0,0
Laurel Canyon,2003,103.0,81,5.977,549.4510869565217,2312.3763678012338,0.0013985262954352303,0,0,0,0,0,0,1,0,0,0,0,0,0,1,0,0,0,0,0
Lawless,2012,115.0,61,7.059,426.02848229478974,742.4223229865192,8.399420261350369e-05,0,0,0,0,1,0,1,0,0,0,0,0,0,0,0,0,0,0,1
Laws of Attraction,2004,90.0,26,5.8,532.5749955884949,831.1132760937048,9.84579316221916e-05,0,0,0,1,0,0,0,0,0,0,0,0,0,1,0,0,0,0,0
Layer Cake,2005,105.0,53,6.913,951.1802355350742,2634.602145443505,0.002490930967068752,0,0,0,0,1,0,1,0,0,0,0,0,0,0,0,1,0,0,0
Lean on Pete,2018,121.0,70,6.949,586.1412768891504,1667.7510361592485,0.0004407104294206934,0,1,0,0,0,0,1,0,0,0,0,0,0,0,0,0,0,0,0
Leap of Faith,2024,108.0,7,5.797,939.6666666666666,1814.4143447006109,0.000573135235825294,0,0,0,1,0,0,1,0,0,0,0,0,0,1,0,0,0,0,0
Leap Year,2011,100.0,11,6.899,356.5269554499856,1658.1453142577193,0.0004331916676357544,0,0,0,1,0,0,0,0,0,0,0,0,0,1,0,0,0,0,0
Leatherheads,2008,114.0,63,5.863,331.62460649223306,601.1163410109962,6.520989794897953e-05,0,0,0,1,0,0,1,0,0,0,0,0,0,1,0,0,0,0,0
Leave It To Beaver,1997,84.0,21,5.335,450.8574395490284,860.5090542713449,0.00010378164941301177,0,0,0,1,0,0,0,1,0,0,0,0,0,0,0,0,0,0,0
Left Behind,2014,100.0,70,4.2,272.36862413744547,-569.1604796131503,8.013833815941296e-06,0,0,0,0,0,0,1,0,1,0,0,0,0,0,1,1,0,0,0
Legally Blonde,2001,96.0,55,6.809,1258.914808018069,911.1288910675221,0.00011363253818323467,0,0,0,1,0,0,0,0,0,0,0,0,0,1,0,0,0,0,0
Legend,2016,94.0,49,6.2,2310.6962886420392,681.1315054968813,7.526016560202089e-05,0,1,0,0,0,0,0,0,1,0,0,0,0,0,0,0,0,0,0
Legion,2010,100.0,59,5.897,609.4991561551893,478.8849475483249,5.2386299788917475e-05,1,0,0,0,0,0,0,0,1,0,1,0,0,0,0,0,0,0,0
Lemon Tree,2009,17.0,39,6.5,974.7505827505828,328.8101973619256,4.003684508231766e-05,0,0,0,0,0,0,1,0,0,0,0,0,0,0,0,0,0,0,0
Leonard Cohen: I'm Your Man,2006,105.0,76,6.4,321.38392857142856,86.39942234878072,2.5933713923011485e-05,0,0,0,0,0,1,0,0,0,0,0,1,0,0,0,0,0,0,0
Les Miserables,1998,105.0,21,5.2,735.362547472977,712.9501453591812,7.967462208598201e-05,0,1,0,0,0,0,1,0,0,1,0,0,0,1,0,0,0,0,0
Let It Rain,2010,7.0,18,0.0,1356.1898211829437,77.11767132770683,2.5506069032546646e-05,1,0,0,1,0,0,0,0,0,0,0,0,0,0,0,1,0,0,0
Let There Be Light,2018,58.0,112,7.4,266.98686410508714,1072.1589159490584,0.00015162952244716492,0,0,0,0,0,1,0,0,0,0,0,0,0,0,0,0,0,1,0
Let's Go to Prison,2006,89.0,3,5.7,768.5267857142858,1528.8932608029922,0.0003436546600423311,0,0,0,1,1,0,0,0,0,0,0,0,0,0,0,0,0,0,0
Lethal Weapon 4,1998,127.0,35,6.599,2165.6527607361963,694.1732759544677,7.703917844044823e-05,1,1,0,1,1,0,0,0,0,0,0,0,0,0,0,1,0,0,0
Letters from Iwo Jima,2007,141.0,62,7.478,3068.743686868687,985.5084347213858,0.00012982844458744657,1,0,0,0,0,0,1,0,0,0,0,0,0,0,0,0,0,1,0
Letters to God,2010,110.0,80,6.863,184.30758961081,299.9001861337339,3.801613075140726e-05,0,0,0,0,0,0,1,1,0,0,0,0,0,0,0,0,0,0,0
Letters to Juliet,2010,105.0,105,7.0,471.79961136219737,1159.3204666389533,0.00017725369263959888,0,0,0,1,0,0,1,0,0,0,0,0,0,1,0,0,0,0,0
Liberty Heights,2000,127.0,62,6.604,1668.9575830332135,585.4214012123196,6.340198960470122e-05,0,0,0,0,0,0,1,0,0,0,0,0,0,0,0,0,0,0,0
License to Wed,2007,91.0,63,5.67,863.8127318395796,467.7997685066654,5.1356270215062024e-05,0,0,0,1,0,0,0,0,0,0,0,0,0,0,0,0,0,0,0
Life,2017,108.0,45,6.647,486.9700083908763,714.8893547682364,7.99518861200153e-05,0,0,0,1,1,0,0,0,0,0,0,0,0,0,0,0,0,0,0
Life as a House,2001,125.0,49,7.078,652.1569734613213,657.4908049172958,7.213943698899722e-05,0,0,0,0,0,0,1,0,0,0,0,0,0,0,0,0,0,0,0
Life as We Know It,2011,114.0,112,6.9,358.58817220148035,996.5332324816872,0.0001324180311133562,0,0,0,1,0,0,1,0,0,0,0,0,0,1,0,0,0,0,0
Life During Wartime,2010,97.0,46,5.901,258.3218707015131,499.1534238977049,5.432335209333163e-05,0,0,0,1,0,0,1,0,0,0,0,0,0,0,0,0,0,0,0
Life in a Day,2011,95.0,39,7.202,460.6625166740773,1418.7235391799204,0.00028210475019493204,0,0,0,0,0,1,1,0,0,0,0,0,0,0,0,0,0,0,0
Life Is Beautiful,1999,90.0,120,8.5,873.9036809815951,495.61552569553004,5.398014944700973e-05,0,0,0,0,0,0,1,0,0,0,0,0,0,1,0,0,0,0,0
Life of Crime,2014,94.0,4,5.74,969.2817912970004,1988.3341242975043,0.0007826478096375965,0,0,0,1,1,0,0,0,0,0,0,0,0,0,0,0,0,0,0
Life of Pi,2013,127.0,120,7.405,901.454086817654,1558.9965023567368,0.0003626957806480984,0,1,0,0,0,0,1,0,0,0,0,0,0,0,0,0,0,0,0
Life of the Party,2018,87.0,84,6.143,339.11152832299786,-46.7117384061894,2.043169893095215e-05,0,0,0,1,0,0,1,0,0,0,0,0,0,1,0,0,0,0,0
Life or Something Like It,2002,103.0,20,5.701,478.8952195664258,1141.9793902887595,0.0001718319688500321,0,0,0,1,0,0,1,0,0,0,0,0,0,1,0,0,0,0,0
Lifemark,2022,105.0,21,7.5,215.55127141392936,984.8424492009908,0.00012967364498327918,0,0,0,0,0,0,1,0,0,0,0,0,0,0,0,0,0,0,0
Light It Up,2000,99.0,69,6.714,489.4773909563826,165.41872065228813,2.9877316161150352e-05,0,0,0,0,0,0,1,0,0,0,0,0,0,0,0,1,0,0,0
Lightning in a Bottle,2005,103.0,88,7.3,404.2985706723134,1906.465177515178,0.0006758844984311811,0,0,0,0,0,1,0,0,0,0,0,1,0,0,0,0,0,0,0
Lights Out,2016,7.0,70,0.0,589.4465962441315,-49.45448643232589,2.033155649558018e-05,0,0,1,0,0,0,0,0,0,0,0,0,0,0,0,0,0,0,0
Like a Boss,2020,83.0,42,6.2,298.41199308162214,600.1245660684997,6.509414417580814e-05,0,0,0,1,0,0,0,0,0,0,0,0,0,0,0,0,0,0,0
Like Crazy,2012,90.0,77,6.359,1794.7528771806228,856.5653275675676,0.000103051034683084,0,0,0,0,0,0,1,0,0,0,0,0,0,1,0,0,0,0,0
Like Mike,2002,99.0,89,6.111,944.1750584950296,344.1484974292701,4.115219610677541e-05,0,0,0,1,0,0,0,1,1,0,0,0,0,0,0,0,0,0,0
Limitless,2011,105.0,112,7.191,525.8377135869911,1022.0890887334732,0.00013862116192522782,0,0,0,0,0,0,0,0,0,0,0,0,1,0,1,1,0,0,0
Lion,2017,1.0,120,5.236,1666.4641666666666,1281.4593192308287,0.00022060689974299827,0,0,0,0,0,1,0,0,0,0,0,0,0,0,0,0,0,0,0
Lipstick & Dynamite,2005,83.0,67,6.0,496.8253968253968,546.4370602949784,5.912527067166957e-05,0,0,0,0,0,1,0,0,0,0,0,0,0,0,0,0,0,0,0
Little,2019,108.0,56,6.9,450.55129023183696,489.8350193179383,5.3424056300339826e-05,0,0,0,1,0,0,0,0,1,0,0,0,0,1,0,0,0,0,0
Little Black Book,2004,111.0,14,5.31,823.9832110716176,1318.994074730501,0.00023595058656092983,0,0,0,1,0,0,1,0,0,0,0,0,0,1,0,0,0,0,0
Little Boy,2015,106.0,56,7.221,243.38155515370707,221.07620233709758,3.300980812847895e-05,0,0,0,1,0,0,1,0,0,0,0,0,0,0,0,0,0,1,0
Little Children,2007,137.0,102,7.062,947.8497023809524,859.0934752101982,0.00010351880521013229,0,0,0,0,0,0,1,0,0,0,0,0,0,1,0,0,0,0,0
Little Fish,2021,114.0,7,5.763,57.4402784369562,1481.3701295276283,0.0003156089640685824,0,0,0,0,1,0,1,0,0,0,0,0,0,0,0,0,0,0,0
Little Fockers,2011,98.0,86,5.659,811.5111480758774,571.4933947601623,6.183963584708617e-05,0,0,0,1,0,0,0,0,0,0,0,0,0,1,0,0,0,0,0
Little Girl,2011,10.0,5,6.3,350.715873721654,1632.4964807715412,0.0004137379418794929,0,0,0,0,0,0,1,0,0,0,0,0,0,0,0,0,0,0,0
Little Girl Blue,2025,19.0,81,5.0,144.0,286.1657270762703,3.7092194556177175e-05,0,0,0,0,0,0,1,0,0,0,0,0,0,0,0,0,0,0,0
Little Joe,2019,87.0,24,0.0,689.1630817364099,446.60326050732994,4.944275151775792e-05,0,0,0,0,0,1,0,0,0,0,0,0,0,0,0,0,0,0,0
Little Man,2006,98.0,25,5.921,1429.6771825396827,1070.9426312445783,0.00015129950248399704,0,0,0,1,1,0,0,0,0,0,0,0,0,0,0,0,0,0,0
Little Manhattan,2005,90.0,11,7.204,5482.708653353815,1552.513472872515,0.00035850789036632016,0,0,0,1,0,0,0,0,0,0,0,0,0,1,0,0,0,0,0
Little Nicky,2001,90.0,67,5.853,650.8499253359881,404.1670847669829,4.5823405904424924e-05,0,0,0,1,0,0,0,0,1,0,0,0,0,0,0,0,0,0,0
Little Women,2020,119.0,82,7.278,416.0400548650196,499.6487947962904,5.437158062170846e-05,0,0,0,0,0,0,1,0,0,0,0,0,0,1,0,0,0,0,0
Little Woods,2019,103.0,28,5.5,255.0480473769485,1080.109045343647,0.00015380446842595458,0,0,0,0,0,0,1,0,0,0,0,0,0,0,0,1,0,0,0
Live by Night,2017,129.0,75,6.273,922.6022777777778,523.3709436854881,5.673195452847848e-05,0,0,0,0,1,0,1,0,0,0,0,0,0,0,0,1,0,0,0
Live Free or Die Hard,2007,128.0,114,6.633,707.3830197780994,1034.5161906439669,0.0001417417521272237,1,0,0,0,0,0,0,0,0,0,0,0,0,0,0,1,0,0,0
Living Life,2005,89.0,4,0.0,1857.886584741424,1177.815411648554,0.00018322482863833168,0,0,0,0,0,0,1,0,0,0,0,0,0,0,0,0,0,0,0
Living Out Loud,1998,100.0,21,5.843,1130.3387379491674,957.053893477202,0.00012337645116574912,0,0,0,1,0,0,1,0,0,0,0,0,0,1,0,0,0,0,0
Lizzie,2018,81.0,42,6.9,661.4544575297263,69.15720872814893,2.5144922748049054e-05,0,0,0,0,0,0,1,0,0,0,0,0,0,0,0,0,0,0,0
Lockout,2012,91.0,42,2.8,288.52009706321564,-233.29281295746227,1.462664603949382e-05,0,0,0,0,0,0,0,0,0,0,1,0,0,0,0,0,0,0,0
Logan,2017,94.0,112,5.35,861.4116335345179,60.85097674083363,2.4773540193692513e-05,0,0,0,1,0,0,1,1,0,0,0,0,0,0,0,0,0,0,0
London Fields,2018,118.0,14,5.037,49.94965011094043,1210.0225752179572,0.0001941071072910755,0,0,0,0,1,0,0,0,0,0,0,0,0,0,0,1,0,0,0
Lone Survivor,2014,121.0,107,7.431,2981.0874264822764,1269.1592331218528,0.000215799109036768,1,0,0,0,0,0,1,0,0,0,0,0,0,0,0,0,0,1,0
Lonely Hearts,2007,108.0,1,6.0,919.5224312590448,1936.0272529457234,0.0007126425109709476,0,0,0,0,1,0,1,0,0,0,0,0,0,1,0,1,0,0,0
Lonesome Jim,2006,91.0,67,6.043,80.73412698412699,147.83411280091048,2.8950814765735988e-05,0,0,0,1,0,0,1,0,0,0,0,0,0,1,0,0,0,0,0
Long Shot,2019,84.0,49,0.0,344.3367227219398,-339.49748565492814,1.209254505069812e-05,0,0,0,1,0,0,0,0,0,0,0,0,0,0,0,0,0,0,0
Long Weekend,2021,87.0,42,5.132,32.57149888379125,421.9102094035841,4.730330483554371e-05,0,0,0,0,0,0,1,0,0,0,1,0,0,0,0,1,0,0,0
Longlegs,2024,101.0,112,6.564,589.5961538461538,1001.398689584254,0.00013357723293192834,0,0,0,0,1,0,0,0,0,0,1,0,0,0,0,1,0,0,0
Look Back,2024,1.0,63,0.0,2085.083333333333,469.84655175512614,5.1544919870361096e-05,0,0,0,0,0,1,0,0,0,0,0,0,0,0,0,0,0,0,0
Looking for Eric,2010,116.0,18,6.5,420.4906006419074,1155.6704029204575,0.00017609845618141515,0,0,0,1,0,0,1,0,0,0,0,0,0,0,0,0,0,0,0
Looking for Kitty,2006,95.0,4,4.5,1552.579365079365,1489.417592048183,0.00032019182581067727,0,0,0,1,0,0,1,0,0,0,0,0,0,0,0,0,0,0,0
Looney Tunes: Back in Action,2004,92.0,67,6.3,702.6797658862876,500.3293192664733,5.443790523119779e-05,0,0,1,1,0,0,0,1,0,0,0,0,0,0,0,0,0,0,0
Looper,2013,118.0,96,6.897,509.1554783366157,829.8708816129422,9.823904396773351e-05,1,0,0,0,0,0,0,0,0,0,0,0,0,0,1,1,0,0,0
Lord of War,2005,122.0,25,7.335,628.4622724945306,1173.0061127784754,0.00018165305186012515,0,0,0,0,1,0,1,0,0,0,0,0,0,0,0,1,0,0,0
Loser,2000,95.0,21,5.375,700.907536456317,1049.7145943252308,0.0001456539030264291,0,0,0,1,0,0,0,0,0,0,0,0,0,1,0,0,0,0,0
Lost and Found,1999,24.0,21,7.8,230.7897896000505,614.0021278526983,6.673269108876637e-05,0,0,1,0,0,0,0,1,0,0,0,0,0,0,0,0,0,0,0
Lost and Found in Armenia,2013,100.0,35,5.5,1527.2711220110364,369.4634744230124,4.306138771614908e-05,0,0,0,1,0,0,0,0,0,0,0,0,0,0,0,0,0,0,0
Lost In Space,1998,130.0,35,5.427,1091.6869412795793,664.5190443764935,7.305344582106903e-05,0,1,0,0,0,0,0,0,0,0,0,0,0,0,1,0,0,0,0
Lost River,2015,95.0,21,5.723,952.3954189270644,1209.687246347433,0.00019399054013679454,0,0,0,0,0,0,1,0,1,0,0,0,0,0,0,1,0,0,0
Lost Souls,2000,97.0,27,5.0,633.3697603209798,722.9083096850577,8.110870090953583e-05,0,0,0,0,0,0,1,0,0,0,1,0,0,0,0,1,0,0,0
Lottery Ticket,2010,99.0,77,5.6,364.241292865777,357.2455138530062,4.212912808023819e-05,0,0,0,1,0,0,0,0,0,0,0,0,0,0,0,0,0,0,0
Louder Than Bombs,2016,105.0,55,6.432,361.4473765432098,485.5788929751859,5.301827592420563e-05,0,0,0,0,0,0,1,0,0,0,0,0,0,0,0,0,0,0,0
Love,2015,90.0,3,5.496,6450.177215189874,1981.2043167639072,0.0007727150965497701,0,0,0,0,0,0,1,0,0,0,0,0,0,0,1,0,0,0,0
Love & Friendship,2016,94.0,120,6.073,1149.0143055555554,973.6953789311813,0.00012710988290159686,0,0,0,1,0,0,1,0,0,0,0,0,0,1,0,0,0,0,0
Love & Mercy,2015,120.0,119,7.085,365.5828457965465,696.598463346971,7.737460305436073e-05,0,0,0,0,0,0,1,0,0,1,0,1,0,0,0,0,0,0,0
Love Actually,2004,135.0,102,7.102,1961.8330546265329,1010.1671123497739,0.00013569200489280494,0,0,0,1,0,0,1,0,0,0,0,0,0,1,0,0,0,0,0
Love Again,2023,75.0,42,0.0,119.07422601465925,85.02504177086041,2.5869941715767757e-05,0,0,0,0,0,0,1,0,0,0,0,0,0,0,0,0,0,0,0
Love and a Bullet,2002,85.0,4,4.444,325.35297387437464,796.517153503731,9.254117064157927e-05,1,0,0,1,1,0,0,0,0,0,0,0,0,1,0,1,0,0,0
Love and Monsters,2020,109.0,35,7.279,138.46224332082136,934.576583135457,0.00011850726310234594,1,1,0,1,0,0,0,0,0,0,0,0,0,0,1,0,0,0,0
Love Crime,2011,66.0,4,0.0,3079.8977323254776,824.81786744076,9.735379637309333e-05,0,0,0,0,1,0,1,0,0,0,0,0,0,0,0,0,0,0,0
Love Happens,2009,109.0,49,5.839,404.70672184957897,743.6410151667485,8.417777685361122e-05,0,0,0,0,0,0,1,0,0,0,0,0,0,1,0,0,0,0,0
Love Hurts,2025,95.0,35,4.9,166.36111111111111,434.15297461201135,4.835221037597102e-05,0,0,0,1,0,0,0,0,0,0,0,0,0,1,0,0,0,0,0
Love in Kilnerry,2022,110.0,101,4.0,479.0221138615398,116.47862093491858,2.7369462990890054e-05,0,0,0,1,0,0,0,0,0,0,0,0,0,1,0,0,0,0,0
Love in the Time of Cholera,2007,139.0,5,6.623,793.8996623251326,1536.4970240398625,0.00034836775602209105,0,0,0,0,0,0,1,0,0,0,0,0,0,1,0,0,0,0,0
Love Lies Bleeding,2024,94.0,31,6.1,2347.9444444444443,1162.1194992175717,0.00017814471123451254,1,0,0,0,1,0,0,0,0,0,0,0,0,0,0,1,0,0,0
Love Serenade,1997,101.0,21,5.929,2335.729417000445,1204.4961538572331,0.00019219491448670527,0,0,0,1,0,0,0,0,0,0,0,0,0,1,0,0,0,0,0
Love Stinks,1999,94.0,14,6.234,210.4201680672269,1159.1405472011431,0.00017719657139824202,0,0,0,1,0,0,0,0,0,0,0,0,0,1,0,0,0,0,0
Love the Coopers,2016,107.0,63,5.983,307.0045542830353,402.30438067576085,4.567075439875901e-05,0,0,0,1,0,0,1,1,0,0,0,0,0,0,0,0,0,0,0
Loving Highsmith,2022,84.0,4,5.8,2138.7085753331053,1949.4175321638734,0.0007299436550868043,0,0,0,0,0,1,0,0,0,0,0,0,0,0,0,0,0,0,0
Lowriders,2017,99.0,42,6.727,731.2211730877582,812.3138530245631,9.519733524666497e-05,1,0,0,0,1,0,1,0,0,0,0,0,0,0,0,0,0,0,0
Luce,2019,109.0,70,6.373,985.3056036650094,649.8142426250788,7.115417660614605e-05,0,0,0,0,0,0,1,0,0,0,0,0,0,0,0,1,0,0,0
Lucky Number Slevin,2006,110.0,53,7.48,724.6459899749374,363.37409953430364,4.2594203273378137e-05,0,0,0,0,1,0,1,0,0,0,0,0,1,0,0,1,0,0,0
Lucky Numbers,2000,105.0,24,5.1,278.7707072559448,821.2328241759006,9.673056729572487e-05,0,0,0,1,1,0,0,0,0,0,0,0,0,0,0,0,0,0,0
Lucky You,2007,124.0,25,5.639,220.8212735166425,1102.9026805658873,0.00016021469923236105,0,0,0,0,0,0,1,0,0,0,0,0,0,1,0,0,0,0,0
Lurker,2025,11.0,42,8.0,308.6666666666667,357.6644247201443,4.216075532142683e-05,0,0,0,0,0,0,0,0,0,0,1,0,0,0,0,0,0,0,0
LUV,2013,94.0,28,5.8,276.58568362967515,950.7398379475125,0.00012198879755162413,0,0,0,0,1,0,1,0,0,0,0,0,0,0,0,0,0,0,0
M3GAN,2023,102.0,70,7.048,435.23142134724986,827.2495116336859,9.777880076396757e-05,0,0,0,0,0,0,0,0,0,0,1,0,0,0,1,0,0,0,0
M3GAN 2.0,2025,120.0,35,7.381,289.0,575.6804795983857,6.230522485773716e-05,1,0,0,0,0,0,0,0,0,0,0,0,0,0,1,1,0,0,0
MA,2019,80.0,49,5.2,559.0912006257333,675.0401528002267,7.444338430048602e-05,0,0,0,0,0,0,1,0,0,0,0,0,0,0,0,0,0,0,0
Macbeth,2016,141.0,84,7.071,686.452330721318,594.3846455909677,6.442824092752743e-05,0,0,0,0,0,0,1,0,0,0,0,0,0,0,0,0,0,1,0
MacGruber,2010,90.0,21,5.405,287.365996375625,1161.2231549426556,0.00017785889071861004,1,0,0,1,0,0,0,0,0,0,0,0,0,0,0,0,0,0,0
Machete,2010,105.0,63,6.336,341.3083411570344,506.1590292246538,5.500940008686367e-05,1,0,0,1,0,0,0,0,0,0,0,0,0,0,0,1,0,0,0
Machete Kills,2013,108.0,35,5.616,206.7220110361741,344.5541175904934,4.118210942506153e-05,1,0,0,0,1,0,0,0,0,0,0,0,0,0,0,1,0,0,0
Machine Gun Preacher,2011,129.0,70,6.7,553.5704122467127,361.1046787804876,4.242138993313108e-05,1,0,0,0,1,0,0,0,0,0,0,0,0,0,0,1,0,0,0
Mack & Rita,2022,95.0,24,5.464,88.24497556483118,807.6664050545028,9.440806273754649e-05,0,0,0,1,0,0,1,0,1,0,0,0,0,0,0,0,0,0,0
Mad City,1997,114.0,12,6.244,700.3226029768085,1430.6236879311223,0.0002881832219967049,0,0,0,0,0,0,1,0,0,0,0,0,0,0,0,1,0,0,0
Mad God,2022,84.0,42,6.858,406.8893064571233,-228.55716860363168,1.475125852013718e-05,0,0,1,0,0,0,0,0,1,0,1,0,0,0,1,0,0,0,0
Mad Hot Ballroom,2005,105.0,116,6.9,1442.9305342208568,1040.8363306311642,0.00014335566315693219,0,0,0,0,0,1,0,1,0,0,0,0,0,0,0,0,0,0,0
Mad Max: Fury Road,2015,121.0,120,7.627,705.8080691843638,1373.3325987616286,0.00026007363746300885,1,1,0,0,0,0,0,0,0,0,0,0,0,0,1,0,0,0,0
Madagascar: Escape 2 Africa,2009,89.0,112,6.52,772.1677393669962,935.5835130307472,0.00011872122192714209,0,1,1,1,0,0,0,1,0,0,0,0,0,0,0,0,0,0,0
Madame Web,2024,117.0,65,5.321,215.7619047619048,448.4894096034351,4.9610094234348245e-05,1,0,0,0,0,0,0,0,1,0,0,0,0,0,0,0,0,0,0
Made,2001,95.0,33,5.788,1902.2264691829912,1193.112113167159,0.00018831509318918547,0,0,0,1,1,0,1,0,0,0,0,0,0,0,0,0,0,0,0
Made in Dagenham,2011,113.0,95,6.7,300.6579550664833,2346.1865701131755,0.001485849802815996,0,0,0,1,0,0,1,0,0,1,0,0,0,0,0,0,0,0,0
Made of Honor,2008,101.0,45,6.444,621.1540486143366,681.0972083231569,7.525554174487452e-05,0,0,0,1,0,0,0,0,0,0,0,0,0,1,0,0,0,0,0
Madea Goes To Jail,2009,102.0,48,6.5,1372.3542152292152,301.644629111684,3.813511725437053e-05,0,0,0,1,1,0,1,0,0,0,0,0,0,0,0,0,0,0,0
Madea's Big Happy Family,2011,106.0,91,6.7,514.8329171939665,257.50550554653387,3.523586440582717e-05,0,0,0,1,0,0,1,0,0,0,0,0,0,0,0,0,0,0,0
Madea's Family Reunion,2006,109.0,28,6.36,1624.940653344671,665.6298069321647,7.319895431339587e-05,0,0,0,1,0,0,1,0,0,0,0,0,0,1,0,0,0,0,0
Madeline,1998,89.0,19,6.219,1279.7870804763625,1313.0203483581076,0.00023343905331073555,0,0,0,1,0,0,1,1,0,0,0,0,0,0,0,0,0,0,0
Magazine Dreams,2025,124.0,21,6.887,148.375,1347.7094365062494,0.00024840570128532646,0,0,0,0,0,0,1,0,0,0,0,0,0,0,0,0,0,0,0
Maggie,2015,95.0,1,5.399,752.7848101265823,1678.1196423358847,0.0004489728552810461,0,0,0,0,0,0,1,0,0,0,1,0,0,0,1,0,0,0,0
Magic Farm,2025,93.0,35,5.9,441.0,601.026408948129,6.519939315983097e-05,0,0,0,1,0,0,0,0,0,0,0,0,0,0,0,0,0,0,0
Magic Mike,2012,110.0,91,6.173,711.863401378579,1010.4199715680813,0.00013575348373256915,0,0,0,1,0,0,1,0,0,0,0,0,0,0,0,0,0,0,0
Magic Mike XXL,2015,115.0,86,6.152,425.1966632717397,854.4888038918025,0.00010266840736369661,0,0,0,1,0,0,1,0,0,0,0,0,0,0,0,0,0,0,0
Magnolia,2000,189.0,69,7.723,1450.890566753017,738.4883349216614,8.34043450163692e-05,0,0,0,0,0,0,1,0,0,0,0,0,0,0,0,0,0,0,0
Maid in Manhattan,2003,105.0,35,6.135,1464.510918764393,1082.3971503178464,0.00015443619554342228,0,0,0,1,0,0,1,0,0,0,0,0,0,1,0,0,0,0,0
Maidentrip,2014,82.0,32,7.1,1723.5150214592277,1346.3210066791712,0.0002477886237233348,0,1,0,0,0,1,0,0,0,0,0,0,0,0,0,0,0,0,0
Make Your Move,2014,110.0,14,5.756,95.87029995775244,1196.999427061285,0.00018963105118096704,0,0,0,0,0,0,0,0,0,0,0,1,0,0,0,0,0,0,0
Malibu Horror Story,2023,88.0,63,6.0,28.76271742697736,299.8388769426442,3.801195568010763e-05,0,0,0,0,0,0,0,0,0,0,1,0,0,0,0,1,0,0,0
Malibu's Most Wanted,2003,86.0,39,5.15,837.3758051529788,681.0944504027867,7.525516994145224e-05,0,0,0,1,1,0,0,0,0,0,0,0,0,0,0,0,0,0,0
Mama,2013,100.0,77,6.284,574.4991917953291,875.1671714976462,0.00010654291052861999,0,0,0,0,0,0,0,0,0,0,1,0,0,0,0,0,0,0,0
Mamma Mia!,2008,108.0,112,7.0,749.3225399774401,1127.3071001869762,0.00016737436866835827,0,0,0,1,0,0,0,0,0,0,0,0,0,1,0,0,0,0,0
Man of Steel,2013,143.0,98,6.639,1324.852863397928,722.1503588110255,8.099864637494453e-05,1,1,0,0,0,0,0,0,0,0,0,0,0,0,1,0,0,0,0
Man of the House,2005,100.0,21,5.785,566.3504254748494,927.4223731390994,0.00011699815312623803,1,0,0,1,0,0,0,0,0,0,0,0,0,0,0,0,0,0,0
Man of the Year,2006,86.0,28,2.786,768.9703798185941,477.8956728768076,5.229354334496368e-05,0,0,0,1,0,0,0,0,0,0,0,0,0,0,0,0,0,0,0
Man on a Ledge,2012,102.0,35,6.431,347.665256346441,594.6095647947923,6.445420570199456e-05,1,0,0,0,1,0,0,0,0,0,0,0,0,0,0,1,0,0,0
Man on Fire,2004,95.0,49,5.8,999.2829593457288,141.3239029655009,2.861513897556322e-05,0,0,0,0,0,0,1,0,0,0,0,0,0,0,0,0,0,0,0
Man on the Moon,2000,118.0,30,7.244,1036.166244275488,1259.0725733117843,0.00021193478554833175,0,0,0,1,0,0,1,0,0,0,0,0,0,0,0,0,0,0,0
Man on Wire,2008,94.0,39,7.363,1059.809568044589,1316.8546052294514,0.00023504799883767257,0,0,0,0,0,1,0,0,0,0,0,0,0,0,0,0,0,0,0
Management,2009,94.0,11,5.364,515.1002331002331,1189.8339801831928,0.00018721245919602753,0,0,0,1,0,0,1,0,0,0,0,0,0,1,0,0,0,0,0
Mandy,2018,93.0,52,7.0,655.5112504978097,-510.2214939734565,8.906247366978337e-06,0,0,0,0,0,0,1,0,0,0,0,0,0,0,0,0,0,0,0
Mansfield Park,2000,112.0,61,6.675,1450.9597839135654,1000.491608804034,0.00013336035276009163,0,0,0,0,0,0,1,0,0,0,0,0,0,1,0,0,0,0,0
Manufactured Landscapes,2007,90.0,76,7.088,371.4327062228654,828.5538928329779,9.800754543513685e-05,0,0,0,0,0,1,0,0,0,0,0,0,0,0,0,0,0,0,0
Margaret Cho: Assassin,2005,90.0,4,5.818,851.0138248847926,1372.9991677384592,0.0002599183390971526,0,0,0,1,0,0,0,0,0,0,0,0,0,0,0,0,0,0,0
Margin Call,2012,108.0,115,6.866,666.5324694573249,941.8719098985099,0.00012006618705538354,0,0,0,0,0,0,1,0,0,0,0,0,0,0,0,1,0,0,0
Margot at the Wedding,2008,91.0,77,5.82,1648.5047080271393,680.4591282283089,7.516956920818066e-05,0,0,0,1,0,0,1,0,0,0,0,0,0,0,0,0,0,0,0
Marie Antoinette,2006,123.0,20,6.7,1229.8880012531329,1579.309089369748,0.0003761366551558873,0,0,0,0,0,0,1,0,0,1,0,0,0,0,0,0,0,0,0
Marley & Me,2009,115.0,120,7.191,657.7288666976312,1083.1624628476407,0.00015464807063575637,0,0,0,1,0,0,0,1,0,0,0,0,0,0,0,0,0,0,0
Marlowe,2023,95.0,23,5.994,138.98555956678703,298.71300794827164,3.793536702705571e-05,0,0,0,0,1,0,1,0,0,0,0,0,1,0,0,0,0,0,0
Marmaduke,2010,88.0,98,5.2,353.3767041892411,384.4698638100701,4.4234687601472156e-05,0,0,0,1,0,0,0,1,0,0,0,0,0,0,0,0,0,0,0
Married Life,2008,90.0,81,5.756,91.58848118903856,2258.1640933106964,0.0012690934067187995,0,0,0,0,1,0,1,0,0,0,0,0,0,1,0,0,0,0,0
Marry Me,2022,5.0,49,0.0,167.43949436282884,112.73696890886993,2.718662382451207e-05,0,0,0,1,0,0,0,0,0,0,0,0,0,0,0,0,0,0,0
Marshall,2018,118.0,98,7.244,216.52170292841737,536.7322633681141,5.810624728027717e-05,0,0,0,0,0,0,1,0,0,0,0,0,0,0,0,0,0,0,0
Mary Magdalene,2019,120.0,21,6.3,166.88436970408034,1132.0407706531776,0.00016879972652714874,0,0,0,0,0,0,1,0,0,0,0,0,0,0,0,0,0,0,0
Mary Shelley,2018,120.0,33,7.01,590.055030592665,794.8103442810295,9.225864983423995e-05,0,0,0,0,0,0,1,0,0,0,0,0,0,1,0,0,0,0,0
Masked and Anonymous,2003,112.0,1,5.0,2694.5217391304345,1424.5165982825768,0.0002850475996687225,0,0,0,0,0,0,1,0,0,0,0,1,0,0,0,0,0,0,0
Masterminds,2016,106.0,38,5.3,257.0058876811595,195.36395784594276,3.15238259942727e-05,1,1,0,1,0,0,0,0,0,0,0,0,0,0,0,1,0,0,0
Matchstick Men,2003,116.0,27,7.004,887.3017485822305,1237.644139578192,0.00020395340636835093,0,0,0,1,1,0,1,0,0,0,0,0,0,0,0,1,0,0,0
Material Girls,2006,97.0,18,5.3,845.3794642857143,986.6103742507687,0.00013008498192749852,0,0,0,1,0,0,0,1,0,0,0,0,0,1,0,0,0,0,0
Materialists,2025,116.0,63,6.496,474.55882352941177,1738.6129776411653,0.0005003613859574309,0,0,0,0,0,0,1,0,0,0,0,0,0,1,0,0,0,0,0
Max,2015,106.0,112,6.081,321.8791817359855,1095.9613023968466,0.00015823479164674449,0,0,0,0,0,0,1,0,0,0,0,0,0,0,0,0,0,1,0
Max Payne,2008,100.0,63,5.4,383.4301344008729,174.52954601468286,3.0368950800480874e-05,1,0,0,0,1,0,1,0,0,0,0,0,1,0,0,1,0,0,0
Max Steel,2016,92.0,21,5.594,148.92341269841273,452.8609980905009,5.0000130712155966e-05,1,1,0,0,0,0,0,0,0,0,0,0,0,0,1,0,0,0,0
MaXXXine,2024,103.0,45,6.323,335.5925925925926,1740.891251418282,0.0005024076915577922,0,0,0,0,0,0,0,0,0,0,1,0,0,0,0,1,0,0,0
Maybe I Do,2023,95.0,28,5.447,250.23564161470296,85.24822459455902,2.588028687752711e-05,0,0,0,1,0,0,1,0,0,0,0,0,0,1,0,0,0,0,0
Maze Runner: The Death Cure,2018,143.0,70,7.093,412.4006940888662,237.68666682844582,3.4006811211536935e-05,1,1,0,0,0,0,0,0,0,0,0,0,0,0,1,1,0,0,0
Me and Orson Welles,2010,114.0,93,6.365,908.45863097476,-12.503926850347739,2.172291456724952e-05,0,0,0,1,0,0,1,0,0,1,0,0,0,0,0,0,0,0,0
Me Before You,2016,110.0,77,7.926,532.5514423076924,1026.9670972201131,0.0001398378107912488,0,0,0,0,0,0,1,0,0,0,0,0,0,1,0,0,0,0,0
Mean Girls,2024,96.0,56,7.221,508.7961165048544,1121.853230382052,0.0001657470667294372,0,0,0,1,0,0,1,0,0,0,0,0,0,0,0,0,0,0,0
Mechanic: Resurrection,2016,99.0,63,6.029,306.1735026041667,282.4285261272413,3.684469736776674e-05,1,0,0,0,1,0,0,0,0,0,0,0,0,0,0,1,0,0,0
Medicine for Melancholy,2009,88.0,18,6.141,631.8368298368299,1143.26974981609,0.00017222962801035217,0,0,0,0,0,0,1,0,0,0,0,0,0,1,0,0,0,0,0
Meek's Cutoff,2011,104.0,88,6.5,485.0177856825255,700.0287909161439,7.785154262024341e-05,0,0,0,0,0,0,1,0,0,0,0,0,0,0,0,0,0,0,1
Meet Dave,2008,90.0,70,5.285,217.48629818857407,147.1381392944844,2.8914742199449362e-05,0,1,0,1,0,0,0,1,0,0,0,0,0,0,1,0,0,0,0
Meet Joe Black,1998,178.0,35,7.351,936.4762489044698,1030.1350417030756,0.00014063365733669924,0,0,0,0,0,0,1,0,1,0,0,0,0,1,0,0,0,0,0
Meet the Blacks,2016,90.0,82,4.742,235.59849397590364,-273.23866274202055,1.3616545918005181e-05,0,0,0,1,0,0,0,0,0,0,0,0,0,0,0,0,0,0,0
Meet the Browns,2008,101.0,49,6.6,732.5891731518432,273.74402121357116,3.627592246991004e-05,0,0,0,1,0,0,1,0,0,0,0,0,0,1,0,0,0,0,0
Meet the Fockers,2005,115.0,62,6.25,2232.853720469085,695.8533452850527,7.72713915866922e-05,0,0,0,1,0,0,0,0,0,0,0,0,0,1,0,0,0,0,0
Meet the Mormons,2014,78.0,54,6.0,662.2933931298951,399.70279512552713,4.5458401143618984e-05,0,0,0,0,0,1,0,1,0,0,0,0,0,0,0,0,0,0,0
Meet the Parents,2001,108.0,102,6.7,1406.0509505470995,1103.464635129693,0.00016037606686449964,0,0,0,1,0,0,0,0,0,0,0,0,0,1,0,0,0,0,0
Meet the Patels,2015,88.0,52,7.0,1698.9977280103865,818.3011842849692,9.622389320361023e-05,0,0,0,1,0,1,0,0,0,0,0,0,0,1,0,0,0,0,0
Meet the Spartans,2008,84.0,70,4.096,421.0577931126004,388.306713306084,4.453977576659641e-05,0,0,0,1,0,0,0,0,1,0,0,0,0,0,0,0,0,0,0
Meeting Gorbachev,2019,95.0,119,6.6,341.2025404119411,1188.545565352832,0.00018678085703127093,0,0,0,0,0,1,0,0,0,0,0,0,0,0,0,0,0,0,0
Meg 2: The Trench,2023,116.0,70,6.406,443.9528802853654,341.31710463726415,4.094399336623009e-05,1,0,0,0,0,0,0,0,0,0,1,0,0,0,1,0,0,0,0
Megalopolis,2024,138.0,28,5.169,227.08,867.33754069102,0.00010505896510660502,0,0,0,0,0,0,1,0,0,0,0,0,0,0,1,0,0,0,0
MegaMind,2011,96.0,112,7.012,706.592323311718,660.065123275829,7.247288723445185e-05,1,0,1,1,0,0,0,1,0,0,0,0,0,0,1,0,0,0,0
Memoir of a Snail,2025,94.0,112,8.061,572.8666666666667,765.5137312778146,8.754158070015999e-05,0,0,1,1,0,0,1,0,0,0,0,0,0,0,0,0,0,0,0
Memoirs of a Geisha,2006,146.0,74,7.651,1547.8286153170948,616.7667796021021,6.706401227629476e-05,0,0,0,0,0,0,1,0,0,1,0,0,0,1,0,0,0,0,0
Memory,2024,98.0,42,5.195,938.058363417569,463.451729515945,5.0957804585238915e-05,0,0,0,0,0,0,0,0,0,0,1,0,0,0,0,0,0,0,0
Men,2022,92.0,35,4.042,151.09347052794467,1351.7489168625673,0.00025020977221432107,0,0,0,0,0,0,1,0,0,0,0,0,0,0,0,0,0,0,0
Men in Black,1997,98.0,93,7.214,1651.0350632995294,826.8041617692287,9.770082366954467e-05,1,1,0,1,0,0,0,0,0,0,0,0,0,0,1,0,0,0,0
Men in Black 3,2012,106.0,108,6.537,1001.1670880428316,907.2598294370518,0.00011284766695345359,1,0,0,1,0,0,0,0,0,0,0,0,0,0,1,0,0,0,0
Men in Black: International,2019,115.0,115,5.901,375.2493854405275,699.1791185164521,7.773313422357886e-05,1,1,0,1,0,0,0,0,0,0,0,0,0,0,1,0,0,0,0
Men of Honor,2001,129.0,67,7.488,887.4127105110338,690.558727870276,7.654195155998876e-05,0,0,0,0,0,0,1,0,0,0,0,0,0,0,0,0,0,0,0
Mercury Rising,1998,111.0,28,6.29,931.319018404908,938.3879705764477,0.00011931916916318596,1,0,0,0,1,0,1,0,0,0,0,0,0,0,0,1,0,0,0
Message in a Bottle,1999,131.0,37,6.267,1044.7889426040688,949.7416102817381,0.00012177084821695666,0,0,0,0,0,0,1,0,0,0,0,0,0,1,0,0,0,0,0
Miami Vice,2006,132.0,39,6.016,1378.6199044011546,714.7809980432264,7.993636808667301e-05,1,0,0,0,1,0,0,0,0,0,0,0,0,0,0,1,0,0,0
Michael Clayton,2008,119.0,120,6.784,627.6734603634025,1343.9984836009808,0.00024675982005921876,0,0,0,0,1,0,1,0,0,0,0,0,0,0,0,1,0,0,0
Mickey 17,2025,137.0,49,6.853,383.04545454545456,671.3093286063092,7.394750650602312e-05,0,1,0,1,0,0,0,0,0,0,0,0,0,0,1,0,0,0,0
Mickey Blue Eyes,1999,102.0,42,5.7,642.9356028125536,697.5160369939586,7.750189197298221e-05,0,0,0,1,1,0,0,0,0,0,0,0,0,1,0,0,0,0,0
Mid90s,2018,86.0,66,7.485,1945.2627228075253,1804.6108444378594,0.0005631576711972429,0,0,0,1,0,0,1,0,0,0,0,0,0,0,0,0,0,0,0
Middle Men,2010,105.0,21,6.476,298.0268989760049,1215.869293593622,0.00019615084055061823,0,0,0,1,1,0,1,0,0,0,0,0,0,0,0,0,0,0,0
Midget Zombie Takeover,2013,73.0,84,5.2,2473.998569384836,-123.47988577288868,1.780651806716905e-05,0,0,0,1,0,0,0,0,0,0,1,0,0,0,0,0,0,0,0
Midnight in Paris,2011,94.0,109,7.521,10517.842250876933,2871.2464115527255,0.003806014954708068,0,0,0,1,0,0,0,0,1,0,0,0,0,1,0,0,0,0,0
Midnight Special,2016,112.0,70,6.251,1937.060119047619,821.9451568960596,9.685408181186279e-05,0,1,0,0,0,0,1,0,0,0,0,0,0,0,1,0,0,0,0
Midnight Sun,2018,98.0,49,5.9,170.6708442038703,368.2425276085695,4.2967306233323466e-05,0,1,0,0,0,0,0,1,0,0,0,0,0,0,0,0,0,0,0
Midsommar,2019,147.0,86,7.152,354.1038280688671,1660.8697231774192,0.00043531103800533474,0,0,0,0,0,0,1,0,0,0,1,0,1,0,0,0,0,0,0
Midway,2020,132.0,77,6.62,408.12440460074407,131.4115668783512,2.811150393197022e-05,1,0,0,0,0,0,1,0,0,1,0,0,0,0,0,0,0,1,0
Mile 22,2018,94.0,49,6.236,328.9782914360487,273.972157173122,3.629075090106246e-05,1,0,0,0,0,0,0,0,0,0,0,0,0,0,0,1,0,0,0
Miles,2017,90.0,7,5.28,231.68968933962816,1829.5556016866553,0.000588893796012146,0,0,0,0,0,0,1,0,0,0,0,0,0,0,0,0,0,0,0
Million Dollar Baby,2005,132.0,107,7.954,1472.5934909886776,1400.8153464549896,0.000273198215612183,0,0,0,0,0,0,1,0,0,0,0,0,0,0,0,0,0,0,0
Mimic,1997,105.0,35,6.066,661.6599910992434,1167.9444486859668,0.00018001335799699064,0,0,0,0,0,0,0,0,0,0,1,0,0,0,1,0,0,0,0
Mindhunters,2005,106.0,53,6.463,410.08128520225296,295.1669358593922,3.7695147997194595e-05,0,0,0,0,1,0,0,0,0,0,0,0,1,0,0,1,0,0,0
Mini's First Time,2006,91.0,53,5.523,294.9900793650794,674.5819213366105,7.43823003633134e-05,0,0,0,1,1,0,1,0,0,0,0,0,0,0,0,0,0,0,0
Minions,2015,91.0,120,6.416,1018.0331275935418,1164.3503986294631,0.00017885808194821956,0,1,1,1,0,0,0,1,0,0,0,0,0,0,0,0,0,0,0
Minions: The Rise of Gru,2022,87.0,120,7.283,858.718005912465,825.8786536544935,9.753897365949023e-05,0,1,1,1,0,0,0,1,1,0,0,0,0,0,1,0,0,0,0
Minority Report,2002,145.0,101,7.349,1587.8356031128403,662.8591514732507,7.283654086073351e-05,1,0,0,0,0,0,0,0,0,0,0,0,0,0,1,1,0,0,0
Miracles from Heaven,2016,119.0,120,7.4,356.6678472222222,1139.73715707736,0.00017114314677091675,0,0,0,0,0,0,1,1,0,0,0,0,0,0,0,0,0,0,0
Miral,2011,112.0,56,5.687,957.1123674013846,312.67484743373075,3.889614633297127e-05,0,0,0,0,0,0,1,0,0,1,0,0,0,0,0,0,0,0,0
Mirror Mirror,2012,106.0,120,5.922,384.9450130662021,1151.9028511737224,0.00017491393107128895,0,1,0,1,0,0,0,1,1,0,0,0,0,0,0,0,0,0,0
MirrorMask,2005,101.0,11,6.405,825.3712237583205,1226.890824775417,0.00020006213735790306,0,0,0,0,0,0,0,0,1,0,0,0,0,0,0,0,0,0,0
Mirrors,2008,111.0,84,6.3,322.9480459159977,214.54668524124952,3.262594110090245e-05,0,0,0,0,0,0,0,0,0,0,1,0,1,0,0,0,0,0,0
Miss Congeniality,2001,111.0,98,6.537,975.4994999354756,628.883549563572,6.853562176777313e-05,1,0,0,1,1,0,0,0,0,0,0,0,0,0,0,0,0,0,0
Miss March,2009,90.0,35,5.504,163.93153513153513,572.120742068328,6.190917241786608e-05,0,0,0,1,0,0,0,0,0,0,0,0,0,1,0,0,0,0,0
Miss Potter,2007,92.0,53,6.628,1500.956101190476,793.5672832049015,9.205343424491338e-05,0,0,0,0,0,0,1,1,0,0,0,0,0,1,0,0,0,0,0
Miss Sloane,2017,133.0,39,7.418,1510.2584401709405,999.1016999860649,0.00013302871289368407,0,0,0,0,1,0,1,0,0,0,0,0,0,0,0,1,0,0,0
Miss Stevens,2016,86.0,13,6.494,235.34280303030303,1241.9158301796222,0.00020552011321903682,0,0,0,1,0,0,1,0,0,0,0,0,0,0,0,0,0,0,0
Miss You Already,2015,112.0,17,7.385,274.234301315463,1084.1079807567937,0.00015491023663687935,0,0,0,1,0,0,1,0,0,0,0,0,0,0,0,0,0,0,0
Missing,2023,123.0,70,7.237,256.07872149877903,182.3292224468005,3.079625604271879e-05,0,0,0,0,0,0,1,0,0,0,0,0,1,0,0,1,0,0,0
Mission Stories,2021,87.0,118,0.0,71.5283075618993,388.29985329158734,4.453922841720697e-05,0,0,0,0,0,0,1,0,0,0,0,0,0,0,0,0,0,0,0
Mission: Impossible III,2006,126.0,77,6.75,1149.3434523809524,643.1076318884509,7.030442598516303e-05,1,1,0,0,0,0,0,0,0,0,0,0,0,0,0,1,0,0,0
Mister Lonely,2008,112.0,27,6.5,885.355318160706,691.7092426139217,7.669987027166691e-05,0,0,0,1,0,0,1,0,0,0,0,0,0,0,0,0,0,0,0
MLK/FBI,2021,104.0,14,6.9,32.351421188630496,1276.5646115139066,0.00021868098323340345,0,0,0,0,0,1,0,0,0,0,0,0,0,0,0,0,0,0,0
Mobsters and Mormons,2005,93.0,32,6.7,575.3558627752176,545.4675141714538,5.902266797743589e-05,1,0,0,1,0,0,0,0,0,0,0,0,0,0,0,0,0,0,0
Mona Lisa Smile,2004,117.0,60,6.9,1180.3348527349228,700.3609426117443,7.789787953951476e-05,0,0,0,0,0,0,1,0,0,1,0,0,0,1,0,0,0,0,0
Mondovino,2005,135.0,69,6.4,705.1715309779826,548.3639140840526,5.9329710689413515e-05,0,0,0,0,0,1,0,0,0,0,0,0,0,0,0,0,0,0,0
Money Monster,2016,98.0,84,6.435,363.9440104166667,905.035205761487,0.00011239884065365158,0,0,0,0,0,0,1,0,0,0,0,0,0,0,0,1,0,0,0
Money Talks,1997,97.0,42,6.0,922.8879988132323,319.83378538107456,3.9398185056347414e-05,1,0,0,1,1,0,0,0,0,0,0,0,0,0,0,0,0,0,0
Moneyball,2012,134.0,120,7.283,489.97740409879145,1624.1810468412718,0.0004076204439208037,0,0,0,0,0,0,1,0,0,0,0,0,0,0,0,0,0,0,0
Monkey Man,2024,121.0,42,6.88,262.45238095238096,878.2129861637226,0.00010712582875486782,1,0,0,0,0,0,0,0,0,0,0,0,0,0,0,1,0,0,0
Monkeybone,2001,93.0,20,5.15,176.73630717108978,610.5468231829275,6.632090107007961e-05,0,1,1,1,0,0,0,0,1,0,0,0,0,0,1,0,0,0,0
Monster,2023,110.0,9,7.2,18885.805710534954,2158.7530482725892,0.0010620671588199141,0,0,0,0,1,0,1,0,0,0,0,0,0,0,0,0,0,0,0
Monster House,2006,91.0,46,6.694,1133.0954218106997,775.4590034688248,8.911520027794693e-05,0,0,1,1,0,0,0,1,1,0,0,0,0,0,0,0,0,0,0
Monster Hunter,2021,103.0,120,6.542,117.3044500257599,891.4127755071725,0.0001096891336423149,1,1,0,0,0,0,0,0,1,0,0,0,0,0,0,0,0,0,0
Monster Trucks,2017,104.0,63,6.089,348.0007512320854,176.20990557491723,3.0460505381228484e-05,1,0,0,1,0,0,0,0,0,0,0,0,0,0,1,0,0,0,0
Monster's Ball,2002,113.0,72,6.765,535.5110107284021,680.7382680862938,7.520716738197032e-05,0,0,0,0,0,0,1,0,0,0,0,0,0,1,0,0,0,0,0
Monster-in-Law,2005,101.0,116,6.218,1059.013437400534,808.0472188091986,9.447248917301228e-05,0,0,0,1,0,0,0,0,0,0,0,0,0,1,0,0,0,0,0
Monsters and Men,2018,96.0,31,5.9,532.6239385413857,885.1403574480308,0.00010846351553240971,0,0,0,0,1,0,1,0,0,0,0,0,0,0,0,1,0,0,0
Monte Carlo,2011,109.0,91,6.763,356.80277925720344,516.1728662577132,5.600511009256785e-05,0,1,0,1,0,0,0,0,0,0,0,0,0,1,0,0,0,0,0
Moon,2009,97.0,88,7.565,455.2727272727273,2736.1849244215946,0.0029880847067770594,0,0,0,0,0,0,1,0,0,0,0,0,0,0,1,0,0,0,0
Moonage Daydream,2022,134.0,49,7.5,352.0626209998861,676.7613872685884,7.467327961517954e-05,0,0,0,0,0,1,0,0,0,0,0,1,0,0,0,0,0,0,0
Moonfall,2022,131.0,42,6.264,186.76396977618165,425.8400279887347,4.763749050708568e-05,1,1,0,0,0,0,0,0,0,0,0,0,0,0,1,0,0,0,0
Moonlight,2017,91.0,120,6.4,2643.06362044818,1525.8149069705592,0.00034176476322003615,0,0,0,0,0,0,0,0,0,0,0,0,0,1,0,1,0,0,0
Morbius,2022,105.0,70,5.938,357.827030512422,361.6445899196232,4.246243977328454e-05,1,0,0,0,0,0,0,0,1,0,0,0,0,0,1,0,0,0,0
More Than a Game,2009,105.0,54,7.2,133.95524475524476,453.7573274949795,5.00804799475363e-05,0,0,0,0,0,1,0,0,0,0,0,0,0,0,0,0,0,0,0
More Than the Rainbow,2014,82.0,25,0.0,126.94550063371358,881.404537386105,0.00010774006064749818,0,0,0,0,0,1,0,0,0,0,0,0,0,0,0,0,0,0,0
Morgan,2016,89.0,21,5.707,150.3517857142857,747.0388456660372,8.469172089137798e-05,0,0,0,0,0,0,1,0,0,0,0,0,0,0,0,0,0,0,0
Morning Glory,2011,74.0,72,6.094,322.2844388404912,277.38678333867847,3.6513421218657116e-05,0,0,0,0,0,0,1,0,0,0,0,0,0,1,0,0,0,0,0
Morris from America,2016,89.0,12,6.102,1391.871875,2543.449162087244,0.0021156549594872737,0,0,0,0,0,0,1,0,0,0,0,0,0,1,0,0,0,0,0
Mortal Engines,2019,128.0,35,6.208,217.205296694544,903.1691394277468,0.00011202373167438241,0,1,0,0,0,0,0,0,0,0,0,0,0,0,1,0,0,0,0
Mortal Kombat,2021,101.0,15,5.87,1943.6271686969365,1482.9834278835456,0.00031652241661420544,1,0,0,0,0,0,0,0,1,0,0,0,0,0,0,0,0,0,0
Mortal Kombat: Annihilation,1997,95.0,21,4.514,1395.4757454383623,825.0205653407501,9.73891533593337e-05,1,0,0,0,0,0,0,0,1,0,0,0,0,0,1,0,0,0,0
Mortdecai,2015,107.0,28,5.515,190.4602169981917,817.8592960404808,9.614775235083078e-05,0,1,0,1,0,0,0,0,0,0,0,0,0,0,0,0,0,0,0
Most Wanted,1997,99.0,9,5.4,404.9010903426792,1040.5668788023995,0.00014328648238174892,1,0,0,0,0,0,0,0,0,0,0,0,0,0,0,1,0,0,0
Mother,2010,104.0,81,6.8,215.26822558459423,412.4080316859487,4.650490988022666e-05,0,0,0,1,0,0,1,0,0,0,0,0,0,0,0,0,0,0,0
Mother and Child,2010,125.0,60,6.6,577.6364053186612,2344.7109029047915,0.0014819271156215838,0,0,0,0,0,0,1,0,0,0,0,0,0,1,0,0,0,0,0
mother!,2017,121.0,42,6.967,330.92890419667344,1193.2220369918193,0.00018835217952853817,0,0,0,0,0,0,1,0,0,0,1,0,0,0,0,0,0,0,0
Motherhood,2009,90.0,28,5.027,167.0792540792541,264.0787827453622,3.565323383157013e-05,0,0,0,1,0,0,1,0,0,0,0,0,0,0,0,0,0,0,0
Motherless Brooklyn,2019,145.0,49,6.69,269.7995897615988,856.4854831070609,0.00010303629594384893,0,0,0,0,0,0,1,0,0,0,0,0,0,0,0,1,0,0,0
Moulin Rouge,2001,119.0,89,6.6,5228.869887876099,305.1296495052046,3.8373942939135295e-05,0,0,0,0,0,0,1,0,0,0,0,0,0,0,0,0,0,0,0
Mouth to Mouth,1997,101.0,14,5.387,1848.469069870939,1595.1800188429097,0.00038698418043271434,0,0,0,0,0,0,1,0,0,0,0,0,0,0,0,0,0,0,0
Movie 43,2013,94.0,49,4.624,204.5178242971008,853.0309489889681,0.00010240062720609261,0,0,0,1,0,0,0,0,0,0,0,0,0,0,0,0,0,0,0
Moving On,2023,57.0,77,0.0,73.13948145717099,-231.56593208982827,1.4671964307623118e-05,0,0,0,0,0,1,0,0,0,0,0,0,0,0,0,0,0,0,0
Mr. Brooks,2007,120.0,27,6.929,698.7640697861393,1106.1635319429015,0.00016115333412859259,0,0,0,0,1,0,0,0,0,0,0,0,0,0,0,1,0,0,0
Mr. Church,2016,104.0,46,7.408,128.76472222222222,906.2148486037481,0.00011263661531735506,0,0,0,0,0,0,1,0,0,0,0,0,0,0,0,0,0,0,0
Mr. Deeds,2002,96.0,94,5.912,1371.1326494517157,655.6563979175068,7.190276366680505e-05,0,0,0,1,0,0,0,0,0,0,0,0,0,1,0,0,0,0,0
Mr. Holmes,2015,104.0,112,6.481,438.2400919228453,986.0790544465474,0.00012996122465049246,0,0,0,0,1,0,1,1,0,0,0,0,1,0,0,0,0,0,0
Mr. Peabody & Sherman,2014,92.0,120,6.717,495.56129418391777,1132.1346714070723,0.0001688281234703211,0,1,1,0,0,0,0,1,0,0,0,0,0,0,0,0,0,0,0
Mr. Pip,2014,116.0,3,6.2,75.81467398957894,978.4574924334464,0.00012819888090220087,0,0,0,0,0,0,1,0,0,0,0,0,0,0,0,0,0,0,0
Mr. Popper's Penguins,2011,94.0,119,5.977,467.4925176829291,1023.8602634338531,0.00013906169076885724,0,0,0,1,0,0,0,1,0,0,0,0,0,0,0,0,0,0,0
Mr. Right,2016,95.0,7,4.447,184.81904761904764,854.5140118808619,0.00010267304374429154,0,0,0,1,0,0,1,0,0,0,0,0,0,1,0,0,0,0,0
Mr. Woodcock,2007,87.0,24,5.05,647.3020180093263,902.6463788808443,0.00011191887314839729,0,0,0,1,0,0,0,0,0,0,0,0,0,1,0,0,0,0,0
Mrs. Henderson Presents,2006,103.0,74,6.6,2535.0115207373274,557.9801799456518,6.036061659523133e-05,0,0,0,1,0,0,1,0,0,0,0,0,0,0,0,0,0,0,0
Much Ado About Nothing,2013,111.0,120,6.9,986.4572295397364,901.234490504562,0.0001116361581617802,0,0,0,1,0,0,1,0,0,0,0,0,0,1,0,0,0,0,0
Mud,2013,130.0,120,7.06,548.4911573183366,1203.5083697543605,0.00019185512183648458,0,0,0,0,0,0,1,0,0,0,0,0,0,0,0,0,0,0,0
Munger Road,2011,85.0,48,4.324,1856.219430858159,-562.6258659495459,8.108196206304473e-06,0,0,0,0,0,0,0,0,0,0,1,0,0,0,0,1,0,0,0
Munich,2006,164.0,60,7.138,2501.0782228524163,605.7367141020968,6.575187809012572e-05,1,0,0,0,0,0,1,0,0,1,0,0,0,0,0,1,0,0,0
Muppets From Space,1999,88.0,23,6.055,598.6641656662665,952.4444802549743,0.00012236188508137836,0,0,0,1,0,0,0,1,0,0,0,0,0,0,1,0,0,0,0
Murder by Numbers,2002,120.0,35,6.168,618.7920273167633,748.8621900846006,8.496880612921795e-05,0,0,0,0,1,0,1,0,0,0,0,0,0,0,0,1,0,0,0
Murder in the Woods,2020,88.0,102,5.409,106.42967542503864,172.14108657326904,3.0239288677403677e-05,0,0,0,0,0,0,0,0,0,0,1,0,0,0,0,1,0,0,0
Murder on the Orient Express,2018,128.0,105,7.146,555.9898539679607,429.30929989087963,4.793447358451479e-05,0,0,0,0,0,0,1,0,0,0,0,0,1,0,0,1,0,0,0
Murderball,2005,88.0,60,7.071,346.17511520737327,1078.2711564955187,0.00015329891425068298,0,0,0,0,0,1,0,0,0,0,0,0,0,0,0,0,0,0,0
Music and Lyrics,2007,104.0,37,6.435,729.3626903728207,812.0342954118369,9.514967221983582e-05,0,0,0,1,0,0,0,0,0,0,0,1,0,1,0,0,0,0,0
Music of the Heart,2000,124.0,81,6.7,449.9355958599656,624.9392541327218,6.805306699373176e-05,0,0,0,0,0,0,1,0,0,0,0,1,0,0,0,0,0,0,0
Must Love Dogs,2005,98.0,74,5.927,1049.3258977270198,436.6016594615057,4.85647776276497e-05,0,0,0,1,0,0,0,0,0,0,0,0,0,1,0,0,0,0,0
Mustang,2016,90.0,103,7.0,153.19831223628694,85.35198916004185,2.5885098070424073e-05,0,1,0,0,0,0,0,1,0,0,0,0,0,0,0,0,0,0,0
Muzzle,2023,100.0,7,6.5,31.84443715129636,482.7175539871101,5.274720896900047e-05,1,0,0,0,0,0,0,0,0,0,0,0,0,0,0,1,0,0,0
My Baby's Daddy,2004,86.0,39,4.61,1374.524760575581,676.6329617346455,7.465610207804452e-05,0,0,0,1,0,0,0,0,0,0,0,0,0,0,0,0,0,0,0
My Best Friend's Girl,2008,101.0,21,5.638,515.3323159268352,868.6928769624385,0.00010531435385366005,0,0,0,1,0,0,0,0,0,0,0,0,0,1,0,0,0,0,0
My Best Friend's Wedding,1997,105.0,70,6.583,1099.2598342045517,803.86670074735,9.376762650973283e-05,0,0,0,1,0,0,0,0,0,0,0,0,0,1,0,0,0,0,0
My Big Fat Greek Wedding,2002,95.0,120,6.499,1661.040022234575,1133.7326745775385,0.0001693121157640445,0,0,0,1,0,0,1,0,0,0,0,0,0,1,0,0,0,0,0
My Big Fat Greek Wedding 2,2016,94.0,63,5.983,502.2671875,526.5524318659307,5.705621237248683e-05,0,0,0,1,0,0,0,0,0,0,0,0,0,1,0,0,0,0,0
My Bloody Valentine,2009,101.0,56,5.574,777.4714566479272,493.2212595386736,5.374911873225178e-05,0,0,0,0,0,0,0,0,0,0,1,0,0,0,0,1,0,0,0
My Boss's Daughter,2003,83.0,8,5.044,756.3457880434783,1487.8234479663452,0.00031927873896626404,0,0,0,1,0,0,0,0,0,0,0,0,0,1,0,0,0,0,0
My Dead Friend Zoe,2025,103.0,21,6.023,145.0,1486.6210603129464,0.00031859176368493036,0,0,0,1,0,0,1,0,0,0,0,0,0,0,0,0,0,1,0
My Dog Skip,2000,95.0,107,6.715,644.8884533488193,801.6313836218039,9.339289771249137e-05,0,0,0,1,0,0,1,1,0,0,0,0,0,0,0,0,0,0,0
My Dog Tulip,2010,83.0,6,6.387,4546.46492434663,1635.9183635755758,0.0004162819384236799,0,0,1,1,0,0,1,0,0,0,0,0,0,0,0,0,0,0,0
My Giant,1998,103.0,7,5.286,707.473269062226,1285.38725841063,0.0002221646827188224,0,0,0,1,0,0,1,1,0,0,0,0,0,0,0,0,0,0,0
My Happy Ending,2023,89.0,14,6.6,22.085658024286182,733.9195992836605,8.272451093903184e-05,0,0,0,1,0,0,1,0,0,0,0,0,0,0,0,0,0,0,0
My Kid Could Paint That,2008,82.0,109,6.969,110.22190062711049,2732.3561314591198,0.002967659780908208,0,0,0,0,0,1,0,0,0,0,0,0,0,0,0,0,0,0,0
My Little Pony: The Movie,2017,86.0,63,6.247,236.5140240782836,-148.09122863443486,1.7038502634561382e-05,0,0,1,0,0,0,0,1,0,0,0,0,0,0,0,0,0,0,0
My Name is Bruce,2008,84.0,45,5.8,3898.761727821645,494.30514798046295,5.38535839898946e-05,0,0,0,1,0,0,0,0,1,0,1,0,0,0,0,0,0,0,0
My One and Only,2009,108.0,91,6.414,886.1398089090397,-49.48340286702978,2.033050332584371e-05,0,0,0,1,0,0,1,0,0,0,0,0,0,0,0,0,0,0,0
My Penguin Friend,2024,98.0,84,7.519,115.61904761904762,164.51213021562057,2.982883261826106e-05,0,1,0,0,0,0,1,1,0,0,0,0,0,0,0,0,0,0,0
My Salinger Year,2021,101.0,7,6.322,51.16806412487476,1535.3506093507226,0.00034765304897881326,0,0,0,0,0,0,1,0,0,0,0,0,0,0,0,0,0,0,0
My Son,2013,110.0,10,0.0,1731.5751072961375,811.1739328141941,9.50031348378742e-05,1,0,0,0,0,0,1,0,0,0,0,0,0,0,0,0,0,0,0
My Son the Fanatic,1999,88.0,18,4.867,1975.61157796452,1337.0056954102029,0.00024368795795045401,0,0,0,1,0,0,1,0,0,0,0,0,0,0,0,0,0,0,0
My Soul to Take,2010,108.0,28,5.49,330.84676098775134,716.6360636625011,8.02024526953739e-05,0,0,0,0,0,0,0,0,0,0,1,0,1,0,0,0,0,0,0
My Super Ex-Girlfriend,2006,95.0,70,5.137,354.5204081632654,285.0560628048951,3.7018533694995095e-05,0,0,0,1,0,0,0,0,0,0,0,0,0,1,1,0,0,0,0
My Uncle Rafael,2012,102.0,38,3.25,1425.6573544051766,280.3783182997888,3.6709623964332206e-05,0,0,0,1,0,0,0,0,0,0,0,0,0,0,0,0,0,0,0
My Week with Marilyn,2011,99.0,34,6.7,1600.9803049721445,1423.8309607634437,0.0002846977032279411,0,0,0,0,0,0,1,0,0,0,0,0,0,1,0,0,0,0,0
Mysterious Skin,2005,105.0,60,7.7,2073.8453661034305,985.6107136436324,0.00012985223434581073,0,0,0,0,0,0,1,0,0,0,0,0,0,0,0,0,0,0,0
Mystery Men,1999,121.0,32,5.82,929.2045783830772,604.9993757228883,6.566508553847371e-05,1,1,0,1,0,0,0,0,1,0,0,0,0,0,1,0,0,0,0
Mystery Team,2009,97.0,112,6.207,988.6892808683856,-14.105263170898638,2.166068853271179e-05,0,0,0,1,1,0,0,0,0,0,0,0,1,0,0,1,0,0,0
Mystic River,2004,138.0,120,7.742,1288.1230818414322,1192.8562935278565,0.00018822881247153924,0,0,0,0,1,0,1,0,0,0,0,0,1,0,0,1,0,0,0
N-Secure,2010,105.0,35,5.364,291.7397000065501,-318.3975631862038,1.2558374052887215e-05,0,0,0,0,1,0,1,0,0,0,0,0,0,0,0,1,0,0,0
Nacho Libre,2006,92.0,81,6.506,1033.700284090909,595.8972799094344,6.460306169255793e-05,0,0,0,1,0,0,0,0,0,0,0,0,0,0,0,0,0,0,0
Naked Fame,2005,85.0,102,4.667,433.5202252944188,690.205288625891,7.649350409387843e-05,0,0,0,0,0,1,0,0,0,0,0,0,0,0,0,0,0,0,0
Nancy Drew,2007,99.0,14,6.078,798.1920611949555,1023.0852981040185,0.00013886876839379857,0,1,0,1,1,0,0,1,0,0,0,0,1,0,0,0,0,0,0
Nanking,2008,88.0,69,7.125,1021.43994211288,907.0556956714072,0.00011280640761377611,0,0,0,0,0,1,1,0,0,1,0,0,0,0,0,0,0,0,0
Nanny McPhee,2006,97.0,28,6.7,1083.6449475623583,1193.5459573019748,0.0001884615069454686,0,0,0,1,0,0,0,1,1,0,0,0,0,0,0,0,0,0,0
Napoleon,2024,81.0,86,6.1,398.7107726084447,78.97897037777477,2.5591256984646e-05,0,1,0,0,0,0,0,1,0,0,0,0,0,0,0,0,0,0,0
Narc,2003,105.0,27,6.743,1309.8211969612748,990.7325409119968,0.00013104914714469568,0,0,0,0,1,0,1,0,0,0,0,0,1,0,0,1,0,0,0
NASCAR: The IMAX Experience,2004,48.0,10,7.2,12414.782953943886,1644.1709698476748,0.0004224818736423694,0,0,0,0,0,1,0,0,0,0,0,0,0,0,0,0,0,0,0
National Champions,2021,116.0,14,6.4,34.002003902336135,1115.8499150782677,0.0001639741103090496,0,0,0,0,0,0,1,0,0,0,0,0,0,0,0,0,0,0,0
National Security,2003,89.0,17,5.96,1186.3580562659845,1030.2037407676935,0.0001406509659018064,1,0,0,1,1,0,0,0,0,0,0,0,0,0,0,0,0,0,0
Nebraska,2014,115.0,120,7.449,1356.9460883969582,1427.6223385180515,0.00028663792308508527,0,1,0,0,0,0,1,0,0,0,0,0,0,0,0,0,0,0,0
Neighborhood Watch,2025,26.0,7,10.0,61.0,763.0529600662157,8.715652550941969e-05,0,0,0,0,0,0,0,0,0,0,1,0,0,0,0,0,0,0,0
Neighbors,2014,95.0,105,5.638,773.5242445257511,496.4250175894325,5.405848443175121e-05,0,0,0,1,0,0,0,0,0,0,0,0,0,0,0,0,0,0,0
Neighbors 2: Sorority Rising,2016,92.0,56,5.819,521.9641081871345,984.2513264230786,0.00012953640086739134,0,0,0,1,0,0,0,0,0,0,0,0,0,0,0,0,0,0,0
Neil Young: Heart of Gold,2006,99.0,109,7.4,891.1805555555555,786.797448334314,9.094379573707023e-05,0,0,0,0,0,1,0,0,0,0,0,1,0,0,0,0,0,0,0
Nerve,2016,85.0,72,4.8,400.3255707762557,-377.8124723402361,1.1290384328128281e-05,0,0,0,0,0,0,1,0,0,0,0,0,1,0,0,0,0,0,0
Never Back Down,2008,115.0,70,6.777,298.19704379661766,810.1397892493075,9.482729762235136e-05,1,0,0,0,0,0,1,0,0,0,0,0,0,0,0,0,0,0,0
Never Been Kissed,1999,107.0,84,6.161,551.2690460799704,649.0822400781951,7.106093225760603e-05,0,0,0,1,0,0,1,0,0,0,0,0,0,1,0,0,0,0,0
Never Been Thawed,2005,87.0,46,3.7,323.7378392217102,418.7136623225117,4.703320521416364e-05,0,0,0,1,0,0,0,0,0,0,0,0,0,0,0,0,0,0,0
Never Let Go,2024,90.0,28,6.433,177.83333333333334,278.9614313319994,3.661656497378674e-05,0,0,0,0,1,0,0,0,0,0,0,0,0,0,0,1,0,0,0
New in Town,2009,97.0,56,5.834,364.09831834831846,263.33414014781056,3.5605705626004745e-05,0,0,0,1,0,0,0,0,0,0,0,0,0,1,0,0,0,0,0
New Order,2021,90.0,21,3.1,112.18460510819315,261.5566338329296,3.549250893511489e-05,0,0,0,0,0,0,0,0,1,0,0,0,0,0,1,1,0,0,0
New York Doll,2006,75.0,81,6.6,243.6047107014849,545.4318015694503,5.901889207568558e-05,0,0,0,0,0,1,0,0,0,0,0,1,0,0,0,0,0,0,0
New York Minute,2004,91.0,21,6.2,386.8568721963725,1169.2916705846515,0.00018044833098420333,0,0,0,1,0,0,0,0,0,0,0,0,0,0,0,0,0,0,0
News of the World,2021,118.0,120,6.946,80.82003477588871,1240.1449609067647,0.00020486916507176539,0,1,0,0,0,0,1,0,0,0,0,0,0,0,0,0,0,0,1
Next,2007,96.0,56,6.116,331.07013644821177,386.9824557921337,4.443423999596011e-05,1,0,0,0,0,0,0,0,0,0,0,0,0,0,1,1,0,0,0
Next Day Air,2009,84.0,56,5.146,349.245670995671,385.4523408210512,4.4312609916562356e-05,1,0,0,1,1,0,0,0,0,0,0,0,0,0,0,0,0,0,0
Next Friday,2000,98.0,57,6.4,1599.9353077816495,375.71207948085305,4.3546115946100465e-05,0,0,0,1,0,0,0,0,0,0,0,0,0,0,0,0,0,0,0
Next Goal Wins,2023,97.0,35,7.125,126.35050869707908,1289.5897979046917,0.00022384355199159964,0,0,0,0,0,1,0,0,0,0,0,0,0,0,0,0,0,0,0
Next Year Jerusalem,2014,72.0,11,5.3,241.9898605830165,1269.3381183681424,0.00021586827429541594,0,0,0,0,0,1,0,0,0,0,0,0,0,0,0,0,0,0,0
Night at the Museum,2007,108.0,120,6.594,1075.782242063492,845.7587241852486,0.0001010752535272073,1,1,0,1,0,0,0,1,1,0,0,0,0,0,0,0,0,0,0
Night Catches Us,2011,90.0,81,5.26,96.8707015130674,401.7447298214882,4.5624989561984535e-05,0,0,0,0,0,0,1,0,0,0,0,0,0,1,0,0,0,0,0
Night School,2019,88.0,98,5.653,467.9217101319849,-21.53388367878165,2.1374344487915325e-05,0,0,0,0,0,0,0,0,0,0,1,0,1,0,0,1,0,0,0
Night Swim,2024,4.0,70,4.667,216.1549295774648,166.91784541396714,2.9957660798692482e-05,0,0,0,0,0,0,0,0,0,0,1,0,0,0,0,0,0,0,0
Nightcrawler,2015,118.0,98,7.706,333.75286451332084,722.3424315959008,8.102652122625556e-05,0,0,0,0,1,0,1,0,0,0,0,0,0,0,0,1,0,0,0
Nightmare Alley,2022,111.0,105,7.1,97.06526745064951,594.866315304752,6.448385788705697e-05,0,0,0,0,1,0,1,0,0,0,0,0,0,0,0,1,0,0,0
Nights in Rodanthe,2009,97.0,112,6.3,314.4200368256917,989.3162281098055,0.00013071707167267756,0,0,0,0,0,0,1,0,0,0,0,0,0,1,0,0,0,0,0
Nim's Island,2008,96.0,119,5.928,311.45214611622634,800.0740563219557,9.313271266411082e-05,0,1,0,1,0,0,0,1,1,0,0,0,0,0,0,0,0,0,0
Nine,2010,118.0,84,5.5,2020.151126651127,489.75866818826483,5.3416749674420704e-05,0,0,0,0,0,0,1,0,0,0,0,1,0,1,0,0,0,0,0
Nine Lives,2016,115.0,84,6.039,272.96208333333334,515.5485564798169,5.5942509390243684e-05,0,0,0,0,0,0,1,0,0,0,0,0,0,1,0,0,0,0,0
Ninja Assassin,2010,99.0,79,6.675,432.3502404768228,372.18233175697424,4.327163323595438e-05,1,1,0,0,0,0,0,0,0,0,0,0,0,0,0,1,0,0,0
No Country for Old Men,2008,122.0,120,7.947,2351.920078427712,1388.3051945663806,0.00026714372878413353,0,0,0,0,1,0,0,0,0,0,0,0,0,0,0,1,0,0,1
No End In Sight,2007,102.0,39,7.8,918.0125422093583,1032.2754515797003,0.0001411739304405165,0,0,0,0,0,1,0,0,0,0,0,0,0,0,0,0,0,0,0
No Escape,2020,118.0,49,6.255,169.63093398101125,-442.1093465074739,1.0062036241963093e-05,1,0,0,0,0,0,1,0,0,0,0,0,0,0,1,1,0,0,0
No Good Deed,2014,97.0,42,5.35,842.6196511557729,283.4417805292129,3.691163678918336e-05,1,0,0,0,1,0,1,0,0,0,0,0,1,0,0,1,0,0,0
No Greater Love,2017,109.0,14,4.833,150.68951448388412,925.8877021179072,0.00011667694117416588,0,0,0,0,0,0,0,0,0,0,0,0,0,1,0,0,0,0,0
No Ordinary Love,2020,99.0,2,0.0,1407.774343122102,1021.5705829067223,0.00013849246275701518,0,0,0,0,0,0,0,0,0,0,0,0,0,1,0,1,0,0,0
No Reservations,2007,104.0,90,6.7,839.185920787797,705.5063105055906,7.861921850999391e-05,0,0,0,1,0,0,1,0,0,0,0,0,0,1,0,0,0,0,0
No Safe Spaces,2020,95.0,88,6.667,1154.498391225513,682.7267649816431,7.547554861800455e-05,0,0,0,0,0,1,0,0,0,0,0,0,0,0,0,0,0,0,0
No Strings Attached,2011,107.0,77,6.3,540.912902126775,670.8929137182114,7.389236456434744e-05,0,0,0,1,0,0,0,0,0,0,0,0,0,1,0,0,0,0,0
No Way Up,2024,90.0,14,6.288,71.5,964.2644761758032,0.00012498045282083209,1,0,0,0,0,0,0,0,0,0,1,0,0,0,0,1,0,0,0
Noah,2014,138.0,84,5.668,610.5269239187421,1016.930201666784,0.00013734597296087922,0,1,0,0,0,0,1,0,0,0,0,0,0,0,0,0,0,0,0
Nobel Son,2008,110.0,1,6.04,194.8072457036693,928.8333745741381,0.00011729426082716858,0,0,0,1,1,0,1,0,0,0,0,0,0,0,0,0,0,0,0
Nobody,2021,85.0,105,4.4,221.0790486737332,-433.6161887912831,1.0216297664621797e-05,0,0,0,0,1,0,0,0,0,0,1,0,1,0,1,1,0,0,0
Nobody 2,2025,89.0,35,7.064,223.88888888888889,881.6148097120567,0.00010778065217358794,1,0,0,0,0,0,0,0,0,0,0,0,0,0,0,1,0,0,0
Nobody Knows,2005,20.0,116,0.0,834.9871991807476,107.64382413509406,2.6939704077213565e-05,0,0,0,0,1,0,1,0,0,0,0,0,0,0,0,0,0,0,0
Noise,2008,92.0,18,5.747,604.7747329307942,1218.7139866597424,0.00019715297706671418,0,0,0,1,0,0,1,0,0,0,0,0,0,0,0,1,0,0,0
Non-Stop,2014,107.0,91,6.809,570.8914701690368,555.133632053234,6.005360160874043e-05,1,0,0,0,0,0,0,0,0,0,0,0,1,0,0,1,0,0,0
Nope,2022,130.0,77,6.8,568.3206748837086,699.6364950420542,7.779685076999516e-05,0,0,0,0,0,0,0,0,0,0,1,0,0,0,1,0,0,0,0
Norbit,2007,102.0,84,5.676,659.6597408862243,512.0348336875841,5.559148477820098e-05,0,0,0,1,0,0,0,0,0,0,0,0,0,0,0,0,0,0,0
Norm of the North,2016,86.0,63,4.6,232.8662037037037,-95.73096266783602,1.8714042663317287e-05,0,1,1,1,0,0,0,1,0,0,0,0,0,0,0,0,0,0,0
North Country,2006,126.0,74,7.229,521.2424324568537,779.1560737639285,8.970736522110373e-05,0,0,0,0,0,0,1,0,0,0,0,0,0,0,0,0,0,0,0
Northern Lights,2013,120.0,7,5.79,107.46781115879828,1329.9478196249227,0.0002406262785526702,0,0,0,0,0,0,1,0,0,0,0,0,1,1,0,0,1,0,0
Northern Soul,2015,102.0,7,5.627,167.53707052441231,853.4631220731484,0.00010247993624823365,0,0,0,0,0,0,1,0,0,0,0,1,0,0,0,0,0,0,0
Not Another Church Movie,2024,91.0,7,3.1,57.0,1231.6950949819636,0.00020179138333276548,0,0,0,1,0,0,0,0,0,0,0,0,0,0,0,0,0,0,0
Not Another Teen Movie,2001,89.0,13,5.794,1426.9417538982757,1596.6228272771714,0.00038798569553597493,0,0,0,1,0,0,0,0,0,0,0,0,0,0,0,0,0,0,0
Not Easily Broken,2009,99.0,11,6.2,1841.728271728272,1323.320724214258,0.00023778649564518007,0,0,0,0,0,0,1,0,0,0,0,0,0,1,0,0,0,0,0
Not Fade Away,2013,112.0,35,5.375,798.5862369337979,1070.011494677023,0.0001510473385516826,0,0,0,0,0,0,1,0,0,0,0,0,0,0,0,0,0,0,0
Notting Hill,1999,124.0,75,7.265,1322.380921599409,851.4952177332397,0.00010211929799673612,0,0,0,1,0,0,0,0,0,0,0,0,0,1,0,0,0,0,0
November,2005,73.0,81,4.8,545.7066052227342,1760.5232523210493,0.0005203911950302269,0,0,0,0,0,0,1,0,0,0,0,0,1,0,0,1,0,0,0
Novocaine,2025,95.0,28,5.997,235.24137931034485,643.0245224233693,7.029395963955503e-05,0,0,0,1,1,0,0,0,0,0,0,0,0,0,0,1,0,0,0
Now & Later,2011,99.0,4,5.105,406.3850600266785,1717.4425515332557,0.0004817405839053519,0,0,0,0,0,0,1,0,0,0,0,0,0,0,0,0,0,0,0
Now You See Me,2013,116.0,119,7.332,653.3819027181688,1053.0260332514715,0.0001465205094554687,0,0,0,0,1,0,0,0,0,0,0,0,0,0,0,1,0,0,0
Now You See Me 2,2016,129.0,77,6.8,533.3540064102564,432.48954439061924,4.820834103493703e-05,0,0,0,0,1,0,0,0,0,0,0,0,0,0,0,1,0,0,0
Nowhere Boy,2010,98.0,56,7.168,671.2268291085347,1053.9016585218988,0.00014675052204930183,0,0,0,0,0,0,1,0,0,0,0,0,0,0,0,0,0,0,0
Nurse Betty,2000,108.0,42,6.1,740.7394018583043,560.9001758910878,6.067718424613115e-05,0,0,0,1,1,0,1,0,0,0,0,0,0,1,0,1,0,0,0
Oblivion,2013,94.0,70,4.86,594.3840294988818,-485.577724653529,9.30823973257926e-06,0,1,0,1,0,0,0,0,0,0,0,0,0,0,1,0,0,0,1
Observe and Report,2009,86.0,70,5.43,397.1962703962704,662.523844907754,7.279280323652966e-05,0,0,0,1,1,0,1,0,0,0,0,0,0,0,0,0,0,0,0
Obsessed,2009,108.0,45,5.745,928.088370888371,735.7632046736011,8.299817248900095e-05,0,0,0,0,0,0,1,0,0,0,0,0,0,0,0,1,0,0,0
Ocean's Eleven,2002,116.0,50,7.5,2055.584641445511,1064.6933431385623,0.00014961514762241746,0,0,0,0,1,0,0,0,0,0,0,0,0,0,0,1,0,0,0
Ocean's Thirteen,2007,122.0,88,6.724,1129.2397290561184,834.6250913873212,9.907929181889483e-05,0,0,0,0,1,0,0,0,0,0,0,0,0,0,0,1,0,0,0
Ocean's Twelve,2005,125.0,74,6.563,1520.241836563416,725.3944251751376,8.147073581701293e-05,0,0,0,0,1,0,0,0,0,0,0,0,0,0,0,1,0,0,0
October 8,2025,100.0,28,7.1,548.0,778.6811916684818,8.963108298275455e-05,0,0,0,0,0,1,0,0,0,0,0,0,0,0,0,0,0,0,0
October Sky,1999,108.0,70,7.663,589.9279711884755,884.8721086776067,0.00010841140670276335,0,0,0,0,0,0,1,1,0,0,0,0,0,0,0,0,0,0,0
Oculus,2014,104.0,77,6.489,292.9947492304907,1012.2708974736182,0.00013620435698432194,0,0,0,0,0,0,0,0,0,0,1,0,0,0,0,0,0,0,0
Oddity,2024,31.0,35,8.0,122.7,-327.5938820543238,1.2353177890497136e-05,1,0,0,0,0,0,0,0,0,0,0,0,0,0,1,1,0,0,0
Ode to Joy,2019,97.0,20,6.208,246.83789597184204,809.7352257826528,9.475859759376495e-05,0,0,0,1,0,0,1,0,0,0,0,0,0,1,0,0,0,0,0
Off the Black,2007,90.0,25,5.4,263.93849206349205,1124.3064663479124,0.0001664770855842465,0,0,0,0,0,0,1,0,0,0,0,0,0,0,0,0,0,0,0
Off the Map,2005,108.0,81,6.371,847.8084997439836,575.6715021182897,6.230422285323438e-05,0,0,0,0,0,0,1,0,0,0,0,0,0,0,0,0,0,0,0
Office Christmas Party,2017,105.0,49,5.695,559.3049166666667,770.6991261229681,8.835855639763697e-05,0,0,0,1,0,0,0,0,0,0,0,0,0,0,0,0,0,0,0
Office Space,1999,90.0,21,7.372,545.0168638884124,1811.7426793959553,0.0005703987415381907,0,0,0,1,0,0,0,0,0,0,0,0,0,0,0,0,0,0,0
Official Secrets,2019,112.0,84,7.217,607.6023696751113,419.7410822875693,4.7119850821507636e-05,0,0,0,0,0,0,1,0,0,1,0,0,0,0,0,1,0,0,0
Oh My God,2009,93.0,45,5.813,372.1540254617178,428.3612619969112,4.785313452018553e-05,0,0,0,1,0,1,0,0,0,0,0,0,0,0,0,0,0,0,0
Old,2021,108.0,84,6.322,248.08646559398963,485.6062977900189,5.3020878823587535e-05,0,0,0,0,0,0,0,0,0,0,1,0,1,0,0,1,0,0,0
Old Fashioned,2015,115.0,35,6.395,866.9288728149488,-33.08101664045557,2.0936744665617507e-05,0,0,0,0,0,0,1,0,0,0,0,0,0,1,0,0,0,0,0
Old Joy,2006,74.0,11,6.309,265.49107142857144,1995.3026405613334,0.000792479190147113,0,0,0,0,0,0,1,0,0,0,0,0,0,0,0,0,0,0,0
Oldboy,2014,104.0,37,5.925,172.32739077803456,522.0828192645058,5.660119335061142e-05,1,0,0,0,0,0,1,0,0,0,0,0,1,0,0,1,0,0,0
Oliver Twist,2005,130.0,18,6.742,184.30619559651817,711.0086800445765,7.939799870463844e-05,0,0,0,0,1,0,1,1,0,0,0,0,0,0,0,0,0,0,0
Olympic Dreams,2020,83.0,21,6.114,247.47203208949728,761.5295054852294,8.691898855767537e-05,0,0,0,1,0,0,1,0,0,0,0,0,0,1,0,0,0,0,0
Olympus Has Fallen,2013,120.0,112,6.411,511.03582924586135,767.788688355877,8.789907333179323e-05,1,0,0,0,0,0,0,0,0,0,0,0,0,0,0,1,0,0,0
On Becoming a Guinea Fowl,2025,99.0,24,7.8,395.5,1909.5887906145886,0.0006796771209321445,0,0,0,1,0,0,1,0,0,0,0,0,0,0,0,0,0,0,0
On Swift Horses,2025,119.0,56,6.2,89.46153846153847,2140.615104299067,0.001028112627223634,0,0,0,0,0,0,1,0,0,0,0,0,0,1,0,0,0,0,0
On the Come Up,2022,115.0,14,5.893,38.802284152472055,1081.2223007347438,0.00015411150572290752,0,0,0,0,0,0,1,0,0,0,0,1,0,0,0,0,0,0,0
On the Run,2004,94.0,18,5.3,1179.7564849126522,652.7795910505836,7.153316368412208e-05,0,0,0,1,1,0,0,0,0,0,0,0,0,0,0,0,0,0,0
Once I Was a Beehive,2015,119.0,109,6.3,390.7138543723145,695.9068764002459,7.727880196014154e-05,0,0,0,1,0,0,1,1,0,0,0,0,0,0,0,0,0,0,0
Once I Was Engaged,2021,107.0,44,4.2,250.43466223698783,-34.36314424737748,2.08887120757503e-05,0,0,0,1,0,0,0,1,0,0,0,0,0,1,0,0,0,0,0
Once Upon a Time in Mexico,2003,102.0,28,6.297,1044.5888975155278,1125.700284660696,0.0001668932808963762,1,0,0,0,1,0,0,0,0,0,0,0,0,0,0,1,0,0,0
Once Upon a Time in the Hood,2004,94.0,7,1.0,305.82772441957195,1043.7790043202046,0.00014411336162155867,1,0,0,0,0,0,1,0,0,0,0,0,0,0,0,0,0,0,0
Ondine,2010,111.0,95,6.38,485.78862906923433,728.5235764495836,8.192870921279349e-05,0,0,0,0,0,0,1,0,0,0,0,0,0,1,0,0,0,0,0
One Battle After Another,2025,162.0,46,7.7,558.4468085106383,463.6199656289951,5.097316452904756e-05,1,0,0,0,1,0,0,0,0,0,0,0,0,0,0,1,0,0,0
One Chance,2014,103.0,35,6.646,130.36536864647525,740.9337310866821,8.377051585424238e-05,0,0,0,1,0,0,1,0,0,0,0,1,0,0,0,0,0,0,0
One Direction: This is Us,2013,92.0,38,8.3,480.2467811158799,1154.8068237413047,0.00017582623866325094,0,0,0,0,0,1,0,0,0,0,0,1,0,0,0,0,0,0,0
One Eight Seven,1997,119.0,12,6.647,691.4927310488058,1463.2320115281123,0.00030551877757604615,0,0,0,0,0,0,1,0,0,0,0,0,0,0,0,1,0,0,0
One for the Money,2012,91.0,77,5.6,279.35805918819864,-1.9496800622390538,2.213753590334394e-05,1,0,0,1,1,0,0,0,0,0,0,0,0,0,0,0,0,0,0
One Man's Hero,1999,121.0,3,5.3,1625.1200480192078,998.1404949305452,0.00013279984660452874,1,0,0,0,0,0,1,0,0,1,0,0,0,0,0,0,0,0,1
One Missed Call,2008,87.0,65,5.4,363.0242871911661,146.9227202080092,2.8903586059439874e-05,0,0,0,0,0,0,0,0,0,0,1,0,1,0,0,1,0,0,0
One Night at McCool's,2001,93.0,21,5.87,292.8913357174227,861.9157247664552,0.00010404350057298464,0,0,0,1,1,0,0,0,0,0,0,0,0,0,0,0,0,0,0
One Night Stand,1997,102.0,1,5.619,1365.1090342679129,1738.4049499405428,0.00050017495489169,0,0,0,0,0,0,1,0,0,0,0,0,0,0,0,0,0,0,0
One Night with the King,2006,123.0,7,6.671,1289.9716553287983,1477.6905630889848,0.0003135354372165439,0,0,0,0,0,0,1,0,0,1,0,0,0,0,0,0,0,0,0
One of Them Days,2025,97.0,77,6.6,325.7307692307692,632.9040014658195,6.903101533797791e-05,0,0,0,1,0,0,0,0,0,0,0,0,0,0,0,0,0,0,0
One Small Hitch,2015,100.0,7,6.6,87.49472573839662,599.2097445947026,6.49875541168343e-05,0,0,0,1,0,0,0,0,0,0,0,0,0,1,0,0,0,0,0
One True Thing,1998,127.0,28,6.508,893.3255915863278,1120.7480806255248,0.00016541924978410644,0,0,0,0,0,0,1,0,0,0,0,0,0,1,0,0,0,0,0
Only Human,2006,72.0,116,5.2,351.6592261904762,369.7411834418341,4.308281564942282e-05,0,0,0,0,0,0,1,0,0,0,0,0,0,1,0,0,0,0,0
Only the Brave,2018,99.0,101,5.1,206.46687987786424,456.37159057668333,5.031556735235856e-05,0,0,0,0,0,0,1,0,0,0,0,0,0,0,0,0,0,1,0
Only Yesterday,2016,105.0,35,6.8,2152.4740204942736,495.55280916144386,5.397408507293085e-05,0,0,0,0,0,0,1,0,0,0,0,0,0,1,0,0,0,0,0
Opal Dream,2007,86.0,55,6.096,302.7529761904762,646.5640682230776,7.074109333422238e-05,0,0,0,0,0,0,1,1,0,0,0,0,0,0,0,0,0,0,0
Open Season,2006,86.0,42,6.168,845.2685657596372,750.9846424791814,8.529248743285677e-05,0,1,1,1,0,0,0,1,0,0,0,0,0,0,0,0,0,0,0
Open Water,2004,79.0,28,5.5,958.6704983740452,1014.6728432835531,0.00013679168827892443,0,0,0,0,0,0,0,0,0,0,1,0,0,0,0,1,0,0,0
Operation Finale,2018,124.0,79,6.694,219.07112502457545,581.9309926512822,6.300679014665606e-05,0,0,0,0,0,0,1,0,0,1,0,0,0,0,0,1,0,0,0
Ophelia,2019,114.0,31,7.096,78.10488601814122,860.4548521383921,0.00010377157290375458,0,0,0,0,0,0,1,0,0,1,0,0,0,1,0,0,0,0,0
Oppenheimer,2023,181.0,120,8.046,913.1213233570422,1421.7172148738139,0.0002836217113312914,0,0,0,0,0,0,1,0,0,1,0,0,0,0,0,0,0,0,0
Opus,2025,29.0,17,5.0,191.3333333333333,1931.7638177024157,0.0007072204021883699,0,0,0,0,0,1,0,0,0,0,0,0,0,0,0,0,0,0,0
Orange County,2002,82.0,23,6.0,1412.03007518797,1261.1383465854128,0.00021272053299339498,0,0,0,1,0,0,1,0,0,0,0,0,0,0,0,0,0,0,0
Ordinary Angels,2024,118.0,42,7.695,192.26315789473685,802.5019733761285,9.353866509375767e-05,0,0,0,0,0,0,1,0,0,0,0,0,0,0,0,0,0,0,0
Original Sin,2001,116.0,21,6.126,704.762015478128,895.495529921388,0.0001104943271523394,0,0,0,0,0,0,1,0,0,0,0,0,1,1,0,1,0,0,0
Orphan,2009,122.0,77,7.0,440.491145218418,677.3398592775297,7.475070205732672e-05,0,0,0,0,0,0,0,0,0,0,1,0,0,0,0,1,0,0,0
Orphan: First Kill,2022,99.0,35,6.6,339.0769681292401,1046.4143609133803,0.00014479532874498926,0,0,0,0,0,0,0,0,0,0,1,0,0,0,0,1,0,0,0
Osmosis Jones,2001,95.0,21,6.503,533.0367024280068,955.818876473612,0.00012310379261264005,1,1,1,1,0,0,0,1,0,0,0,0,0,0,0,0,0,0,0
Other People,2016,97.0,35,6.343,355.1059523809524,1166.5970015335536,0.00017957936105359885,0,0,0,1,0,0,1,0,0,0,0,0,0,0,0,0,0,0,0
Ouija: Origin of Evil,2016,99.0,35,6.148,477.7597222222222,1310.8972439078939,0.00023255289054769949,0,0,0,0,0,0,0,0,0,0,1,0,0,0,0,0,0,0,0
Our Brand is Crisis,2015,108.0,49,5.86,129.34530267803325,704.4613357409555,7.847218296311774e-05,0,0,0,1,0,0,1,0,0,0,0,0,0,0,0,0,0,0,0
Our City Dreams,2009,85.0,13,7.4,4377.622377622378,1521.22587245678,0.00033896669082153383,0,0,0,0,0,1,0,0,0,0,0,0,0,0,0,0,0,0,0
Our Friend,2021,124.0,38,7.154,113.69213732004432,1144.2528741254407,0.00017253322190657102,0,0,0,0,0,0,1,0,0,0,0,0,0,1,0,0,0,0,0
Our Idiot Brother,2011,90.0,46,6.148,360.48823631759046,1064.8149199050783,0.00014964773637183657,0,0,0,1,0,0,1,0,0,0,0,0,0,0,0,0,0,0,0
Our Kind of Traitor,2016,108.0,77,6.053,296.4353896103896,258.85443348813226,3.5321114087290975e-05,0,0,0,0,0,0,0,0,0,0,0,0,0,0,0,1,0,0,0
Our Ladies,2021,100.0,21,6.461,72.65476733328991,1184.97648369169,0.00018559045004871562,0,0,0,1,0,0,1,0,0,0,0,0,0,0,0,0,0,0,0
Out of Blue,2019,110.0,14,5.173,93.73037599865916,790.4445212248074,9.153991237972645e-05,0,0,0,0,1,0,1,0,0,0,0,0,1,0,0,0,0,0,0
Out of Liberty,2019,112.0,70,4.8,215.474942734231,-186.12777262159852,1.5916188182711213e-05,0,0,0,0,0,0,1,0,0,0,0,0,0,0,0,0,0,0,1
Out of Sight,1998,123.0,24,6.675,1412.0204498977505,1315.30490080374,0.0002343963749689133,0,0,0,1,1,0,0,0,0,0,0,0,0,1,0,0,0,0,0
Out of the Furnace,2014,116.0,65,6.571,379.87764032651694,839.9592645110367,0.00010003059924747987,0,0,0,0,1,0,1,0,0,0,0,0,0,0,0,1,0,0,0
Out of Time,2003,105.0,21,6.3,999.0240683229814,1092.9692321785724,0.00015738891971330327,0,0,0,0,1,0,1,0,0,0,0,0,0,0,0,1,0,0,0
Out to Sea,1997,106.0,30,5.679,942.7052959501556,563.5438468676995,6.096522627434565e-05,0,0,0,1,0,0,0,0,0,0,0,0,0,1,0,0,0,0,0
Outlander,2009,115.0,25,6.45,70.04195804195805,1103.1126061211262,0.0001602749612376916,1,0,0,0,0,0,0,0,0,0,0,0,0,0,1,0,0,0,0
Outrage,2009,90.0,18,6.121,1316.2051282051284,1316.2532656802414,0.00023479493116394025,0,0,0,0,0,1,0,0,0,0,0,0,0,0,0,0,0,0,0
Outside Providence,1999,96.0,25,5.8,533.4088635454183,1242.9458928712056,0.00020589970166941824,0,0,0,1,0,0,1,0,0,0,0,0,0,1,0,0,0,0,0
Over Her Dead Body,2008,95.0,18,5.526,476.4781699953553,1068.0986558005025,0.00015053063453940096,0,0,0,1,0,0,0,0,0,0,0,0,0,0,0,0,0,0,0
Over the Hedge,2006,84.0,109,6.584,1233.6612978524745,929.9554883460294,0.00011753027847421895,0,0,1,1,0,0,0,1,0,0,0,0,0,0,0,0,0,0,0
Overboard,2018,112.0,63,6.826,718.6745196136997,197.74536381662847,3.165859601667862e-05,0,0,0,1,0,0,0,0,0,0,0,0,0,1,0,0,0,0,0
Overcomer,2019,119.0,80,7.719,349.4401232153807,647.6703850018771,7.08814315468198e-05,0,0,0,0,0,0,1,0,0,0,0,0,0,0,0,0,0,0,0
Overlord,2018,83.0,42,6.729,325.31151306345106,634.0437563428411,6.91721044194951e-05,0,0,0,0,0,0,1,0,0,1,0,0,0,0,0,0,0,1,0
P.S. I Love You,2008,126.0,77,7.181,538.2550423071408,595.9948082481891,6.461434966948964e-05,0,0,0,0,0,0,1,0,0,0,0,0,0,1,0,0,0,0,0
P2,2007,98.0,8,6.248,271.78002894356007,1746.8536710016365,0.0005078027294723057,0,0,0,0,0,0,0,0,0,0,1,0,0,0,0,1,0,0,0
Pacific Rim,2013,131.0,98,6.914,667.5341157922397,816.8494247007778,9.59739696069078e-05,1,1,0,0,0,0,0,0,0,0,0,0,0,0,1,0,0,0,0
Pacific Rim: Uprising,2018,111.0,56,6.132,453.5980258292087,517.7497243553729,5.616353667562845e-05,1,1,0,0,0,0,0,0,1,0,0,0,0,0,1,0,0,0,0
Paddington,2015,95.0,120,7.114,371.8628168915856,1380.7307624322325,0.00026354336658224924,0,1,0,1,0,0,0,1,0,0,0,0,0,0,0,0,0,0,0
Paddington 2,2018,104.0,63,7.469,335.0594260254878,785.5708592883042,9.074418249402579e-05,0,1,0,1,0,0,0,1,0,0,0,0,0,0,0,0,0,0,0
Paddington in Peru,2025,106.0,63,6.834,263.9310344827586,589.6638850950242,6.388568137916086e-05,0,1,0,1,0,0,0,1,0,0,0,0,0,0,0,0,0,0,0
Pain & Gain,2013,130.0,120,6.28,290.689234620887,949.0072619338598,0.00012161076195252444,1,0,0,1,1,0,0,0,0,0,0,0,0,0,0,0,0,0,0
Painted Woman,2017,108.0,24,3.607,474.6294029647763,472.66073934056396,5.180543223125092e-05,0,0,0,0,0,0,0,0,0,0,0,0,0,0,0,0,0,0,1
Palindromes,2005,100.0,83,6.168,214.75678443420372,530.4833559508597,5.74594136176283e-05,0,0,0,1,0,0,1,0,0,0,0,0,0,0,0,0,0,0,0
Palmetto,1998,114.0,7,5.863,708.0219106047327,1075.1452473673585,0.000152442873841172,0,0,0,0,1,0,0,0,0,0,0,0,1,0,0,1,0,0,0
Pandas,2018,40.0,101,8.2,1038.6558154023287,890.9209275924472,0.00010959252913872352,0,1,0,0,0,1,0,1,0,0,0,0,0,0,0,0,0,0,0
Panic Room,2002,111.0,48,6.8,1198.8344588601233,1099.7629757560449,0.00015931610287430551,0,0,0,0,1,0,1,0,0,0,0,0,0,0,0,1,0,0,0
Paparazzi,2004,84.0,14,5.303,720.1864176056872,1108.9645096820043,0.0001619639838401129,1,0,0,0,0,0,1,0,0,0,0,0,0,0,0,1,0,0,0
Paper Towns,2015,109.0,63,6.155,351.15512921940933,723.4837293629895,8.11923517403738e-05,0,0,0,0,0,0,1,0,0,0,0,0,1,1,0,0,0,0,0
Paradise Now,2006,90.0,116,6.895,639.4623655913979,1156.2123829527645,0.00017626951439359182,0,0,0,0,1,0,1,0,0,0,0,0,0,0,0,1,0,1,0
Paranoid Park,2008,84.0,81,6.534,91.58848118903856,380.37618090385297,4.391148120655325e-05,0,0,0,0,1,0,1,0,0,0,0,0,1,0,0,0,0,0,0
Paranormal Activity,2010,86.0,119,6.034,2315.602828544005,1228.6588173012005,0.00020069677745056559,0,0,0,0,0,0,0,0,0,0,1,0,1,0,0,0,0,0,0
Paranormal Activity 2,2011,91.0,91,5.8,510.3884835436477,627.1021223894764,6.831725533100916e-05,0,0,0,0,0,0,0,0,0,0,1,0,1,0,0,0,0,0,0
Paranormal Activity 3,2012,83.0,77,5.902,710.1568218353456,616.5666813457289,6.703997699285522e-05,0,0,0,0,0,0,0,0,0,0,1,0,1,0,0,0,0,0,0
Paranormal Activity 4,2013,87.0,77,5.4,354.4774635933173,616.6881405688597,6.70545653319873e-05,0,0,0,0,0,0,0,0,0,0,1,0,0,0,0,0,0,0,0
Parasite,2020,85.0,120,4.79,3400.0548168426544,562.9305193093285,6.089827939250061e-05,0,0,0,0,0,0,0,0,0,0,1,0,0,0,1,0,0,0,0
Parental Guidance,2013,104.0,120,5.971,406.416049651568,760.9720946718314,8.683223895667367e-05,0,0,0,1,0,0,0,0,0,0,0,0,0,0,0,0,0,0,0
Parker,2013,118.0,70,6.072,248.36578786020848,370.58009024496636,4.314761019024589e-05,1,0,0,0,1,0,0,0,0,0,0,0,0,0,0,0,0,0,0
Passengers,2017,93.0,120,6.116,473.54183884297527,839.5009025469258,9.994849655514924e-05,0,0,0,0,0,0,1,0,0,0,0,0,1,1,0,1,0,0,0
Passion Play,2011,94.0,7,4.777,365.229625865464,1306.7095806491534,0.00023081485057019346,0,0,0,0,0,0,1,0,1,0,1,0,0,1,0,0,0,0,0
Past Lives,2023,106.0,112,7.718,3322.747560939225,2234.874249571456,0.0012172341628649203,0,0,0,0,0,0,1,0,0,0,0,0,0,1,0,0,0,0,0
Patch Adams,1999,115.0,97,7.313,1200.129067329347,752.9231386756027,8.558919202742977e-05,0,0,0,1,0,0,1,0,0,0,0,0,0,0,0,0,0,0,0
Pathfinder,2007,99.0,46,5.673,287.3002838263835,458.90613431177786,5.054453953220795e-05,1,1,0,0,0,0,0,0,0,0,0,0,0,0,0,0,0,0,0
Pathology,2008,95.0,21,5.7,189.40747130250148,1064.3968008007714,0.00014953568897471084,0,0,0,0,1,0,0,0,0,0,1,0,0,0,0,1,0,0,0
Patriots Day,2017,133.0,79,7.058,2446.7982594936707,349.72604226042665,4.1565435580030845e-05,1,0,0,0,1,0,1,0,0,1,0,0,0,0,0,1,0,0,0
Paul,2011,104.0,63,6.733,437.8204775314602,698.0027871120378,7.756950057813747e-05,0,1,0,1,0,0,0,0,0,0,0,0,0,0,1,0,0,0,0
Paul Blart: Mall Cop,2009,91.0,80,5.438,896.1722610722611,421.50263683991056,4.726877995886924e-05,1,1,0,1,0,0,0,1,0,0,0,0,0,0,0,0,0,0,0
Paul Blart: Mall Cop 2,2015,94.0,94,5.172,469.822831692452,357.9203958581928,4.218009250433561e-05,1,0,0,1,0,0,0,1,0,0,0,0,0,0,0,0,0,0,0
Pavarotti,2019,115.0,73,7.247,615.1810501390222,335.3351760153517,4.050757724520645e-05,0,0,0,0,0,1,0,0,0,1,0,1,0,0,0,0,0,0,0
PAW Patrol: The Mighty Movie,2023,88.0,54,7.013,356.0908118489345,418.9126287013933,4.704997223557076e-05,0,1,1,1,0,0,0,1,0,0,0,0,0,0,0,0,0,0,0
PAW Patrol: The Movie,2021,86.0,56,7.4,303.624690186152,559.3162032621559,6.05052543819004e-05,0,1,1,1,0,0,0,1,0,0,0,0,0,0,0,0,0,0,0
Pay it Forward,2001,122.0,88,7.354,656.1730545876887,794.28428515835,9.217174753295677e-05,0,0,0,0,0,0,1,0,0,0,0,0,0,0,0,0,0,0,0
Payback,1999,100.0,53,6.824,1105.3193522306883,661.7775011997226,7.269554390679368e-05,1,0,0,0,1,0,1,0,0,0,0,0,0,0,0,1,0,0,0
Paycheck,2004,119.0,54,6.211,1264.616394927536,17.741219209899327,2.2932360563850854e-05,1,1,0,0,0,0,0,0,0,0,0,0,1,0,1,1,0,0,0
Pearl,2022,107.0,49,0.0,134.3666909285364,793.9645062685817,9.211896168883217e-05,0,0,0,0,0,0,1,0,0,0,0,0,0,0,0,0,0,0,0
Peeples,2013,95.0,35,5.6,261.0700183936236,442.53573662011905,4.908379182226971e-05,0,0,0,1,0,0,0,0,0,0,0,0,0,0,0,0,0,0,0
Penelope,2008,103.0,13,6.728,672.5434992318411,1669.5086453451079,0.00044210023412187636,0,0,0,1,0,0,0,0,1,0,0,0,0,1,0,0,0,0,0
Penguins of Madagascar,2015,92.0,120,6.53,425.653112237713,1009.8180263377676,0.0001356071757329287,0,1,1,1,0,0,0,1,0,0,0,0,0,0,0,0,0,0,0
Perfect Stranger,2007,109.0,21,5.807,630.5773478558916,840.2244205070455,0.00010007812529732086,0,0,0,0,1,0,0,0,0,0,0,0,1,0,0,1,0,0,0
Perfect Strangers,2019,96.0,35,4.361,334.4915358399911,259.62145449258537,3.536968030718794e-05,0,0,0,0,0,0,1,0,0,0,0,0,0,1,0,1,0,0,0
Pet Sematary,2019,102.0,56,6.633,448.9621198087123,624.2298227521497,6.796663462697293e-05,0,0,0,0,0,0,0,0,0,0,1,0,0,0,0,0,0,0,0
Peter and Vandy,2010,78.0,102,6.321,37.939393939393945,681.332769869957,7.528730527530524e-05,0,0,0,1,0,0,1,0,0,0,0,0,0,1,0,0,0,0,0
Peter Pan,2004,113.0,54,7.1,1289.504917184265,798.1965191607238,9.28199932198787e-05,0,1,0,0,0,0,0,1,1,0,0,0,0,0,0,0,0,0,0
Peter Rabbit,2018,93.0,120,6.7,436.32191689897786,795.8957110869577,9.243820592923615e-05,0,1,1,0,0,0,0,1,0,0,0,0,0,0,0,0,0,0,0
Peter Rabbit 2: The Runaway,2021,93.0,59,7.1,315.2200337499341,464.5208681228446,5.105549566918624e-05,0,1,1,1,0,0,0,1,0,0,0,0,0,0,0,0,0,0,0
Phantoms,1998,96.0,7,5.4,556.3225241016652,1410.8710221935787,0.00027816414895808135,0,0,0,0,0,0,0,0,0,0,1,0,0,0,1,1,0,0,0
Philomena,2014,98.0,120,7.347,966.3500865898652,1609.2778808215849,0.00039688192655102267,0,0,0,0,0,0,1,0,0,0,0,0,0,0,0,0,0,0,0
Phoenix Forgotten,2017,87.0,56,6.0,211.45291346760132,462.5972374148824,5.087986095056117e-05,0,0,0,0,0,0,0,0,0,0,1,0,1,0,1,0,0,0,0
Phone Booth,2003,81.0,53,6.857,909.9814578005116,863.8442863576475,0.00010440357571474605,0,0,0,0,1,0,0,0,0,0,0,0,0,0,0,1,0,0,0
Pick of the Litter,2018,81.0,91,7.3,449.5908576973957,559.0963919765663,6.0481433829935415e-05,0,0,0,0,0,1,0,0,0,0,0,0,0,0,0,0,0,0,0
Picture Perfect,1997,105.0,35,5.852,1017.86987093903,834.1276945017165,9.89910475052391e-05,0,0,0,1,0,0,1,0,0,0,0,0,0,1,0,0,0,0,0
Piercing,2019,82.0,14,5.698,151.0003352142578,1522.817808540468,0.0003399347375151466,0,0,0,0,0,0,0,0,0,0,1,0,0,0,0,1,0,0,0
Pig,2021,23.0,56,5.261,203.1248352054,170.82933377894904,3.016831331069611e-05,0,0,0,0,0,0,0,0,0,0,1,0,0,0,0,1,0,0,0
Pink Floyd: Live at Pompeii,2025,62.0,4,8.069,1335.6666666666667,1791.402562238693,0.0005499889770244453,0,0,0,0,0,1,0,0,0,0,0,1,0,0,0,0,0,0,0
Pitch Black,2000,108.0,49,6.855,889.0491399811957,438.60941369523556,4.873976529836924e-05,1,0,0,0,0,0,0,0,0,0,0,0,0,0,1,1,0,0,0
Pitch Perfect,2013,112.0,120,7.275,631.1348722415795,1155.4991121516587,0.00017604442840129405,0,0,0,1,0,0,0,0,0,0,0,1,0,1,0,0,0,0,0
Pitch Perfect 2,2015,115.0,77,6.844,1034.0886075949368,597.9252533806526,6.48381866530702e-05,0,0,0,1,0,0,0,0,0,0,0,1,0,0,0,0,0,0,0
Pitch Perfect 3,2018,93.0,77,6.5,632.6770414408113,440.45628104593044,4.890128742050337e-05,0,0,0,1,0,0,0,0,0,0,0,1,0,0,0,0,0,0,0
Planet 51,2010,91.0,115,5.882,482.5618018345292,541.8646831926048,5.8642954311389865e-05,0,1,1,1,0,0,0,1,0,0,0,0,0,0,1,0,0,0,0
Planet of the Apes,2001,120.0,42,5.762,2310.7139237574024,527.3096853090917,5.713366444540653e-05,1,1,0,0,0,0,0,0,0,0,0,0,0,0,1,1,0,0,0
Play the Flute,2019,103.0,113,8.6,2190.091595825701,388.56951173570417,4.456074909084471e-05,0,0,0,0,0,0,1,0,0,0,0,0,0,0,0,0,0,0,0
Playing for Keeps,2013,102.0,77,3.7,167.25366532422282,-324.8894501684615,1.2413171008804639e-05,0,0,0,1,0,0,0,0,0,0,0,0,0,0,0,0,0,0,0
Playing with Fire,2020,86.0,63,3.8,383.3929890558753,-200.13556957234368,1.552176219247923e-05,0,0,0,0,0,0,0,0,0,0,0,0,0,0,0,1,0,0,0
Pleasantville,1998,124.0,33,7.256,1105.9333333333332,1068.7116529377554,0.00015069602713488187,0,0,0,1,0,0,1,0,1,0,0,0,0,0,0,0,0,0,0
Please Give,2010,90.0,67,6.188,1098.5855112333793,2360.407234722268,0.0015241880824183103,0,0,0,1,0,0,1,0,0,0,0,0,0,0,0,0,0,0,0
Plunkett & Macleane,1999,93.0,6,6.045,216.05642256902763,1118.1405437628703,0.00016464835196719848,1,0,0,1,0,0,1,0,0,0,0,0,0,0,0,0,0,0,0
Point Blank,2011,91.0,39,7.0,885.1400622498887,631.258141991786,6.882778376467532e-05,0,0,0,0,1,0,1,0,0,0,0,0,0,0,0,1,0,0,0
Point Break,2016,122.0,63,7.2,328.0724666800616,595.3064053476312,6.453471573833693e-05,1,0,0,0,1,0,0,0,0,0,0,0,0,0,0,1,0,0,0
Pollock,2001,132.0,111,6.659,1081.4313588850175,2645.152398514584,0.0025384567541734456,0,0,0,0,0,0,1,0,0,1,0,0,0,0,0,0,0,0,0
Poltergeist,2015,114.0,63,7.152,446.0167457805907,526.7458188612899,5.7075982054328325e-05,0,0,0,0,0,0,0,0,0,0,1,0,0,0,0,0,0,0,0
Pompeii,2014,105.0,52,5.547,385.1040826516112,719.824549242547,8.066186990750537e-05,1,1,0,0,0,0,1,0,0,1,0,0,0,1,0,0,0,0,0
Poms,2019,91.0,42,6.553,243.5371210812089,311.16992781585475,3.879142652312132e-05,0,0,0,1,0,0,1,0,0,0,0,0,0,0,0,0,0,0,0
Poolman,2024,100.0,3,4.339,197.5,355.034644931731,4.196260287779045e-05,0,0,0,1,0,0,0,0,0,0,0,0,1,0,0,0,0,0,0
Poor Things,2024,141.0,112,7.661,1519.7778834949704,1085.2898213605147,0.00015523855342222225,0,0,0,1,0,0,0,0,0,0,0,0,0,1,1,0,0,0,0
Pootie Tang,2001,81.0,14,5.071,386.3455674760023,1088.2251463592193,0.00015605700382396637,1,0,0,1,0,0,0,0,0,0,0,0,0,0,0,0,0,0,0
Porcelain War,2024,87.0,10,6.269,2533.0,1787.0302134140463,0.0005456979296902403,0,0,0,0,0,1,0,0,0,0,0,0,0,0,0,0,0,0,0
Poseidon,2006,98.0,35,5.9,762.9375,966.0015679735685,0.00012536997753051607,1,1,0,0,0,0,1,0,0,0,0,0,0,0,0,1,0,0,0
Possessor,2020,103.0,35,6.391,106.04956944137778,422.36534371499334,4.73418884017688e-05,0,0,0,0,0,0,0,0,0,0,1,0,0,0,1,1,0,0,0
Post Grad,2009,89.0,42,5.008,176.42513042513042,552.1679225799464,5.9735395317139805e-05,0,0,0,1,0,0,1,0,0,0,0,0,0,1,0,0,0,0,0
Poster Boy,2006,98.0,62,5.269,347.77777777777777,248.83449743983272,3.469276400769109e-05,0,0,0,1,0,0,1,0,0,0,0,0,0,1,0,0,0,0,0
Poster Boys,2017,87.0,14,5.8,177.14227429037712,729.6033848745781,8.208734354444559e-05,0,0,0,1,0,0,1,0,0,0,0,0,0,0,0,0,0,0,0
Power Rangers,2017,124.0,70,6.255,537.9353066583918,298.3587592528022,3.7911300745044465e-05,1,1,0,0,0,0,0,0,0,0,0,0,0,0,1,0,0,0,0
Practical Magic,1998,104.0,35,6.776,921.9655650108846,795.1444849523573,9.231389072450607e-05,0,0,0,1,0,0,0,0,1,0,0,0,0,1,0,0,0,0,0
Praying with Lior,2008,87.0,18,0.0,706.5397120297259,1316.2517521491534,0.00023479429455355256,0,0,0,0,0,1,0,0,0,0,0,0,0,0,0,0,0,0,0
Predators,2010,107.0,77,6.289,533.995665041057,423.8324994074599,4.7466479459918195e-05,1,0,0,0,0,0,0,0,0,0,0,0,0,0,1,1,0,0,0
Premature,2020,14.0,26,0.0,185.57465224111283,327.7373227516222,3.995996996673309e-05,0,0,0,0,0,0,1,0,0,0,0,0,0,0,0,0,0,0,0
Premium Rush,2012,91.0,59,6.339,356.7049077025725,721.488683283077,8.090269311929477e-05,1,0,0,0,1,0,0,0,0,0,0,0,0,0,0,1,0,0,0
Premonition,2007,96.0,28,6.276,947.1835986493006,901.5592215264015,0.00011170111864314055,0,0,0,0,0,0,1,0,0,0,0,0,1,0,0,1,0,0,0
Pretty Persuasion,2005,105.0,60,5.784,474.38812083973374,-43.26555268879076,2.055822460455835e-05,0,0,0,1,0,0,0,0,0,0,0,0,0,0,0,0,0,0,0
Prey for the Devil,2022,93.0,56,6.9,199.53005271121089,174.2745003721509,3.0355078683770674e-05,0,0,0,0,0,0,0,0,0,0,1,0,0,0,0,1,0,0,0
Price of Glory,2000,118.0,17,4.5,348.4938232499208,890.4415108115727,0.00010949844813363758,0,0,0,0,0,0,1,0,0,0,0,0,0,0,0,0,0,0,0
Pride,2014,104.0,49,6.582,878.1069507994816,608.2799763651702,6.605212825772785e-05,0,0,0,0,0,0,1,0,0,0,0,0,0,0,0,0,0,0,0
Pride and Glory,2008,130.0,49,6.336,278.1773889304909,407.31036253046074,4.608216026575552e-05,0,0,0,0,1,0,1,0,0,0,0,0,1,0,0,1,0,0,0
Pride and Prejudice,2004,104.0,74,4.7,842.0380434782608,415.26372800367693,4.6743425273213254e-05,0,0,0,1,0,0,0,0,0,0,0,0,0,1,0,0,0,0,0
Priest,2011,87.0,38,5.839,520.5887584024272,631.0962282634105,6.880782292883522e-05,1,0,0,0,0,0,0,0,1,0,1,0,0,0,0,1,0,0,0
Primary Colors,1998,143.0,24,6.265,1343.77172801636,1229.8851978937898,0.00020113818226261295,0,0,0,1,0,0,1,0,0,0,0,0,0,0,0,0,0,0,0
Prime,2005,102.0,21,5.976,832.3160948967401,1353.5424572240927,0.0002510149792130279,0,0,0,1,0,0,1,0,0,0,0,0,0,1,0,0,0,0,0
Prince of Broadway,2010,102.0,4,6.4,3188.8399816597894,1829.7351602256558,0.0005890832514777899,0,0,0,0,0,0,1,0,0,0,0,0,0,0,0,0,0,0,0
Priscilla,2023,113.0,56,6.8,1166.094406029673,1651.4443552817183,0.0004280226591977175,0,0,0,0,0,0,1,0,0,0,0,1,0,1,0,0,0,0,0
Prisoners,2013,153.0,77,8.099,422.2298645560449,855.2214196313764,0.00010280323916442722,0,0,0,0,1,0,1,0,0,0,0,0,0,0,0,1,0,0,0
Prisoners of Fire,2025,85.0,9,0.0,457.375,1196.367778377254,0.0001894165974494888,0,0,0,0,0,1,1,0,0,0,0,0,0,0,0,0,0,0,0
Private Property,2007,79.0,109,6.222,2090.441389290883,544.3749435454848,5.890725951257013e-05,0,0,0,0,0,0,0,0,0,0,0,0,0,0,0,1,0,0,0
Prodigal Sons,2010,86.0,95,5.278,268.3677212287941,922.7884534199065,0.00011603094393463751,0,0,0,0,0,1,0,0,0,0,0,0,0,0,0,0,0,0,0
Project Almanac,2015,106.0,56,6.786,310.6888185654009,502.83693258994276,5.468299887304922e-05,0,0,0,0,0,0,0,0,0,0,0,0,0,0,1,1,0,0,0
Project Nim,2011,93.0,120,6.839,350.86664443456345,1006.5340996833031,0.00013481176115103606,0,0,0,0,0,1,0,0,0,0,0,0,0,0,0,0,0,0,0
Project X,2012,108.0,77,6.273,411.0344635039757,389.3734885152405,4.462497392908539e-05,0,0,0,1,0,0,1,0,0,0,0,0,0,0,0,0,0,0,0
Prom Night,2008,88.0,46,5.071,563.6262848603567,583.7466505199823,6.321205854743643e-05,0,0,0,0,0,0,1,0,0,0,1,0,1,0,0,0,0,0,0
Prometheus,2012,124.0,105,6.6,735.3781802642825,748.1552431477393,8.486126722489144e-05,0,1,0,0,0,0,0,0,0,0,0,0,1,0,1,0,0,0,0
Proof,2005,101.0,25,6.339,557.726574500768,1443.2450431716745,0.000294773259346671,0,0,0,0,0,0,1,0,0,0,0,0,1,0,0,0,0,0,0
Proof of Life,2001,135.0,39,6.1,704.0864111498258,721.8435948576195,8.095414668258684e-05,1,0,0,0,0,0,1,0,0,0,0,0,0,0,0,1,0,0,0
Protocols of Zion,2006,95.0,74,4.9,386.24167946748594,625.4281193582307,6.811269101690858e-05,0,0,0,0,0,1,0,0,0,0,0,0,0,0,0,0,0,0,0
Proud Mary,2018,88.0,52,5.496,417.3887340147794,413.7904738166759,4.6620222780210706e-05,1,0,0,0,1,0,0,0,0,0,0,0,0,0,0,1,0,0,0
Providence,2016,110.0,7,6.75,217.7958333333333,1421.3281725441375,0.0002834241148307842,0,0,0,1,0,0,1,0,0,0,0,0,0,0,0,0,0,0,0
Psycho,1998,109.0,21,8.421,777.6993865030674,1080.0634471978265,0.00015379190544661964,0,0,0,0,0,0,0,0,0,0,1,0,1,0,0,1,0,0,0
Public Enemies,2009,140.0,65,6.688,806.1559978483056,839.7365972851978,9.999070623790812e-05,0,0,0,0,1,0,1,0,0,1,0,0,0,0,0,0,0,0,0
Puccini for Beginners,2007,82.0,1,5.395,2264.833574529667,1755.9075389415425,0.0005161060181981888,0,0,0,1,0,0,1,0,0,0,0,0,0,1,0,0,0,0,0
Pulling Strings,2013,6.0,49,0.0,450.46010335464655,-87.72977982022871,1.8984209618087824e-05,0,0,0,1,0,0,0,0,0,0,0,0,0,0,0,0,0,0,0
Punch-Drunk Love,2002,96.0,38,7.114,6795.875486381323,1232.5879594067633,0.00020211440358606654,0,0,0,1,0,0,1,0,0,0,0,0,0,1,0,0,0,0,0
Punisher: War Zone,2008,102.0,10,5.826,406.3330236878774,1281.6692492214638,0.00022068987899003754,1,0,0,0,1,0,0,0,0,0,0,0,0,0,0,0,0,0,0
Pure,2005,96.0,25,6.12,1051.346646185356,909.7399911832412,0.00011335016221877696,0,0,0,0,0,0,1,0,0,0,0,0,0,0,0,0,0,0,0
Push,2009,111.0,91,6.146,353.8818617280156,481.9150351583583,5.2671432071472924e-05,1,1,0,0,0,0,0,0,0,0,0,0,0,0,1,1,0,0,0
Pushing Tin,1999,124.0,26,5.851,475.06793626541537,1020.9614791003441,0.00013834142873797546,0,0,0,1,0,0,1,0,0,0,0,0,0,0,0,0,0,0,0
Puss in Boots,2012,75.0,120,5.167,679.8251445086705,98.82151959146279,2.651728671075769e-05,0,1,1,1,0,0,0,0,0,0,0,0,0,0,0,0,0,0,0
Puss in Boots: The Last Wish,2023,103.0,120,8.209,480.78707943717296,657.3675367459159,7.212350866802894e-05,0,1,1,1,0,0,0,1,1,0,0,0,0,0,0,0,0,0,0
Putty Hill,2011,87.0,4,5.5,847.5633614939973,1800.3500340702294,0.0005588755391054213,0,0,0,0,0,0,1,0,0,0,0,0,0,0,0,0,0,0,0
Quantum of Solace,2009,106.0,67,6.335,1652.108793570896,686.3835644234368,7.597159802567627e-05,1,1,0,0,1,0,0,0,0,0,0,0,0,0,0,1,0,0,0
Quarantine,2008,89.0,28,5.778,668.2220821445161,989.022382314751,0.0001306482806546459,0,0,0,0,0,0,0,0,0,0,1,0,0,0,1,1,0,0,0
Queen & Slim,2020,131.0,65,7.132,640.142955988087,343.85474965659864,4.113054662111915e-05,0,0,0,0,1,0,1,0,0,0,0,0,0,1,0,0,0,0,0
Queen Bees,2021,101.0,66,5.96,138.84151593453925,446.4164446250185,4.942620761363855e-05,0,0,0,1,0,0,1,0,0,0,0,0,0,1,0,0,0,0,0
Queen of the Damned,2002,101.0,14,6.1,1269.224569205114,1302.0524488329845,0.0002288972146126553,0,0,0,0,0,0,0,0,1,0,1,0,0,1,0,0,0,0,0
Queen of the Lot,2011,120.0,60,2.65,276.97845025217794,185.11850732821745,3.0950522150572576e-05,0,0,0,1,0,0,1,0,0,0,0,0,0,0,0,0,0,0,0
Queer,2024,87.0,26,5.0,3730.0,1454.7145749823944,0.0003008924966721589,0,0,0,0,0,0,1,0,0,0,0,0,0,0,0,0,0,0,0
Quest for Camelot,1998,86.0,28,6.8,692.728527607362,980.519775173521,0.00012867337319321157,0,0,1,0,0,0,1,1,1,0,0,0,0,1,0,0,0,0,0
Quiet City,2007,78.0,6,5.795,1789.218523878437,1836.2153348153,0.0005959615472884081,0,0,0,0,0,0,1,0,0,0,0,0,0,1,0,0,0,0,0
R.I.P.D.,2013,96.0,71,5.851,409.0301655426119,406.46714568608394,4.601260365999495e-05,1,0,0,1,0,0,0,0,1,0,0,0,0,0,0,0,0,0,0
Rabbit Hole,2011,91.0,112,6.665,930.9581941442328,1076.200386113368,0.00015273129124153138,0,0,0,0,0,0,1,0,0,0,0,0,0,0,0,0,0,0,0
Rachel Getting Married,2009,113.0,109,6.297,556.7998142127265,2829.9916801722393,0.0035348776473291864,0,0,0,0,0,0,1,0,0,0,0,0,0,1,0,0,0,0,0
Racing Stripes,2005,102.0,39,5.894,984.6453563504256,702.8979463456728,7.825271601343418e-05,0,0,0,1,0,0,0,1,0,0,0,0,0,0,0,0,0,0,0
Radio,2004,109.0,88,7.303,857.3478260869565,708.9939632930493,7.911195373628051e-05,0,0,0,0,0,0,1,0,0,0,0,0,0,0,0,0,0,0,0
Radio Free Albemuth,2014,110.0,6,5.379,187.11237853823403,646.1405173909804,7.068743875376578e-05,0,0,0,0,0,0,1,0,0,0,0,0,0,0,1,1,0,0,0
Rage,2011,98.0,25,3.469,109.94664295242328,1009.824393586885,0.0001356087225225044,0,0,0,0,0,0,1,0,0,0,0,0,0,0,0,1,0,0,0
Raise Your Voice,2004,103.0,14,6.532,395.1852832186342,1063.5167685624258,0.000149300132309117,0,0,0,0,0,0,1,1,0,0,0,1,0,1,0,0,0,0,0
Raising Victor Vargas,2003,88.0,60,6.795,1047.8695652173913,393.20743681211036,4.4932520387294545e-05,0,0,0,0,0,0,1,0,0,0,0,0,0,1,0,0,0,0,0
Rambo,2008,92.0,46,6.687,578.5117833558836,682.7507039817098,7.547878541784111e-05,1,0,0,0,0,0,0,0,0,0,0,0,0,0,0,1,0,1,0
Rambo: Last Blood,2019,89.0,63,6.532,311.4163326163473,328.0103878812175,3.9979521997439154e-05,1,0,0,0,0,0,1,0,0,0,0,0,0,0,0,1,0,0,0
Ramona and Beezus,2010,103.0,91,6.534,308.72459956366424,516.7413181372946,5.6062170747864516e-05,0,0,0,1,0,0,0,1,0,0,0,0,0,0,0,0,0,0,0
Rampage,2018,84.0,105,5.947,561.5848362443344,207.17076488366604,3.219768116617217e-05,1,0,0,0,1,0,0,0,0,0,1,0,0,0,0,1,0,0,0
Rams,2016,74.0,28,7.4,92.59583333333332,1344.2094967966486,0.00024685311549397035,0,0,0,0,0,1,0,0,0,0,0,0,0,0,0,0,0,0,0
Random Hearts,1999,133.0,24,5.6,879.4905462184875,986.6975950086239,0.0001301053090166941,0,0,0,0,0,0,1,0,0,0,0,0,0,1,0,1,0,0,0
Range 15,2016,89.0,4,4.758,1226.786111111111,1340.5275511366867,0.0002452302641182451,0,0,0,1,0,0,0,0,0,0,1,0,0,0,0,0,0,0,0
Rango,2011,112.0,120,6.885,554.4303023566029,878.2202623175694,0.00010712722510118889,0,1,1,1,0,0,0,1,0,0,0,0,0,0,0,0,0,0,1
Rapid Response,2019,99.0,21,7.8,124.55123191239736,1143.4279902053263,0.00017227845736783376,0,0,0,0,0,1,0,0,0,0,0,0,0,0,0,0,0,0,0
Rat Film,2017,82.0,52,7.0,471.3326735939304,960.3619547136295,0.0001241097610336957,0,0,0,0,0,1,0,0,0,0,0,0,0,0,0,0,0,0,0
Rat Race,2001,112.0,49,6.272,822.5922470723983,682.9386555675746,7.550420323546741e-05,0,1,0,1,0,0,0,0,0,0,0,0,0,0,0,0,0,0,0
Ravenous,1999,101.0,7,6.8,378.1658377636769,1189.9786164408015,0.0001872609726767846,0,1,0,1,0,0,0,0,0,0,1,0,0,0,0,0,0,0,1
Ray,2005,152.0,116,7.451,1363.844891476972,1063.652294652376,0.00014933638415029664,0,0,0,0,0,0,1,0,0,0,0,1,0,0,0,0,0,0,0
Raymond Did It,2011,83.0,14,3.269,1263.690529124055,862.84406653692,0.00010421667281052945,0,0,0,0,0,0,0,0,0,0,1,0,0,0,0,0,0,0,0
RBG,2018,98.0,22,7.5,968.7917164476304,1509.162102018986,0.00033171982883253154,0,0,0,0,0,1,0,0,0,0,0,0,0,0,0,0,0,0,0
Re-Election,2025,84.0,10,0.0,1720.25,901.4905725303936,0.00011168738267562356,0,0,0,1,0,0,0,0,0,0,0,0,0,0,0,0,0,0,0
Ready Player One,2018,140.0,99,7.585,560.6297141064166,804.6101156934279,9.389258554908914e-05,1,1,0,0,0,0,0,0,0,0,0,0,0,0,1,0,0,0,0
Ready to Rumble,2000,107.0,24,5.22,380.4242672678828,787.2332502163949,9.101482314441647e-05,1,0,0,1,0,0,0,0,0,0,0,0,0,0,0,0,0,0,0
Rebound,2005,86.0,67,5.607,583.7965523126813,182.52693760644843,3.080716564834699e-05,0,0,0,1,0,0,0,1,0,0,0,0,0,0,0,0,0,0,0
Red,2011,93.0,112,6.227,504.5220901290365,1210.1776800676516,0.00019416104858978943,0,0,0,0,0,0,1,0,0,0,0,0,0,0,0,1,0,0,0
RED 2,2013,116.0,92,6.5,408.87959251049386,216.97571537483657,3.276821834037117e-05,1,0,0,1,1,0,0,0,0,0,0,0,0,0,0,1,0,0,0
Red Corner,1997,122.0,21,6.334,747.9311674825693,1046.8119169117338,0.00014489848647256074,0,0,0,0,1,0,1,0,0,0,0,0,0,0,0,1,0,0,0
Red Dawn,2013,114.0,93,6.315,362.7245607133491,-32.52829651297793,2.0957485379888493e-05,1,0,0,0,0,0,1,0,0,0,0,0,0,0,1,1,0,1,0
Red Dragon,2002,124.0,45,7.031,1260.4616385796987,859.1471123459472,0.00010352875238930719,0,0,0,0,1,0,0,0,0,0,1,0,0,0,0,1,0,0,0
Red Hill,2011,97.0,74,6.0,88.97753324163229,114.28121184465328,2.726193613919724e-05,1,0,0,0,0,0,0,0,0,0,0,0,0,0,0,1,0,0,1
Red Joan,2019,101.0,84,6.6,480.00253950195287,5.117268420433447,2.2419573748076034e-05,0,0,0,0,0,0,0,0,0,1,0,0,0,0,0,1,0,0,0
Red Planet,2001,106.0,67,5.715,429.95776581142434,165.51712970036544,2.9882583716915884e-05,1,0,0,0,0,0,0,0,0,0,0,0,0,0,1,1,0,0,0
Red Riding Hood,2011,92.0,77,4.765,327.23721365339856,-102.75337450672544,1.8480094677903835e-05,0,0,0,0,0,0,1,0,0,0,1,0,0,0,0,1,0,0,0
Red Rocket,2022,130.0,45,6.783,1055.642871340546,1812.8994158032046,0.0005715819390762942,0,0,0,1,0,0,1,0,0,0,0,0,0,0,0,0,0,0,0
Red Sparrow,2018,140.0,63,6.532,440.4947753693274,398.3626746280895,4.534940000062375e-05,0,0,0,0,0,0,0,0,0,0,0,0,1,0,0,1,0,0,0
Red Tails,2012,125.0,120,6.566,343.49114401858304,936.6526799684675,0.00011894882813150838,1,1,0,0,0,0,1,0,0,1,0,0,0,0,0,0,0,1,0
Redbelt,2008,99.0,25,6.463,192.6265675801208,3040.1892689119722,0.0051511917792342885,0,0,0,0,0,0,1,0,0,0,0,0,0,0,0,0,0,0,0
Redeeming Love,2022,134.0,49,7.851,125.37633433968053,313.5163039260525,3.895482224579505e-05,0,0,0,0,0,0,1,0,0,0,0,0,0,1,0,0,0,0,1
Redemption Road,2011,91.0,14,5.0,146.42984183446612,584.0850230707806,6.32503869693906e-05,0,0,0,0,0,0,1,0,0,0,0,0,0,0,0,0,0,0,0
Redline,2007,95.0,1,5.048,1437.4143753014955,1507.6834861723603,0.0003308423311413343,1,0,0,0,0,0,0,0,0,0,0,0,0,0,0,1,0,0,0
Reel Paradise,2005,110.0,18,6.6,556.1239119303635,1256.6411956220113,0.0002110136925979238,0,0,0,0,0,1,0,0,0,0,0,0,0,0,0,0,0,0,0
Regression,2016,106.0,119,5.58,263.8834639340968,730.2933391676131,8.218886531628051e-05,0,0,0,0,0,0,0,0,0,0,1,0,1,0,0,1,0,0,0
Regretting You,2025,116.0,18,7.055,640.5555555555555,887.6260929435824,0.00010894757658970134,0,0,0,0,0,0,1,0,0,0,0,0,0,1,0,0,0,0,0
Reign Over Me,2007,124.0,21,7.21,791.9368065605403,1525.8689659556076,0.00034179786188274906,0,0,0,0,0,0,1,0,0,0,0,0,0,0,0,0,0,0,0
Reindeer Games,2000,104.0,39,5.7,561.1273462965045,783.0651526318723,9.033776825723967e-05,1,0,0,0,1,0,0,0,0,0,0,0,0,0,0,1,0,0,0
Rejoice and Shout,2011,115.0,32,6.5,268.60382392174296,626.7406578350708,6.827303217108822e-05,0,0,0,0,0,1,0,0,0,0,0,0,0,0,0,0,0,0,0
Relic,2020,89.0,49,6.1,295.69283664006554,-72.65609434467171,1.950382627059289e-05,0,0,0,0,0,0,0,0,0,0,1,0,1,0,0,0,0,0,0
Religulous,2008,101.0,16,6.997,1499.2681308473227,1381.1198449653416,0.00026372712169533925,0,0,0,1,0,1,0,0,0,0,0,0,0,0,0,0,0,0,0
Remember Me,2010,113.0,63,7.11,270.8051498147785,1003.8472177109419,0.00013416443098917692,0,0,0,0,0,0,1,0,0,0,0,0,0,1,0,0,0,0,0
Rendition,2007,120.0,14,6.416,387.90422312853576,1381.7308688017115,0.0002640159534267944,0,0,0,0,0,0,1,0,0,0,0,0,0,0,0,1,0,0,0
Renfield,2023,93.0,35,6.46,191.1807606753455,947.0788564314416,0.00012119137522089367,0,0,0,1,0,0,0,0,1,0,1,0,0,0,0,0,0,0,0
Reno 911!: Miami,2007,83.0,49,5.7,306.0452661527708,295.43941843936216,3.771355251493665e-05,1,0,0,1,1,0,0,0,0,0,0,0,0,0,0,0,0,0,0
Rent,2006,135.0,41,6.9,773.5731694828469,887.2820033795282,0.00010888044151469376,0,0,0,0,0,0,1,0,0,0,0,0,0,1,0,0,0,0,0
Rent-A-Pal,2020,108.0,7,6.484,74.63899315522191,550.168707578549,5.952184115994498e-05,0,0,0,0,0,0,0,0,0,0,1,0,0,0,0,1,0,0,0
Reparation,2016,105.0,7,5.0,1204.304761904762,1130.9560101345746,0.00016847202538654621,0,0,0,0,0,0,1,0,0,0,0,0,0,0,0,1,0,0,0
Repentance,2014,90.0,28,4.746,402.5135795763173,862.6867621283063,0.00010418730908505349,0,0,0,0,0,0,0,0,0,0,1,0,0,0,0,1,0,0,0
Replicas,2019,107.0,42,6.038,105.86961464652435,837.7850453901057,9.964174671354246e-05,0,0,0,0,0,0,1,0,0,0,0,0,0,0,1,1,0,0,0
Repo Men,2010,111.0,35,6.332,312.8564878496103,536.9336953544498,5.812721850863322e-05,1,0,0,0,1,0,0,0,0,0,0,0,0,0,1,1,0,0,0
Repo! The Genetic Opera,2008,98.0,1,6.2,4724.80260102183,1168.9464730914924,0.00018033677818440192,0,0,0,0,0,0,0,0,0,0,1,1,0,0,1,0,0,0,0
Requiem for a Dream,2001,102.0,102,8.013,1334.3676851603682,1507.6122449436814,0.0003308001110656456,0,0,0,0,1,0,1,0,0,0,0,0,0,0,0,0,0,0,0
Rescue Dawn,2007,125.0,62,6.952,483.1644958996623,1041.8004414499371,0.00014360346877569268,0,1,0,0,0,0,1,0,0,0,0,0,0,0,0,0,0,1,0
Resident Evil,2002,100.0,23,6.648,1159.4245595379075,1144.9518072653118,0.0001727493815050367,1,0,0,0,0,0,0,0,0,0,1,0,0,0,1,0,0,0,0
Resident Evil: Afterlife,2010,97.0,52,6.06,680.1011518775324,481.56681898865565,5.263858604348877e-05,1,1,0,0,0,0,0,0,0,0,1,0,0,0,1,0,0,0,0
Resident Evil: Apocalypse,2004,94.0,34,6.356,817.5154921682807,792.6238230056211,9.189798419261231e-05,1,0,0,0,0,0,0,0,0,0,1,0,0,0,1,0,0,0,0
Resident Evil: Extinction,2007,94.0,28,6.306,950.1516091241128,952.7210808665634,0.00012242253093922926,1,0,0,0,0,0,0,0,0,0,1,0,0,0,1,0,0,0,0
Resident Evil: Retribution,2012,95.0,59,5.84,557.4414000633512,511.8298075571858,5.5571070596174686e-05,1,0,0,0,0,0,0,0,0,0,1,0,0,0,1,0,0,0,0
Resistance,2020,92.0,14,4.8,644.7979686465003,655.3766843999592,7.186674360272526e-05,0,0,0,0,0,0,1,0,0,0,0,0,0,1,0,0,0,0,0
Restrepo,2010,93.0,74,7.254,1848.436497019716,1227.4551016376158,0.00020026447231207917,0,0,0,0,0,1,0,0,0,0,0,0,0,0,0,0,0,1,0
Resurrecting the Champ,2007,112.0,11,6.303,315.566811384467,1758.516126596419,0.0005185234472558662,0,0,0,0,0,0,1,0,0,0,0,0,0,0,0,0,0,0,0
Resurrection,2022,108.0,21,6.1,127.3094420369338,476.7772249278521,5.218887313587833e-05,0,0,0,0,1,0,0,0,0,0,1,0,1,0,0,0,0,0,0
Retribution,2023,107.0,63,5.912,208.1872880428837,-257.3668654868595,1.4009259618041267e-05,0,0,0,0,0,0,0,0,0,0,1,0,0,0,0,0,0,0,0
Return to Me,2000,115.0,84,6.6,512.383648581384,474.66556555356766,5.1991823853967046e-05,0,0,0,1,0,0,0,0,0,0,0,0,0,1,0,0,0,0,0
Revenge,2018,123.0,17,6.49,223.9572547457852,1139.0357363460023,0.00017092823533090002,0,0,0,0,0,0,1,0,0,0,0,0,0,1,0,1,0,0,0
Revenge of the Green Dragons,2014,95.0,1,5.23,1652.9362061681454,2461.1150946580005,0.0018255304825854006,1,0,0,0,1,0,1,0,0,0,0,0,0,0,0,0,0,0,0
Revolutionary Road,2009,119.0,98,6.983,3267.6645781396624,1171.3216615032786,0.00018110573312681805,0,0,0,0,0,0,1,0,0,0,0,0,0,1,0,0,0,0,0
Richard Jewell,2020,131.0,56,7.417,251.59436281356503,1042.2975914624603,0.00014373141870115298,0,0,0,0,0,0,1,0,0,0,0,0,0,0,0,0,0,0,0
Ricki and the Flash,2015,100.0,52,5.781,415.8856702369361,641.9529317406112,7.015914892761647e-05,0,0,0,1,0,0,1,0,0,0,0,1,0,0,0,0,0,0,0
Riddick,2013,119.0,56,6.336,399.046213979154,544.7121212532635,5.894285156954874e-05,1,0,0,0,0,0,0,0,0,0,0,0,0,0,1,1,0,0,0
Ride Along,2014,99.0,91,6.258,817.0823001047006,485.30369897420616,5.299214518086064e-05,1,0,0,1,0,0,0,0,0,0,0,0,0,0,0,0,0,0,0
Ride Along 2,2016,102.0,84,6.255,656.364068627451,389.14737175136503,4.460690147927868e-05,1,0,0,1,0,0,0,0,0,0,0,0,0,0,0,0,0,0,0
Riding in Cars with Boys,2001,132.0,26,6.726,727.5418060200668,1055.3860762644713,0.00014714127980209276,0,0,0,1,0,0,1,0,0,0,0,0,0,1,0,0,0,0,0
Rings,2017,102.0,49,5.009,351.61738066095467,707.5406766682354,7.890625935498404e-05,0,0,0,0,0,0,0,0,0,0,1,0,0,0,0,0,0,0,0
Rio,2011,77.0,120,4.917,718.2136875648436,412.5710628570246,4.651849386301261e-05,0,0,0,0,1,0,0,0,0,0,0,0,0,1,0,0,0,0,0
Rio 2,2014,101.0,120,6.521,600.3245730725856,874.8448665497069,0.00010648141261164514,0,1,1,1,0,0,0,1,0,0,0,0,0,0,0,0,0,0,0
Rise of the Guardians,2013,97.0,120,7.371,518.4857723577236,1013.5635714249979,0.00013652013158199113,1,1,1,0,0,0,0,1,1,0,0,0,0,0,0,0,0,0,0
Rite Here Rite Now,2024,144.0,4,8.79,1376.6666666666667,1306.6994409831907,0.00023081065802552656,0,0,0,0,0,1,0,0,0,0,0,1,0,0,0,0,0,0,0
Rize,2005,86.0,11,6.6,484.0040962621608,1481.901998708498,0.0003159098177398106,0,0,0,0,0,1,0,0,0,0,0,0,0,0,0,0,0,0,0
Rob the Mob,2014,104.0,29,6.095,1219.205745669624,1332.644455171452,0.00024179150133474243,0,0,0,0,1,0,1,0,0,0,0,0,0,0,0,0,0,0,0
Robin Hood,2019,83.0,51,7.303,505.7620543681875,447.3032112817988,4.950478650329441e-05,0,1,1,0,0,0,0,1,0,0,0,0,0,0,0,0,0,0,0
RoboCop,2014,102.0,96,7.352,545.618245499271,465.213091134022,5.111884646542318e-05,1,0,0,0,0,0,0,0,0,0,0,0,0,0,1,1,0,0,0
Robot,2010,3.0,10,4.8,1002.5758826226504,1177.396188521303,0.0001830872785932455,0,0,0,0,0,0,0,0,0,0,0,0,0,0,1,0,0,0,0
Robot Stories,2004,85.0,4,4.848,2949.3912122816305,1670.9019498534,0.00044320508366619925,0,0,0,0,0,0,1,0,0,0,0,0,0,1,1,0,0,0,0
Robots,2005,90.0,116,6.474,1096.5773453945496,780.4101001943568,8.990911680106072e-05,0,0,1,1,0,0,0,1,0,0,0,0,0,0,1,0,0,0,0
Rock Dog,2017,90.0,49,6.2,193.61335231767129,-85.88160365969429,1.9047167378210646e-05,0,1,1,1,0,0,0,1,0,0,0,1,0,0,0,0,0,0,0
Rock of Ages,2012,123.0,63,6.202,383.6764421215641,405.9700448399569,4.5971647219944106e-05,0,0,0,1,0,0,1,0,0,0,0,1,0,1,0,0,0,0,0
Rock Star,2001,105.0,20,6.731,580.9973550476984,911.7638792874686,0.00011376187127390624,0,0,0,1,0,0,1,0,0,0,0,1,0,0,0,0,0,0,0
Rock the Kasbah,2015,100.0,35,5.371,118.49390529770278,126.85032910925668,2.7882739801194777e-05,0,0,0,1,0,0,0,0,0,0,0,1,0,0,0,0,0,1,0
Rocket Science,2007,101.0,25,6.232,824.3994211287988,1350.2167505821305,0.0002495239547509471,0,0,0,1,0,0,1,0,0,0,0,0,0,0,0,0,0,0,0
Rocketman,2019,95.0,98,5.2,513.3020466692739,47.384265846410244,2.418304570375865e-05,0,0,0,1,0,0,0,1,0,0,0,0,0,0,1,0,0,0,0
RocknRolla,2008,114.0,79,6.947,1220.7748975524291,539.7094418218394,5.841697541383617e-05,1,0,0,0,1,0,0,0,0,0,0,0,0,0,0,1,0,0,0
Rocky Balboa,2007,102.0,62,6.877,1295.2094780219782,1100.242394647993,0.0001594529877833594,0,0,0,0,0,0,1,0,0,0,0,0,0,0,0,0,0,0,0
Rogue,2008,99.0,7,6.341,217.2370778315971,1691.9587194799926,0.00046024264911916844,1,0,0,0,0,0,0,0,0,0,1,0,0,0,0,1,0,0,0
Role Models,2009,99.0,84,6.488,566.1109636608941,832.0967842203735,9.863155393914398e-05,0,0,0,1,0,0,0,0,0,0,0,0,0,0,0,0,0,0,0
Rollerball,2002,125.0,7,6.255,936.0422456920512,1272.207888295824,0.00021698089455278062,1,0,0,0,0,0,0,0,0,0,0,0,0,0,1,0,0,0,0
Rolling,2009,90.0,53,4.571,904.7086247086248,309.0444533665242,3.864400552718319e-05,0,0,0,0,0,0,1,0,0,0,0,0,0,0,0,0,0,0,0
Romeo Must Die,2000,115.0,51,6.275,987.7585656213704,456.20142602024833,5.0300231796059265e-05,1,0,0,0,1,0,0,0,0,0,0,0,0,0,0,1,0,0,0
Ronin,1998,122.0,34,6.962,947.6101325944984,924.3047591193563,0.00011634654961742705,1,0,0,0,1,0,0,0,0,0,0,0,0,0,0,1,0,0,0
Roofman,2025,126.0,32,7.4,252.0606060606061,756.1912780016722,8.609174941293695e-05,0,0,0,1,1,0,1,0,0,0,0,0,0,0,0,0,0,0,0
Room,2015,83.0,1,3.3,11555.90717299578,2792.3954437503753,0.003304643263283136,0,0,0,0,0,1,1,0,0,0,1,0,0,0,0,0,0,0,0
Rosewater,2015,103.0,49,6.415,347.07612322495544,405.2043979674254,4.5908636415658706e-05,0,0,0,0,0,0,1,0,0,0,0,0,0,0,0,0,0,0,0
Rough Night,2017,101.0,77,5.681,242.2263544968564,788.2688678575254,9.118383171655194e-05,0,0,0,1,0,0,1,0,0,0,0,0,0,0,0,0,0,0,0
Rounders,1998,121.0,21,7.008,864.6590709903593,1732.1631866928983,0.0004946133811183753,0,0,0,0,1,0,1,0,0,0,0,0,0,0,0,0,0,0,0
Rugrats Go Wild,2003,81.0,20,6.3,926.4970108695652,890.6517780331553,0.00010953970113806027,0,1,1,1,0,0,0,1,0,0,0,0,0,0,0,0,0,0,0
Rule Breakers,2025,10.0,32,0.0,103.1875,550.1510077263742,5.95199538928959e-05,0,0,0,0,0,0,0,0,0,0,0,0,0,0,0,1,0,0,0
Rules of Engagement,2000,128.0,49,6.259,776.687734651433,870.7252564169667,0.00010569848316159311,0,0,0,0,0,0,1,0,0,0,0,0,0,0,0,0,0,1,0
Run All Night,2015,114.0,56,6.426,282.2471368294153,626.8826584789974,6.829040173804715e-05,1,0,0,0,1,0,0,0,0,0,0,0,0,0,0,1,0,0,0
Run Fatboy Run,2008,100.0,10,6.204,571.0469112865769,1682.2221487207667,0.00045228462739894666,0,0,0,1,0,0,0,0,0,0,0,0,0,1,0,0,0,0,0
Run the Race,2019,94.0,70,7.0,186.6738365271803,49.27515325463105,2.4265101010685265e-05,0,0,0,0,0,0,1,0,0,0,0,0,0,0,0,0,0,0,0
Runaway Bride,1999,116.0,84,6.122,1172.86413299497,580.3254329829686,6.282582970788373e-05,0,0,0,1,0,0,0,0,0,0,0,0,0,1,0,0,0,0,0
Runaway Jury,2004,127.0,95,6.92,877.5413744740532,762.0957355749941,8.70071994340069e-05,0,0,0,0,0,0,1,0,0,0,0,0,0,0,0,1,0,0,0
Runner Runner,2013,88.0,66,5.641,193.86948888021848,437.8723703452463,4.867545448019636e-05,0,0,0,0,1,0,1,0,0,0,0,0,0,0,0,1,0,0,0
Running for Grace,2018,110.0,64,6.5,608.804826331708,72.26877938923246,2.5285474149601027e-05,0,0,0,0,0,0,0,1,0,0,0,0,0,1,0,0,0,0,0
Running Scared,2006,122.0,7,7.0,630.7908163265306,1403.7178226128522,0.00027462241342962563,1,0,0,0,1,0,1,0,0,0,0,0,0,0,0,1,0,0,0
Running The Bases,2022,127.0,70,8.3,77.78788618282981,9.464683860551304,2.2594858839568162e-05,0,0,0,0,0,0,1,0,0,0,0,0,0,0,0,0,0,0,0
Running With Scissors,2006,116.0,16,5.746,1327.8003747795417,1263.8089408351211,0.00021374065200550804,0,0,0,1,0,0,1,0,0,0,0,0,0,0,0,0,0,0,0
Rush,2013,120.0,63,6.634,1472.3943047891546,603.4611503085041,6.54843887172228e-05,0,0,0,0,1,0,1,0,0,0,0,0,0,0,0,0,0,0,0
Rush Hour,1998,97.0,56,7.058,1737.677161708531,609.9035571994018,6.62445201219247e-05,1,0,0,1,1,0,0,0,0,0,0,0,0,0,0,0,0,0,0
Rush Hour 2,2001,90.0,70,6.8,1933.899169153828,486.21462005908086,5.3078689964732174e-05,1,0,0,1,1,0,0,0,0,0,0,0,0,0,0,0,0,0,0
Rush Hour 3,2007,90.0,43,6.483,1372.0326680801893,548.7847817957772,5.937445891444927e-05,1,0,0,1,1,0,0,0,0,0,0,0,0,0,0,0,0,0,0
S.W.A.T.,2003,117.0,42,6.2,1498.8196169772257,746.439071360596,8.460077359983505e-05,1,0,0,0,1,0,0,0,0,0,0,0,0,0,0,1,0,0,0
S1m0ne,2002,117.0,11,5.97,639.179405225125,1330.336933944281,0.0002407940684808672,0,0,0,1,0,0,1,0,0,0,0,0,0,1,1,0,0,0,0
Sabotage,2014,77.0,49,6.707,199.37783985584096,110.44072621561679,2.7075021206625666e-05,0,0,0,0,1,0,1,0,0,0,0,0,0,0,0,1,0,0,0
Safe,2012,119.0,56,6.955,285.4528061224491,655.834220076958,7.19256720734978e-05,0,0,0,0,0,0,1,0,0,0,0,0,0,0,0,0,0,0,0
Safe Haven,2013,115.0,106,7.2,386.50392744351774,814.0628034837705,9.549606402591793e-05,0,0,0,0,0,0,0,0,0,0,0,0,0,1,0,1,0,0,0
Safe House,2012,112.0,98,6.2,710.1488548925669,17.358449487456028,2.2916641318341777e-05,0,0,0,0,0,0,0,0,0,0,0,0,0,0,0,1,0,0,0
Safer at Home,2021,82.0,35,5.336,174.49960449296,-359.9266196542592,1.1657995565755207e-05,0,0,0,0,1,0,1,0,0,0,1,0,0,0,0,1,0,0,0
Safety Not Guaranteed,2012,86.0,120,6.781,628.5106344367016,948.8007546539327,0.00012156578176166002,0,0,0,1,0,0,0,0,0,0,0,0,0,1,1,0,0,0,0
Sahara,2005,124.0,88,5.909,888.0437653272967,235.21677918446653,3.385667794808947e-05,1,1,0,1,0,0,1,0,0,0,0,0,1,0,0,0,0,0,0
Saint John of Las Vegas,2010,84.0,18,5.575,439.14718019257225,1109.3532563957629,0.00016207681541734298,0,0,0,1,0,0,0,0,0,0,0,0,0,0,0,0,0,0,0
Saints and Sinners,2004,100.0,3,3.75,1196.8784189165344,1341.5053059807276,0.0002456601752496041,0,0,0,0,1,0,1,0,0,0,0,0,0,0,0,0,0,0,0
Saints and Soldiers,2004,90.0,67,6.3,1211.2387506617258,773.2427387982906,8.876209369188535e-05,1,1,0,0,0,0,1,0,0,1,0,0,0,0,0,0,0,1,0
Salinger,2013,125.0,42,6.343,1303.977220204688,788.160885423806,9.11661947784016e-05,0,0,0,0,0,1,0,0,0,0,0,0,0,0,0,0,0,0,0
Salmon Fishing in the Yemen,2012,107.0,90,6.423,843.4065524583818,732.3242209422391,8.248842414533311e-05,0,0,0,1,0,0,1,0,0,0,0,0,0,1,0,0,0,0,0
Salt,2010,100.0,94,6.416,910.6666011659132,621.9484689459418,6.768943316633163e-05,1,0,0,0,0,0,0,0,0,0,0,0,1,0,0,1,0,0,0
Same Kind of Different as Me,2018,119.0,105,6.755,142.93003827397953,457.561226915151,5.0422910343313325e-05,0,0,0,0,0,0,1,0,0,0,0,0,0,0,0,0,0,0,0
San Andreas,2015,114.0,120,6.244,689.5779544582766,1297.7284370182208,0.00022713101137809372,1,0,0,0,0,0,1,0,0,0,0,0,0,0,0,1,0,0,0
Sanctuary,2023,104.0,35,4.3,1116.8665900886117,156.17614834908807,2.9386704016048766e-05,1,0,0,0,0,0,0,0,0,0,0,0,0,0,0,0,0,0,0
Sanctum,2011,108.0,28,6.037,511.9576954837069,918.3755888700448,0.00011511730794254866,1,0,0,0,0,0,0,0,0,0,0,0,0,0,0,1,0,0,0
Sarah Palin: You Betcha!,2011,91.0,14,5.4,196.76916236275952,573.6155268708476,6.207517296469955e-05,0,0,0,0,0,1,0,0,0,0,0,0,0,0,0,0,0,0,0
SAS: Red Notice,2021,120.0,10,5.8,95.20561092654118,554.11477023638,5.994409197760502e-05,1,0,0,0,0,0,1,0,0,0,0,0,0,0,0,1,0,0,0
Saturday Night,2024,90.0,56,5.375,1553.4,-126.00591190462887,1.7726123104255975e-05,0,0,0,1,0,0,0,0,0,0,0,0,0,1,0,0,0,0,0
Sausage Party,2016,89.0,84,5.748,579.0193137254903,802.6128237241237,9.355724166667991e-05,0,1,1,1,0,0,0,0,1,0,0,0,0,0,0,0,0,0,0
Savages,2012,131.0,63,6.342,537.5494994745866,677.1532297310914,7.47257148726529e-05,0,0,0,0,1,0,1,0,0,0,0,0,0,0,0,1,0,0,0
Save the Last Dance,2001,113.0,77,6.541,975.0998160324948,145.5254506302656,2.883132858866984e-05,0,0,0,0,0,0,1,1,0,0,0,1,0,1,0,0,0,0,0
Saved!,2004,92.0,25,6.436,1548.2232662784545,1170.893712759129,0.00018096694518331293,0,0,0,1,0,0,0,0,0,0,0,0,0,0,0,0,0,0,0
Saving Face,2005,97.0,102,7.3,2543.4254992319507,2505.3124997312284,0.0019759437994422142,0,0,0,1,0,0,1,0,0,0,0,0,0,1,0,0,0,0,0
Saving Grace,2000,93.0,61,6.529,959.323642566783,505.6852561856316,5.496273229911668e-05,0,0,0,1,1,0,0,0,0,0,0,0,0,0,0,0,0,0,0
Saving Silverman,2001,90.0,28,5.659,445.0388534860585,859.6626897191325,0.00010362441663494786,0,0,0,1,1,0,0,0,0,0,0,0,0,1,0,0,0,0,0
Saw,2004,103.0,26,7.418,1400.8333672679887,913.766435704395,0.00011417071276116325,0,0,0,0,1,0,0,0,0,0,1,0,1,0,0,0,0,0,0
Saw 3D,2010,90.0,35,5.982,722.8501997772975,717.6487750563367,8.034808629901056e-05,0,0,0,0,1,0,0,0,0,0,1,0,0,0,0,0,0,0,0
Saw II,2006,93.0,67,6.605,1715.8968450903935,578.9947819533045,6.267624777710112e-05,0,0,0,0,0,0,0,0,0,0,1,0,0,0,0,0,0,0,0
Saw III,2006,108.0,26,6.42,1474.5921092796093,859.5160478213674,0.00010359719856188665,0,0,0,0,1,0,0,0,0,0,1,0,0,0,0,1,0,0,0
Saw IV,2007,93.0,26,6.2,1172.1384838027384,844.7005023915349,0.00010088382608111881,0,0,0,0,1,0,0,0,0,0,1,0,0,0,0,1,0,0,0
Saw V,2008,95.0,32,6.2,975.9573021033772,660.2073419522626,7.249135361439437e-05,0,0,0,0,1,0,0,0,0,0,1,0,0,0,0,1,0,0,0
Saw VI,2009,90.0,33,6.3,557.5856195086965,847.4903897283602,0.000101389287686922,0,0,0,0,0,0,0,0,0,0,1,0,0,0,0,1,0,0,0
Saw X,2023,118.0,49,7.194,394.7402810514067,533.4456752480351,5.776514509371316e-05,0,0,0,0,0,0,0,0,0,0,1,0,1,0,0,0,0,0,0
Say It Isn't So,2001,95.0,13,4.7,361.7792207792208,1065.3383337805592,0.0001497881189627494,0,0,0,1,0,0,0,0,0,0,0,0,0,1,0,0,0,0,0
Scary Movie,2000,88.0,98,5.2,1422.5344912540036,-152.72319817802122,1.6897706483807898e-05,0,0,0,1,0,0,0,0,0,0,1,0,0,0,0,1,0,0,0
Scary Movie 2,2001,82.0,41,5.809,1116.8261810653114,913.5976181713202,0.00011413619037227114,0,0,0,1,0,0,0,0,0,0,0,0,0,0,0,0,0,0,0
Scary Movie 3,2004,84.0,116,5.967,1550.613664596273,1147.363708656986,0.00017349739401507566,0,0,0,1,0,0,0,0,0,0,0,0,0,0,0,0,0,0,0
Scary Movie 5,2013,88.0,105,4.805,291.9590875163277,870.1326968402195,0.0001055863421321852,0,0,0,1,0,0,0,0,0,0,0,0,0,0,0,0,0,0,0
School for Scoundrels,2006,100.0,37,5.476,521.2785218253969,679.13262690994,7.499115555394206e-05,0,0,0,1,0,0,0,0,0,0,0,0,0,1,0,0,0,0,0
School of Rock,2004,110.0,109,7.1,1132.0941145281015,976.2445664609929,0.0001276916743852035,0,0,0,1,0,0,0,0,0,0,0,1,0,0,0,0,0,0,0
Scooby-Doo,2002,87.0,101,6.093,2281.874826292385,660.3016424416226,7.250360065297185e-05,0,1,0,1,0,0,0,0,0,0,0,0,1,0,0,0,0,0,0
Scott Pilgrim vs. The World,2010,113.0,56,7.487,474.10263968035633,861.5800211751795,0.00010398094952246343,1,0,0,1,0,0,0,0,0,0,0,0,0,1,0,0,0,0,0
Scrambled,2024,10.0,28,7.0,12.5,-37.48383355496617,2.0772261118267705e-05,0,0,0,0,0,0,0,0,0,0,1,0,0,0,0,1,0,0,0
Scream,2022,112.0,77,7.4,392.946571706394,573.1080947910189,6.201877119521296e-05,0,0,0,0,1,0,0,0,0,0,1,0,1,0,0,0,0,0,0
Scream 2,1998,120.0,35,6.505,1885.0457240478345,1301.2385843818615,0.0002285637342386411,0,0,0,0,0,0,0,0,0,0,1,0,1,0,0,0,0,0,0
Scream 3,2000,116.0,48,5.999,1110.852525424209,914.3056056540993,0.00011428104041724553,0,0,0,0,0,0,0,0,0,0,1,0,1,0,0,0,0,0,0
Scream VI,2023,123.0,56,7.0,648.0049463172207,651.6012372316995,7.138232279091352e-05,0,0,0,0,1,0,0,0,0,0,1,0,0,0,0,1,0,0,0
Screen Door Jesus,2006,119.0,95,0.0,580.1638504864311,313.0218771960939,3.892033447701581e-05,0,0,0,1,0,0,1,0,0,0,0,0,0,0,0,0,0,0,0
Screwball,2019,105.0,28,6.242,104.51403244129096,1247.7679972927365,0.00020768604000823834,0,0,0,0,0,1,0,0,0,1,0,0,0,0,0,0,0,0,0
Screwed,2000,81.0,21,5.5,405.4437384709982,795.6840345484957,9.240316011615871e-05,1,0,0,1,0,0,0,0,0,0,0,0,0,0,0,0,0,0,0
Seabiscuit,2003,141.0,56,7.053,1510.0184394409937,812.0620332238367,9.515440029675838e-05,0,0,0,0,0,0,1,0,0,1,0,0,0,0,0,0,0,0,0
Search Party,2016,93.0,7,5.335,85.1434523809524,1181.521879122364,0.00018444545114761215,0,0,0,1,0,0,0,0,0,0,0,0,0,0,0,0,0,0,0
Searching,2018,1.0,80,7.0,1203.884508164078,367.9443742941238,4.2944362925113194e-05,0,0,0,0,0,1,0,0,0,0,0,0,0,0,0,0,0,0,0
Season of the Witch,2011,95.0,77,5.517,256.34937317018245,569.5971212867921,6.162992316226437e-05,1,1,0,0,0,0,0,0,1,0,0,0,0,0,0,0,0,0,0
Second Act,2019,103.0,63,6.327,374.1326733799853,237.4510895054209,3.39924628601644e-05,0,0,0,1,0,0,0,0,0,0,0,0,0,1,0,0,0,0,0
Secondhand Lions,2003,111.0,28,7.183,750.1793478260869,808.9018730395184,9.461724050003169e-05,0,0,0,1,0,0,0,1,0,0,0,0,0,0,0,0,0,0,0
Secret in Their Eyes,2016,111.0,56,6.4,284.80242801095574,5.862122487008378,2.2449508976126224e-05,0,0,0,0,1,0,0,0,0,0,0,0,1,0,0,1,0,0,0
Secret Window,2004,96.0,21,6.565,1116.081827119413,1264.450573932749,0.00021398647231065532,0,0,0,0,0,0,0,0,0,0,0,0,1,0,0,1,0,0,0
See For Me,2022,92.0,7,5.996,140.69647127727077,667.1737808521507,7.340169449294153e-05,0,0,0,0,1,0,0,0,0,0,1,0,0,0,0,1,0,0,0
See How They Run,2022,100.0,49,4.0,131.2905182571833,448.615702221667,4.96213193647346e-05,0,0,0,0,1,0,1,0,0,0,0,0,0,0,0,0,1,0,0
See No Evil,2006,84.0,21,5.458,767.4178004535147,836.3459324695152,9.938519745850408e-05,0,0,0,0,0,0,0,0,0,0,1,0,0,0,0,1,0,0,0
See Spot Run,2001,94.0,40,5.981,636.5720445562343,261.532956842084,3.549100354783155e-05,1,0,0,1,1,0,0,1,0,0,0,0,0,0,0,0,0,0,0
Seeking Mavis Beacon,2024,102.0,21,2.0,918.2,1069.441361666023,0.00015089314658440939,0,0,0,0,0,1,0,0,0,0,0,0,0,0,0,0,0,0,0
Self Medicated,2007,107.0,4,5.5,1176.9585142305837,1551.784281940476,0.00035803988525011295,0,0,0,0,0,0,1,0,0,0,0,0,0,0,0,0,0,0,0
Selma,2015,127.0,113,7.386,1736.0933967788085,1285.9937228068184,0.00022240617903632174,0,0,0,0,0,0,1,0,0,1,0,0,0,0,0,0,0,0,0
Semi-Pro,2008,91.0,22,5.626,724.348583372039,1070.192142177632,0.00015109622737166767,0,0,0,1,0,0,0,0,0,0,0,0,0,0,0,0,0,0,0
Senna,2011,106.0,25,8.112,1450.182303245887,1627.2153218915523,0.00040984214699142706,0,0,0,0,0,1,0,0,0,0,0,0,0,0,0,0,0,0,0
Senseless,1998,93.0,14,6.199,714.6056091148117,1324.2591374338795,0.00023818656993545212,0,0,0,1,0,0,0,0,0,0,0,0,0,1,0,0,0,0,0
Seoul Searching,2016,105.0,3,6.953,3897.719444444445,1828.646391187654,0.0005879354065411868,0,0,0,1,0,0,1,0,0,0,0,0,0,0,0,0,0,0,0
Separation,2021,81.0,35,5.1,104.15176923482572,-257.3737887084487,1.4009085871979486e-05,0,0,0,0,0,0,0,0,0,0,0,0,0,0,0,1,0,0,0
September 5,2025,94.0,63,7.002,894.6140350877193,647.9159934907399,7.091262515731407e-05,0,0,0,0,0,0,1,0,0,1,0,0,0,0,0,1,0,0,0
Sequins,2005,18.0,102,6.0,713.1848438300051,158.82111529041015,2.952627484880437e-05,0,0,0,1,0,0,0,0,0,0,0,0,0,0,0,0,0,0,0
Seraphim Falls,2007,115.0,25,6.414,752.6796912686927,669.6692869547296,7.373056890145058e-05,1,0,0,0,0,0,1,0,0,0,0,0,0,0,0,0,0,0,1
Serendipity,2001,90.0,35,7.0,895.2956360409777,1302.0922392608597,0.00022891353118167666,0,0,0,1,0,0,0,0,0,0,0,0,0,1,0,0,0,0,0
Serenity,2005,119.0,28,7.365,718.9086387243069,1023.9390708069427,0.0001390813243381629,1,1,0,0,0,0,0,0,0,0,0,0,0,0,1,1,0,0,0
Served Like a Girl,2017,103.0,28,5.6,112.73618931048551,1253.4667149969487,0.00020981710835347422,0,0,0,0,0,1,0,0,0,0,0,0,0,0,0,0,0,0,0
Serving Sara,2002,100.0,38,5.358,500.5709190290902,562.2740028212415,6.082669974629579e-05,0,0,0,1,0,0,0,0,0,0,0,0,0,0,0,0,0,0,0
Settlers,2021,104.0,14,4.9,200.8759162579761,364.5881874390627,4.268694330573729e-05,0,0,0,0,0,0,1,0,0,0,0,0,0,0,1,1,0,0,0
Seven Days in Utopia,2011,98.0,39,5.56,394.1869589098423,758.1601494825393,8.639593544110731e-05,0,0,0,0,0,0,1,0,0,0,0,0,0,0,0,0,0,0,0
Seven Pounds,2009,123.0,32,7.603,1224.6796029657153,1288.3940983771836,0.0002233645957358103,0,0,0,0,0,0,1,0,0,0,0,0,0,0,0,0,0,0,0
Seven Psychopaths,2012,110.0,70,6.822,368.909134640387,780.9033455502305,8.998859588799692e-05,0,0,0,1,1,0,0,0,0,0,0,0,0,0,0,0,0,0,0
Seven Years in Tibet,1997,136.0,35,7.2,1650.7526825891312,1142.1045381577037,0.0001718704963079767,0,1,0,0,0,0,1,0,0,1,0,0,0,0,0,0,0,0,0
Seventh Son,2015,102.0,42,5.519,322.0246132208157,811.8183482062763,9.511287075282569e-05,0,1,0,0,0,0,0,0,1,0,0,0,0,0,0,0,0,0,0
Severance,2007,96.0,11,6.3,508.8326097443319,1272.4986937447334,0.00021709396039180386,0,0,0,1,0,0,0,0,0,0,1,0,0,0,0,1,0,0,0
Sex and the City,2008,146.0,112,6.6,877.3737511725545,977.7768046424181,0.00012804265189177594,0,0,0,1,0,0,1,0,0,0,0,0,0,1,0,0,0,0,0
Sex and the City 2,2010,147.0,85,6.084,729.5590352196027,490.88690036323203,5.352482066720433e-05,0,0,0,1,0,0,1,0,0,0,0,0,0,1,0,0,0,0,0
Sex Drive,2008,109.0,49,6.395,261.1967796872581,887.4322320300703,0.00010890974743243726,0,1,0,1,0,0,0,0,0,0,0,0,0,1,0,0,0,0,0
Sex Tape,2014,94.0,38,5.41,566.9486421197448,987.3664621332169,0.0001302612963488777,0,0,0,1,0,0,0,0,0,0,0,0,0,0,0,0,0,0,0
Shadow Force,2025,80.0,21,0.0,73.52631578947368,17.912071157710898,2.2939380439282723e-05,1,0,0,0,1,0,0,0,0,0,0,0,0,0,0,0,0,0,0
Shadow in the Cloud,2021,83.0,35,5.8,73.56168742612964,261.92449139291955,3.551590558827817e-05,1,0,0,0,0,0,0,0,0,0,1,0,0,0,0,0,0,1,0
Shadow of the Vampire,2001,95.0,70,6.651,455.4049202829691,616.73985591895,6.70607777716648e-05,0,0,0,0,0,0,1,0,0,0,1,0,0,0,0,0,0,0,0
Shadowboxer,2006,93.0,18,5.033,676.1483134920635,165.08409987481377,2.985941181057957e-05,1,0,0,0,1,0,1,0,0,0,0,0,0,0,0,1,0,0,0
Shaft,2019,99.0,63,6.015,504.2460420921509,539.4154264244276,5.8386215223241565e-05,1,1,0,0,1,0,0,0,0,0,0,0,0,0,0,1,0,0,0
Shakespeare in Love,1999,123.0,120,6.844,1547.6386060337738,1469.057400232938,0.0003087237559639611,0,0,0,1,0,0,0,0,0,1,0,0,0,1,0,0,0,0,0
Shall We Dance?,2005,106.0,95,6.415,2238.214319383308,966.2079748547508,0.00012541634274370572,0,0,0,1,0,0,1,0,0,0,0,0,0,1,0,0,0,0,0
Shallow Hal,2001,114.0,41,6.164,1082.0141576345184,848.5076739268999,0.00010157422493889016,0,0,0,1,0,0,1,0,1,0,0,0,0,1,0,0,0,0,0
Shanghai,2015,105.0,14,6.1,74.52380952380953,1005.0624500427917,0.00013445682183087858,0,0,0,0,0,0,1,0,0,0,0,0,1,0,0,1,0,0,0
Shanghai Red,2010,87.0,46,0.0,424.6293706293706,171.01771580462173,3.0178495895168128e-05,0,0,0,0,0,0,1,0,0,0,0,0,0,0,0,0,0,0,0
Shark Night 3D,2011,91.0,84,5.1,208.41151622943528,548.9080725581885,5.9387574038740186e-05,0,0,0,0,0,0,0,0,0,0,1,0,0,0,0,1,0,0,0
Shattered Glass,2004,94.0,81,7.0,209.2336956521739,635.7345859395688,6.938194185673776e-05,0,0,0,0,0,0,1,0,0,1,0,0,0,0,0,0,0,0,0
Shazam!,2019,132.0,112,6.985,501.16224419518176,1091.702554049329,0.00015703218774526227,1,0,0,1,0,0,0,0,1,0,0,0,0,0,0,0,0,0,0
Shazam! Fury of the Gods,2023,130.0,49,6.446,407.76413425440455,609.8043059689204,6.623274293693456e-05,1,0,0,1,0,0,0,0,1,0,0,0,0,0,0,0,0,0,0
She Came to Me,2023,102.0,3,6.1,324.09419100754843,729.933717388837,8.213593392233468e-05,0,0,0,1,0,0,1,0,0,0,0,0,0,1,0,0,0,0,0
She Will,2022,95.0,7,5.141,85.70110791156229,755.9292098115768,8.605134133913077e-05,0,0,0,0,0,0,1,0,0,0,1,0,0,0,0,1,0,0,0
She's All That,1999,95.0,49,6.316,978.4461131391332,1018.3327236395501,0.00013769148687774134,0,0,0,1,0,0,0,0,0,0,0,0,0,1,0,0,0,0,0
She's Funny That Way,2015,93.0,1,5.945,685.4303797468355,1594.7015640901486,0.0003866526356283738,0,0,0,1,0,0,0,0,0,0,0,0,0,1,0,0,0,0,0
She's Out of My League,2010,104.0,70,6.481,356.1151503242288,629.4494220420775,6.860513209270654e-05,0,0,0,1,0,0,0,0,0,0,0,0,0,1,0,0,0,0,0
She's So Lovely,1997,100.0,23,5.8,2044.611133685493,1405.8448762824976,0.00027567083599315263,0,0,0,0,0,0,1,0,0,0,0,0,0,1,0,1,0,0,0
Shelby Oaks,2025,91.0,17,5.8,142.25,435.9565620992709,4.8508687038812726e-05,0,0,0,0,0,0,0,0,0,0,1,0,1,0,0,1,0,0,0
Shem,2006,94.0,42,4.333,717.0528083028083,537.8003342571135,5.821753127264753e-05,0,0,0,0,0,0,1,0,0,0,0,0,0,0,0,0,0,0,0
Sherlock Gnomes,2018,86.0,84,5.7,303.2000151713413,-84.83818888237397,1.9082803265665028e-05,0,1,1,1,0,0,0,1,1,0,0,0,1,0,0,0,0,0,0
Sherlock Holmes,2010,129.0,120,7.215,899.3946775446776,1083.4286137496056,0.00015472182202947468,1,1,0,0,1,0,0,0,0,0,0,0,1,0,0,0,0,0,0
Shiloh 2: Shiloh Season,1999,96.0,14,6.0,217.93517406962783,1235.6026030495573,0.00020320886565475276,0,0,0,0,0,0,1,1,0,0,0,0,0,0,0,0,0,0,0
Shine,2018,105.0,34,7.355,256.3814928599875,1474.9729820004814,0.00031201276408417605,0,0,0,0,0,0,1,0,0,0,0,0,0,0,0,0,0,0,0
Shine a Light,2008,122.0,77,6.865,607.9843890433765,664.3433458647789,7.303045604767605e-05,0,0,0,0,0,1,0,0,0,0,0,1,0,0,0,0,0,0,0
Shoot 'Em Up,2007,86.0,14,6.484,582.1700778719592,1281.3148091496876,0.0002205497972236056,1,0,0,1,1,0,0,0,0,0,0,0,0,0,0,1,0,0,0
Shooter,2007,124.0,84,7.123,457.100934922932,618.7963751617153,6.730828953263341e-05,1,0,0,0,0,0,1,0,0,0,0,0,0,0,0,1,0,0,0
Short Term 12,2013,22.0,112,6.667,724.0643776824035,756.1564714225818,8.608638152325998e-05,0,0,0,0,0,0,1,0,0,0,0,0,0,0,0,0,0,0,0
Shortbus,2007,101.0,102,6.3,184.23941798941803,988.2775029645475,0.00013047406220080513,0,0,0,1,0,0,1,0,0,0,0,0,0,1,0,0,0,0,0
Shortcut,2020,80.0,10,5.3,112.71870170015455,1591.903437981831,0.0003847193568147458,0,1,0,0,0,0,0,0,1,0,1,0,0,0,0,0,0,0,0
Shorts,2009,89.0,119,5.8,165.63843999138118,589.4623678710125,6.386262285208151e-05,0,1,0,1,0,0,0,1,1,0,0,0,0,0,1,0,0,0,0
Shoshana,2025,121.0,7,6.6,86.0,1409.4022571763362,0.0002774332177597027,0,0,0,0,0,0,0,0,0,1,0,0,0,1,0,1,0,0,0
Shotgun Stories,2008,92.0,19,6.9,300.46792088760253,1591.4958903534775,0.00038443858201320556,0,0,0,0,0,0,1,0,0,0,0,0,0,0,0,1,0,0,0
Show Dogs,2018,90.0,70,5.958,197.10968879786083,268.6589505720535,3.594697002685523e-05,0,1,0,1,1,0,0,1,0,0,0,0,0,0,0,0,0,0,0
Show Me the Father,2021,91.0,28,7.3,91.40101777144967,595.513968445438,6.455871614145424e-05,0,0,0,0,0,1,0,0,0,0,0,0,0,0,0,0,0,0,0
Showing Up,2023,83.0,49,9.2,1053.6057324143967,985.6911191744111,0.00012987093948201196,0,0,0,0,0,1,0,0,0,0,0,0,0,0,0,0,0,0,0
Showtime,2002,95.0,23,5.528,969.099499722068,1063.5393896469718,0.0001493061826056691,1,0,0,1,0,0,0,0,0,0,0,0,0,0,0,0,0,0,0
Shrek Forever After,2010,93.0,112,6.39,973.5505502063274,806.6009799913008,9.422804642629184e-05,0,1,1,1,0,0,0,1,1,0,0,0,0,0,0,0,0,0,0
Shrek the Third,2007,93.0,84,6.3,1579.628160381374,440.4312392806973,4.889909375837201e-05,0,1,1,1,0,0,0,1,1,0,0,0,0,0,0,0,0,0,0
Shrink,2009,104.0,77,6.175,423.76617748448734,17.159229215899245,2.2908464181836494e-05,0,0,0,1,0,0,1,0,0,0,0,0,0,0,0,0,0,0,0
Shut In,2017,91.0,53,5.3,177.5389150943396,603.4655470177138,6.548490449363641e-05,0,0,0,0,0,0,1,0,0,0,0,0,0,0,0,1,0,0,0
Shut Up and Play the Hits,2012,108.0,1,7.0,2939.146341463415,1915.815226596061,0.0006873007323908027,0,0,0,0,0,1,0,0,0,0,0,1,0,0,0,0,0,0,0
Shutter,2008,85.0,67,5.557,307.92992336274966,0.906012543576594,2.2251075230879348e-05,0,0,0,0,0,0,0,0,0,0,1,0,1,0,0,1,0,0,0
Shutter Island,2010,138.0,112,8.201,677.5311128577978,1064.8586868387306,0.00014965946987094685,0,0,0,0,0,0,1,0,0,0,0,0,1,0,0,1,0,0,0
Sicario: Day of the Soldado,2018,122.0,80,6.939,442.6687574671445,548.5292590936705,5.934728676411394e-05,1,0,0,0,1,0,0,0,0,0,0,0,0,0,0,1,0,0,0
Sicko,2007,123.0,74,7.356,1707.626442539612,729.7563503640321,8.210984048256729e-05,0,0,0,1,0,1,1,0,0,0,0,0,0,0,0,0,0,0,0
Side Effects,2013,90.0,98,5.625,354.3147937286503,-218.88095639672702,1.5009186335608306e-05,0,0,0,1,0,0,1,0,0,0,0,0,0,1,0,0,0,0,0
Sight,2024,85.0,46,4.0,139.375,-116.93662533929432,1.8016467770985512e-05,0,0,0,0,0,0,0,0,0,0,1,0,1,0,0,1,0,0,0
Silence,2017,161.0,63,7.122,2523.417592592593,831.3800208213188,9.850499082505699e-05,0,0,0,0,0,0,1,0,0,1,0,0,0,0,0,0,0,0,0
Silent Hill,2006,125.0,39,6.6,885.0773125342091,754.8065891278719,8.587845992532385e-05,0,0,0,0,0,0,0,0,0,0,1,0,1,0,0,0,0,0,0
Silent Hill: Revelation 3D,2012,94.0,52,5.538,234.3987034307156,-101.84382887364939,1.8510230066227897e-05,0,0,0,0,0,0,0,0,0,0,1,0,1,0,0,1,0,0,0
Silent House,2012,86.0,56,5.4,244.71451581092631,92.2890324855075,2.6208780977780425e-05,0,0,0,0,0,0,1,0,0,0,1,0,1,0,0,0,0,0,0
Silent Night,2024,100.0,35,5.833,169.5356744338694,350.9821710270348,4.165907300645139e-05,0,0,0,0,0,0,1,0,0,0,0,0,0,0,0,0,0,1,0
Silver Linings Playbook,2013,122.0,120,7.148,1705.5397768863645,1615.5973982994287,0.00040140048697104384,0,0,0,1,0,0,1,0,0,0,0,0,0,1,0,0,0,0,0
Simply Irresistible,1999,95.0,14,5.433,394.6720116618076,1092.8216119342298,0.00015734730404261678,0,0,0,1,0,0,0,0,0,0,0,0,0,1,0,0,0,0,0
Sin City,2005,124.0,95,7.461,1018.0194835033544,879.3366819822711,0.0001073416898600525,0,0,0,0,1,0,0,0,0,0,0,0,0,0,0,1,0,0,0
Sin City: A Dame to Kill For,2014,102.0,49,6.4,234.66404731727928,721.7720848791463,8.094377683970128e-05,1,0,0,0,1,0,0,0,0,0,0,0,0,0,0,1,0,0,0
Sing,2017,98.0,120,4.8,896.1672865013775,608.3599065035271,6.606158676757092e-05,0,0,0,0,0,0,1,0,0,0,0,0,0,0,0,0,0,0,0
Sing 2,2022,109.0,120,7.837,449.4536729420451,844.8262899781172,0.00010090656147634815,0,0,1,1,0,0,0,1,0,0,0,1,0,0,0,0,0,0,0
Sing Street,2016,105.0,105,7.859,542.0395226537217,955.8358951160585,0.00012310754577380642,0,0,0,1,0,0,1,0,0,0,0,1,0,1,0,0,0,0,0
Sinister,2013,110.0,84,6.869,393.5755277720845,308.7891953571884,3.8626338785093396e-05,0,0,0,0,0,0,0,0,0,0,1,0,1,0,0,1,0,0,0
Sinners,2025,90.0,91,7.3,1037.3516483516485,-97.67874674696634,1.864885803286209e-05,0,0,0,0,0,0,1,0,0,0,0,0,0,0,0,0,0,0,0
Sir! No Sir!,2006,85.0,53,6.7,248.41269841269843,956.1312656723262,0.00012317270276555946,0,0,0,0,0,1,0,0,0,0,0,0,0,0,0,0,0,1,0
Sisters,2016,93.0,84,6.7,568.2990757484429,92.68196140247915,2.6227235717203197e-05,0,0,0,0,0,0,0,0,0,0,1,0,1,0,0,1,0,0,0
Six Minutes to Midnight,2021,99.0,21,6.1,67.72891068572133,869.344054757321,0.00010543727730038178,0,0,0,0,0,0,1,0,0,1,0,0,0,0,0,1,0,1,0
Sixty Six,2008,93.0,32,6.6,1019.1035764050164,951.1622604260929,0.00012208114513820073,0,0,0,1,0,0,1,0,0,0,0,0,0,0,0,0,0,0,0
Skateland,2011,98.0,28,5.108,280.2347074890428,277.40270414306747,3.651446261961684e-05,0,0,0,0,0,0,1,0,0,0,0,0,0,0,0,0,0,0,0
Sketch,2025,27.0,58,0.0,135.23076923076923,-33.633577586041156,2.0916030441936648e-05,1,0,0,0,1,0,1,0,0,0,0,0,0,0,0,0,0,0,0
Sketches of Frank Gehry,2006,83.0,116,6.9,659.0699404761905,2694.111823237665,0.0027711504846252705,0,0,0,0,0,1,0,0,0,0,0,0,0,0,0,0,0,0,0
Skills Like This,2009,86.0,67,5.0,84.63403263403264,287.8742976829004,3.720589823294962e-05,0,0,0,1,0,0,0,0,0,0,0,0,0,0,0,0,0,0,0
Skinamarink,2023,100.0,14,5.441,65.74335411880539,687.6003794330283,7.613738236102811e-05,0,0,0,0,0,0,0,0,0,0,1,0,0,0,0,0,0,0,0
Skincare,2024,96.0,14,6.056,42.75,785.5340166792271,9.073819356611394e-05,0,0,0,1,0,0,1,0,0,0,0,0,1,0,0,1,0,0,0
Skinwalkers,2007,110.0,1,5.085,440.8876025084419,1603.918801136448,0.000393089975046972,1,0,0,0,0,0,0,0,1,0,1,0,0,0,0,0,0,0,0
Skyfall,2013,143.0,116,7.256,1513.6420038398635,1240.5610068764192,0.0002050219125380477,1,1,0,0,0,0,0,0,0,0,0,0,0,0,0,1,0,0,0
Skyline,2010,92.0,40,5.018,375.2842732691426,567.480033921215,6.13966303444971e-05,1,0,0,0,0,0,0,0,0,0,0,0,0,0,1,1,0,0,0
Skyscraper,2018,96.0,77,4.164,445.2936311000827,-93.16570982207111,1.88002392965858e-05,1,1,0,0,0,0,0,0,0,0,0,0,0,0,0,1,0,0,0
Slackers,2002,86.0,7,5.154,368.5013896609228,1402.5836848067981,0.0002740650288492493,0,0,0,1,0,0,0,0,0,0,0,0,0,1,0,0,0,0,0
Slamma Jamma,2017,104.0,3,6.1,1430.2733578131374,1437.5215069990415,0.0002917663369887844,0,0,0,0,0,0,1,0,0,0,0,0,0,0,0,0,0,0,0
Slaughterhouse Rulez,2019,104.0,7,5.585,81.66433878987652,1236.3041845679386,0.0002034644227725303,1,0,0,1,0,0,0,0,1,0,1,0,0,0,0,0,0,0,0
Sleeping Beauty,2011,75.0,25,6.9,297.8301467318808,841.287719370205,0.00010026893587467167,0,0,1,0,0,0,0,1,1,0,0,0,0,1,0,0,0,0,0
Sleepless,2017,95.0,56,5.918,418.9797895902547,8.850857223705702,2.257002688793409e-05,1,0,0,0,1,0,0,0,0,0,0,0,0,0,0,1,0,0,0
Sleepover,2004,89.0,5,6.062,804.1785777307217,1470.4517976239208,0.0003094958912319937,0,0,0,1,0,0,0,1,0,0,0,0,0,0,0,0,0,0,0
Sleepy Hollow,2000,105.0,63,7.2,1111.6683143845776,474.8226860810413,5.200645988591996e-05,0,0,0,0,0,0,0,0,1,0,1,0,1,0,0,1,0,0,0
Sleight,2017,89.0,35,5.41,327.7953022090109,1054.8772493898487,0.00014700721928227249,1,0,0,0,0,0,1,0,0,0,0,0,0,0,1,1,0,0,0
Slender Man,2018,93.0,80,4.298,309.0062943826385,295.66467512698796,3.7728773999501476e-05,0,0,0,0,0,0,0,0,0,0,1,0,1,0,0,1,0,0,0
Sleuth,2008,138.0,102,7.7,75.49445248432224,1880.1351805422273,0.0006447447244674148,0,0,0,0,1,0,0,0,0,0,0,0,1,0,0,1,0,0,0
Sliding Doors,1998,99.0,34,6.565,802.278527607362,1296.6003292187002,0.00022667246578454283,0,0,0,1,0,0,1,0,1,0,0,0,0,1,0,0,0,0,0
Slither,2006,95.0,7,6.533,564.4734977324263,1716.8522452981342,0.0004812314227730697,0,0,0,1,0,0,0,0,0,0,1,0,0,0,1,0,0,0,0
Slow Burn,2007,93.0,1,5.31,403.1403762662808,1091.9037100921648,0.0001570887848562918,0,0,0,0,1,0,1,0,0,0,0,0,1,0,0,1,0,0,0
Small Change,2009,18.0,6,0.0,1820.847707847708,1334.9348831136674,0.00024278563136020763,0,0,0,0,0,0,1,1,0,0,0,0,0,0,0,0,0,0,0
Small Engine Repair,2021,98.0,7,5.8,89.46158308284556,421.274022614974,4.724942541405838e-05,0,0,0,1,0,0,1,0,0,0,0,0,0,0,0,0,0,0,0
Small Things Like These,2025,99.0,91,6.7,83.0,515.4654176276349,5.593417818422654e-05,0,0,0,0,0,0,1,0,0,1,0,0,0,0,0,0,0,0,0
Smallfoot,2019,96.0,112,6.819,365.0194013596811,851.2057387341209,0.00010206635524289307,0,1,1,1,0,0,0,1,0,0,0,0,0,0,0,0,0,0,0
Smart People,2008,95.0,56,5.819,357.5792913542565,830.5359945265412,9.835616435727542e-05,0,0,0,1,0,0,1,0,0,0,0,0,0,1,0,0,0,0,0
Smile,2022,113.0,77,5.8,448.6078333464736,-44.92948244658453,2.0497036396364652e-05,0,0,0,1,0,0,0,0,0,0,0,0,0,0,0,0,0,0,0
Smile 2,2024,127.0,56,6.6,439.5892857142857,580.8485570040709,6.288473314710565e-05,0,0,0,0,0,0,0,0,0,0,1,0,1,0,0,0,0,0,0
Smokin' Aces,2007,109.0,28,6.483,907.9286403418096,971.0045988441789,0.00012649865175020985,1,0,0,1,1,0,1,0,0,0,0,0,0,0,0,0,0,0,0
Smurfs,2025,89.0,42,5.914,273.8095238095238,291.45243233542624,3.744515011074016e-05,0,0,1,0,0,0,0,1,1,0,0,0,0,0,0,0,0,0,0
Smurfs: The Lost Village,2017,89.0,119,6.35,270.2088603291174,844.8363378621879,0.00010090837779556701,0,1,1,1,0,0,0,1,0,0,0,0,0,0,0,0,0,0,0
Snake Eyes,1998,98.0,49,6.185,916.2625488008924,454.6538484564938,5.016097551563841e-05,0,0,0,0,1,0,0,0,0,0,0,0,1,0,0,1,0,0,0
Snake Eyes: G.I. Joe Origins,2021,121.0,35,6.5,324.5045615145283,836.2031675621398,9.935978294004443e-05,1,1,0,0,0,0,0,0,0,0,0,0,0,0,0,0,0,0,0
Snakes on a Plane,2006,105.0,18,5.5,860.75,1152.318440669731,0.00017504420121233115,1,1,0,0,1,0,0,0,0,0,1,0,0,0,0,1,0,0,0
Snatch,2001,103.0,94,7.815,975.5924761338208,945.8976990932692,0.00012093521344537931,0,0,0,1,1,0,0,0,0,0,0,0,0,0,0,0,0,0,0
Snatched,2017,90.0,77,5.358,329.2935902666626,355.3792155824593,4.1988512972077086e-05,1,0,0,1,0,0,0,0,0,0,0,0,0,0,0,0,0,0,0
Sneaks,2025,93.0,12,6.0,55.0,961.2675217609558,0.0001243112601329651,0,1,1,1,0,0,0,1,0,0,0,0,0,0,0,0,0,0,0
Snitch,2013,112.0,98,6.118,329.98375229920305,594.20470311026,6.440747581788181e-05,1,0,0,0,0,0,1,0,0,0,0,0,0,0,0,1,0,0,0
Snow Angels,2008,106.0,88,6.427,1004.9810895096545,497.977528332431,5.420903998940157e-05,0,0,0,0,1,0,1,0,0,0,0,0,0,1,0,0,0,0,0
Snow Cake,2007,112.0,32,7.135,776.0829715388326,1081.2215678829555,0.00015411130339994415,0,0,0,0,0,0,1,0,0,0,0,0,0,1,0,0,0,0,0
Snow Day,2000,89.0,56,5.1,787.0077816492452,267.90501983076047,3.589845293703759e-05,0,1,0,1,0,0,0,1,0,0,0,0,0,0,0,0,0,0,0
Snow Falling on Cedars,2000,127.0,53,6.0,631.4617990053164,542.288985632342,5.86875456675195e-05,0,0,0,0,0,0,1,0,0,0,0,0,0,1,0,0,0,0,0
Snow White and the Huntsman,2012,127.0,98,5.987,795.3888184985747,999.2217384130897,0.000133057322153868,0,1,0,0,0,0,1,0,1,0,0,0,0,0,0,0,0,0,0
Snowden,2016,134.0,63,7.105,306.84596354166666,262.5269256343205,3.555425521627644e-05,0,0,0,0,1,0,1,0,0,1,0,0,0,0,0,1,0,0,0
Solaris,2002,99.0,16,5.916,650.4884658143413,1319.8010163632048,0.00023629191413031988,0,0,0,0,0,0,1,0,0,0,0,0,1,0,1,0,0,0,0
Soldier,1998,99.0,14,6.402,704.3809258226436,1175.61518962516,0.0001825040706321284,1,0,0,0,0,0,1,0,1,0,0,0,0,0,1,0,0,0,0
Soldiers of Fortune,2012,94.0,12,4.891,126.44054878048782,856.1002268940629,0.00010296520991062834,1,1,0,0,0,0,0,0,0,0,0,0,0,0,0,0,0,0,0
Someone Like You,2024,118.0,27,7.349,300.68,705.688238110004,7.864484518974834e-05,0,0,0,0,0,0,1,0,0,0,0,0,0,1,0,0,0,0,0
Somersault,2006,105.0,39,6.197,468.87896825396825,840.3100892372348,0.00010009348522119656,0,0,0,0,0,0,1,0,0,0,0,0,0,1,0,0,0,0,0
Something Borrowed,2011,112.0,84,6.236,400.7850049757564,496.9153011306475,5.4105984710758664e-05,0,0,0,1,0,0,1,0,0,0,0,0,0,1,0,0,0,0,0
Something's Gotta Give,2004,128.0,67,6.643,1240.2976949025488,755.9846295653414,8.605988488275568e-05,0,0,0,1,0,0,1,0,0,0,0,0,0,1,0,0,0,0,0
Somewhere in Queens,2023,106.0,98,6.196,59.99081063340992,253.90503856775763,3.50093279073026e-05,0,0,0,1,0,0,1,0,0,0,0,0,0,0,0,0,0,0,0
Son of a Gun,2015,108.0,1,6.378,93.76793248945148,2742.9626446217303,0.0030245861454580533,1,0,0,0,1,0,1,0,0,0,0,0,0,0,0,1,0,0,0
Son of God,2014,138.0,88,6.8,358.16988493749847,367.0035300687192,4.287204396066529e-05,0,0,0,0,0,0,1,0,0,0,0,0,0,0,0,0,0,0,0
Son of the Mask,2005,94.0,14,4.21,559.5963474995733,1152.9729130677895,0.00017524954800511624,0,1,0,1,0,0,0,1,1,0,0,0,0,0,0,0,0,0,0
Songcatcher,2001,109.0,49,6.054,825.3585544889893,160.4308511896512,2.9611542415706184e-05,0,0,0,0,0,0,1,0,0,0,0,1,0,0,0,0,0,0,0
Sonic The Hedgehog,2020,99.0,35,7.298,1225.990576163489,841.8890189296624,0.0001003770009758232,1,0,0,1,0,0,0,1,0,0,0,0,0,0,1,0,0,0,0
Sonic the Hedgehog 2,2022,123.0,91,7.448,600.3959388600881,529.9484961247783,5.7404385156008095e-05,1,1,0,1,0,0,0,1,0,0,0,0,0,0,0,0,0,0,0
Sonic the Hedgehog 3,2025,110.0,98,7.65,637.054347826087,467.0124670875004,5.1283889556077586e-05,1,0,0,1,0,0,0,1,0,0,0,0,0,0,1,0,0,0,0
Sons of Provo,2005,93.0,116,8.0,328.5458269329237,-81.51697335465508,1.9196677657283482e-05,0,0,0,1,0,0,0,0,0,0,0,1,0,0,0,0,0,0,0
Sorority Row,2009,101.0,56,5.524,211.142107892108,555.5650478912527,6.0100031452395434e-05,0,0,0,0,0,0,0,0,0,0,1,0,1,0,0,0,0,0,0
Soul Food,1997,114.0,30,6.198,2157.8112380293064,843.6989602514042,0.00010070298567324958,0,0,0,1,0,0,1,0,0,0,0,0,0,0,0,0,0,0,0
Soul Men,2009,103.0,74,6.126,421.028897998748,107.04172470471656,2.6910662440471917e-05,0,0,0,1,0,0,0,0,0,0,0,1,0,0,0,0,0,0,0
Soul on Fire,2025,111.0,32,6.3,173.8181818181818,851.2135683982616,0.00010206778684731801,0,0,0,0,0,0,1,0,0,0,0,0,0,0,0,0,0,0,0
Soul Plane,2004,86.0,14,5.4,916.417983816078,1312.5944945476108,0.00023326103582967618,0,0,0,1,0,0,0,0,0,0,0,0,0,0,0,0,0,0,0
Soul Power,2009,93.0,60,6.4,115.27738927738928,2061.2886282666905,0.0008919178230509709,0,0,0,0,0,1,0,0,0,0,0,1,0,0,0,0,0,0,0
Soul Surfer,2011,112.0,101,7.014,496.7582743327519,827.0832498278921,9.774968241327517e-05,0,0,0,0,0,0,1,1,0,0,0,0,0,0,0,0,0,0,0
Soul Survivors,2001,84.0,1,4.457,1010.9316770186336,1543.7052199233212,0.00035289533230980623,0,0,0,0,0,0,0,0,0,0,1,0,1,0,0,1,0,0,0
Sound of Freedom,2023,131.0,92,7.979,990.87561535937,915.333059679292,0.0001144915784546345,1,0,0,0,0,0,1,0,0,0,0,0,0,0,0,0,0,0,0
Source Code,2011,93.0,105,7.303,433.87503440682633,1095.7697777270123,0.0001581805108207343,0,0,0,0,0,0,0,0,0,0,0,0,1,0,1,1,0,0,0
Southern Gospel,2023,109.0,21,6.583,86.80177223498524,940.433214704329,0.00011975714027201588,0,0,0,0,0,0,1,0,0,1,0,1,0,0,0,0,0,0,0
Southpaw,2015,79.0,105,0.0,346.26606161929783,565.9957819020644,6.123359972204788e-05,0,0,0,0,0,1,0,0,0,0,0,0,0,0,0,0,0,0,0
Southside with You,2016,80.0,70,5.645,240.9541071428572,498.1916958998347,5.422984188826157e-05,0,0,0,0,0,0,1,0,0,0,0,0,0,1,0,0,0,0,0
Space Chimps,2008,81.0,98,4.924,286.30671962235897,113.48086659684839,2.7222877508209428e-05,0,1,1,1,0,0,0,1,0,0,0,0,0,0,1,0,0,0,0
Space Cowboys,2000,130.0,77,6.403,791.5882694541232,542.7372588681876,5.8734693029078376e-05,1,1,0,0,0,0,0,0,0,0,0,0,0,0,0,1,0,0,0
Space Jam: A New Legacy,2021,115.0,15,6.7,1709.6185554325093,1066.682379390571,0.00015014920322296415,0,1,1,1,0,0,0,1,0,0,0,0,0,0,1,0,0,0,0
Spanglish,2005,130.0,32,6.023,864.0017866596082,1131.451556771086,0.00016862164873096173,0,0,0,1,0,0,1,0,0,0,0,0,0,0,0,0,0,0,0
Spare Parts,2015,115.0,49,7.221,340.8150348747094,492.1762603729428,5.3648593496986635e-05,0,0,0,0,0,0,1,0,0,0,0,0,0,0,0,0,0,0,0
Spark: A Space Tail,2017,97.0,14,4.698,66.22311592935827,111.74393701245788,2.713830387276701e-05,0,1,1,1,0,0,0,1,0,0,0,0,0,0,1,0,0,0,0
Sparkle,2012,98.0,45,7.432,517.3681608437706,160.19807172778746,2.95991968956763e-05,0,0,0,0,0,0,1,0,0,0,0,1,0,0,0,0,0,0,0
Sparks: The Ken Sparks Story,2022,88.0,28,0.0,139.05424862121137,732.7051936845755,8.254473982945208e-05,0,0,0,0,0,1,0,0,0,0,0,0,0,0,0,0,0,0,0
Spartan,2004,102.0,7,6.175,787.7667700219314,1392.798789730784,0.0002693028764781543,1,0,0,0,1,0,1,0,0,0,0,0,1,0,0,1,0,0,0
Spawn,1997,96.0,25,5.436,1647.8816199376947,507.1748661003713,5.5109596078776464e-05,1,1,0,0,0,0,0,0,1,0,1,0,0,0,1,1,0,0,0
Speak No Evil,2024,74.0,56,4.16,249.94444444444449,256.19800744951897,3.515342938993178e-05,0,0,0,0,0,0,0,0,0,0,1,0,0,0,0,0,0,0,0
Spectre,2016,98.0,120,5.727,784.9394288105451,682.0933519785656,7.538995505087062e-05,0,0,0,0,0,0,0,0,0,0,1,0,0,0,0,0,1,0,0
Speed Racer,2008,135.0,91,6.325,360.20754084674314,318.78425380543115,3.9324180617685025e-05,1,1,0,1,0,0,0,1,0,0,0,0,0,0,0,0,0,0,0
Spell,2020,87.0,21,4.932,92.49245602414072,540.0009365034437,5.844748788243488e-05,0,0,0,1,0,0,1,0,0,0,0,0,0,0,0,1,0,0,0
Spellbound,2003,111.0,27,7.4,3774.711956521739,871.6496116032408,0.00010587365387830932,0,0,0,0,0,0,0,0,0,0,0,0,1,1,0,1,0,0,0
Sphere,1998,134.0,21,6.131,1199.6961729477068,728.1739797599583,8.187741578942081e-05,0,0,0,0,0,0,0,0,0,0,0,0,1,0,1,1,0,0,0
Spice World,1998,93.0,25,4.9,967.0721589249196,891.7384634093712,0.00010975314929508269,0,1,0,1,0,0,1,0,1,0,0,1,0,0,0,0,0,0,0
Spider-Man,2002,121.0,108,7.316,2470.8813393061505,1139.7434947710253,0.0001711450898365419,1,0,0,0,0,0,0,0,0,0,0,0,0,0,1,0,0,0,0
Spider-Man 2,2004,127.0,117,7.296,1827.8846059388864,1264.2246307765854,0.00021389987749972843,1,1,0,0,0,0,0,0,0,0,0,0,0,0,1,0,0,0,0
Spider-Man 3,2007,139.0,56,6.447,2287.398027549981,731.1533729871035,8.231558887377365e-05,1,1,0,0,0,0,0,0,0,0,0,0,0,0,1,0,0,0,0
Spider-Man: Far From Home,2019,129.0,115,7.4,1040.4664773596776,1189.893287909929,0.00018723235050409565,1,1,0,0,0,0,0,0,0,0,0,0,0,0,1,0,0,0,0
Spider-Man: Homecoming,2017,133.0,120,7.329,1025.1699593014823,1310.3214827933766,0.00023231315393331198,1,1,0,0,0,0,0,0,0,0,0,0,0,0,1,0,0,0,0
Spider-Man: No Way Home,2022,148.0,120,7.937,2005.893150776872,1239.0543046206571,0.00020446928058540488,1,1,0,0,0,0,0,0,0,0,0,0,0,0,1,0,0,0,0
Spies in Disguise,2020,102.0,86,7.569,410.1130958335986,-33.871696463631224,2.090711023942594e-05,1,1,1,1,0,0,0,1,0,0,0,0,0,0,0,0,0,0,0
Spinning Plates,2013,98.0,45,6.1,1687.4365419987737,735.8293808091165,8.300801237170447e-05,0,0,0,0,0,1,0,0,0,0,0,0,0,0,0,0,0,0,0
Spiral,2021,90.0,56,6.135,188.8787861125683,201.91586616344455,3.1896005246581247e-05,0,0,0,0,0,0,1,0,0,0,1,0,0,0,0,1,0,0,0
Spirit Untamed,2021,88.0,63,7.3,120.41917886879132,172.55215350971412,3.026156473225353e-05,0,1,1,0,0,0,0,1,0,0,0,0,0,0,0,0,0,0,1
Splice,2010,104.0,63,5.865,336.3879245722437,728.560179048897,8.19340814666399e-05,0,0,0,0,0,0,0,0,0,0,1,0,0,0,1,0,0,0,0
Split,2017,105.0,105,4.5,699.7159418951063,160.57592553585278,2.961923907626319e-05,0,0,0,0,0,0,1,0,0,0,0,0,0,0,1,0,0,0,0
Splitsville,2025,105.0,28,6.367,1295.3846153846157,953.5533295834987,0.00012260518634043106,0,0,0,1,0,0,0,0,0,0,0,0,0,0,0,0,0,0,0
Spotlight,2016,129.0,120,7.813,1909.7952531645567,1169.2800859202307,0.0001804445862062809,0,0,0,0,0,0,1,0,0,1,0,0,0,0,0,0,0,0,0
Spring Breakers,2013,94.0,89,5.246,336.0986009698456,1989.8378100729933,0.000784758880327249,0,0,0,0,1,0,1,0,0,0,0,0,0,0,0,0,0,0,0
Spy Game,2001,126.0,29,6.905,1300.9620514418116,1008.3349752757454,0.00013524737980459426,1,0,0,0,1,0,0,0,0,0,0,0,0,0,0,1,0,0,0
Spy Kids,2001,88.0,77,5.8,919.8996718467416,526.1992052354674,5.7020120183259415e-05,1,1,0,1,0,0,0,1,0,0,0,0,0,0,1,0,0,0,0
Spy Kids 3-D: Game Over,2003,84.0,39,5.1,1803.5627811094453,599.4060674359378,6.501041387549897e-05,1,1,0,1,0,0,0,1,0,0,0,0,0,0,1,0,0,0,0
St. Vincent,2015,102.0,120,7.115,892.8249420916918,1334.521254197541,0.00024260579925517158,0,0,0,1,0,0,0,0,0,0,0,0,0,0,0,0,0,0,0
Stage Fright,2014,110.0,18,6.799,11.901140684410649,1023.7486478322942,0.00013903388830794852,0,0,0,0,0,0,0,0,0,0,0,0,0,0,0,1,0,0,0
Stand Up Guys,2013,95.0,84,6.0,349.2232453957193,-123.60288390693097,1.7802595016393822e-05,1,0,0,1,1,0,0,0,0,0,0,0,0,0,0,1,0,0,0
Standard Operating Procedure,2008,117.0,32,6.754,537.9006038086391,2856.6281042725195,0.0037076392796972905,0,0,0,0,0,1,0,0,0,0,0,0,0,0,0,0,0,1,0
Star Kid,1998,101.0,4,6.278,1401.7791411042945,1428.039134390092,0.0002868520214977712,1,1,0,0,0,0,0,1,0,0,0,0,0,0,1,0,0,0,0
Star Trek,2009,127.0,120,7.427,1053.5719046793429,1213.812648970419,0.0001954294941193131,1,1,0,0,0,0,0,0,0,0,0,0,0,0,1,0,0,0,0
Star Trek Beyond,2016,122.0,91,6.783,775.8232336956522,729.803584481728,8.211678854379287e-05,1,1,0,0,0,0,0,0,0,0,0,0,0,0,1,0,0,0,0
Star Trek Into Darkness,2013,132.0,119,7.32,945.1346208869816,1128.0632939623745,0.00016760125612597817,1,1,0,0,0,0,0,0,0,0,0,0,0,0,1,0,0,0,0
Star Trek: Insurrection,1999,102.0,29,6.432,1508.5585013146365,778.0054624967703,8.952264966971466e-05,1,1,0,0,0,0,0,0,0,0,0,0,0,0,1,1,0,0,0
Star Trek: Nemesis,2003,116.0,28,6.29,1065.806466555494,693.132511133962,7.68956778460999e-05,1,1,0,0,0,0,0,0,0,0,0,0,0,0,1,1,0,0,0
Star Wars: The Clone Wars,2008,98.0,91,6.142,253.72549419925176,257.4511935774261,3.52324363049096e-05,1,1,1,0,0,0,0,0,0,0,0,0,0,0,1,0,0,0,0
Stardust,2020,127.0,9,7.282,310.93553430861573,1460.2444838408703,0.00030388804605429014,0,1,0,0,0,0,0,1,1,0,0,0,0,1,0,0,0,0,0
Starship Troopers,1997,129.0,35,7.087,1052.6940809968846,852.6621875438032,0.00010233300350570331,1,1,0,0,0,0,0,0,0,0,0,0,0,0,1,1,0,0,0
Starsky & Hutch,2004,101.0,28,5.821,1484.5190198895864,1255.0384590652804,0.00021040870884291094,0,0,0,1,1,0,0,0,0,0,0,0,0,0,0,0,0,0,0
Starting Out in the Evening,2008,111.0,88,6.657,561.175430133462,180.92579313928047,3.071892802242909e-05,0,0,0,0,0,0,1,0,0,0,0,0,0,0,0,0,0,0,0
Startup.com,2001,107.0,41,6.569,1175.296442687747,1150.3649305731708,0.0001744326991259126,0,0,0,0,0,1,0,0,0,0,0,0,0,0,0,0,0,0,0
State and Main,2001,106.0,35,6.257,421.2917795844625,972.6771266410626,0.0001268782325722849,0,0,0,1,0,0,1,0,0,0,0,0,0,0,0,0,0,0,0
State Like Sleep,2019,105.0,7,4.694,75.01927481982234,1086.1904683422622,0.00015548922138404665,0,0,0,0,0,0,1,0,0,0,0,0,0,0,0,0,0,0,0
State of Play,2009,127.0,63,6.8,448.99581899581904,518.0149911274053,5.619023197157955e-05,0,0,0,0,1,0,0,0,0,0,0,0,1,0,0,1,0,0,0
Stations of the Elevated,2014,45.0,35,7.4,833.9614138853683,1226.6536064773666,0.00019997713811404882,0,0,0,0,0,1,0,0,0,0,0,0,0,0,0,0,0,0,0
Stay,2005,99.0,7,6.593,389.44700460829495,1443.4403134438012,0.0002948763915803402,0,0,0,0,0,0,1,0,0,0,0,0,1,0,0,1,0,0,0
Stealing Harvard,2002,85.0,24,4.8,614.1689827682046,790.3188942877584,9.15193137352214e-05,1,0,0,1,1,0,1,0,0,0,0,0,0,0,0,0,0,0,0
Stealth,2005,121.0,39,5.468,858.3860727086534,684.8639679088128,7.576506818515719e-05,0,0,0,0,0,0,0,0,0,0,0,0,0,0,1,0,0,0,0
Steel,1997,97.0,7,4.325,293.9163328882955,1175.1333158182013,0.00018234659524397727,1,1,0,0,1,0,1,0,1,0,0,0,0,0,1,0,0,0,0
Steep,2008,92.0,60,6.1,362.3733719247467,2095.0928802117587,0.0009475987682935376,0,0,0,0,0,1,0,0,0,0,0,0,0,0,0,0,0,0,0
Step Brothers,2008,98.0,59,6.555,914.7020712132066,817.2016827143467,9.603455188802479e-05,0,0,0,1,0,0,0,0,0,0,0,0,0,0,0,0,0,0,0
Step Up All In,2014,112.0,56,6.826,290.7750920393507,438.67594414990714,4.874557460168252e-05,0,0,0,0,0,0,1,0,0,0,0,1,0,1,0,0,0,0,0
Step Up Revolution,2012,99.0,70,6.913,425.09731209557,374.1930250256546,4.3427777397794294e-05,0,0,0,0,0,0,1,0,0,0,0,1,0,1,0,0,0,0,0
Stepmom,1999,125.0,56,7.2,1303.366564417178,273.8167590350231,3.628064964073429e-05,0,0,0,1,0,0,1,0,0,0,0,0,0,1,0,0,0,0,0
Steve Jobs,2015,122.0,63,6.778,4685.252159935705,1045.1138601097246,0.00014445838792568507,0,0,0,0,0,0,1,0,0,1,0,0,0,0,0,0,0,0,0
Stigmata,1999,103.0,56,6.29,713.1203910135483,370.3839920739719,4.313245545838781e-05,0,0,0,0,0,0,0,0,1,0,1,0,0,0,0,1,0,0,0
Still Alice,2015,100.0,43,7.472,966.73417721519,3018.837144114673,0.004957877656323215,0,0,0,0,0,0,1,0,0,0,0,0,0,0,0,0,0,0,0
Stitch Head,2025,92.0,13,6.6,164.8181818181818,900.5566325613895,0.0001115006784827305,0,1,1,1,0,0,0,1,0,0,0,0,0,0,0,0,0,0,0
Stolen,2006,96.0,41,5.475,720.3968253968254,725.6028870711915,8.150116593687757e-05,1,0,0,0,1,0,0,0,0,0,0,0,0,0,0,1,0,0,0
Stomp the Yard,2007,114.0,39,7.067,1369.3719558688513,680.7963924712961,7.521499869276328e-05,0,0,0,0,0,0,1,0,0,0,0,1,0,0,0,0,0,0,0
Stonewall,2015,99.0,21,5.667,191.43500100462128,510.9025156505704,5.547883494589052e-05,0,0,0,1,0,0,1,0,0,1,0,0,0,1,0,0,0,0,0
Stonewall Uprising,2010,80.0,20,5.781,635.7588262265016,1546.0788288879303,0.0003543990731441141,0,0,0,0,0,1,0,0,0,0,0,0,0,0,0,0,0,0,0
Stop-Loss,2008,113.0,84,6.123,198.6666998429655,788.2810669010521,9.118582441971976e-05,0,0,0,0,0,0,1,0,0,0,0,0,0,0,0,0,0,1,0
Stopmotion,2024,94.0,21,6.2,52.333333333333336,938.6777589985046,0.00011938112728294746,0,0,1,0,0,0,0,0,0,0,1,0,0,0,0,0,0,0,0
Stories We Tell,2013,109.0,120,7.078,730.0655007821588,989.6410415566286,0.00013079315454769816,0,0,0,0,0,1,0,0,0,0,0,0,0,0,0,0,0,0,0
Storks,2017,86.0,112,6.667,358.1841814159292,872.3239153123413,0.00010600162147886707,0,1,1,1,0,0,0,1,0,0,0,0,0,0,0,0,0,0,0
Straight Outta Compton,2015,147.0,70,7.783,1164.816841980151,698.3205369740404,7.761366720406281e-05,0,0,0,0,0,0,1,0,0,1,0,1,0,0,0,0,0,0,0
Straight-Jacket,2005,96.0,88,5.438,79.53414505029116,188.46418742828143,3.113658032550881e-05,0,0,0,1,0,0,0,0,0,0,0,0,0,1,0,0,0,0,0
Strange Harvest,2025,30.0,21,0.0,12.0,231.12988499057838,3.3609708543070505e-05,0,0,0,0,0,0,0,0,0,0,0,0,0,0,0,1,0,0,0
Strange Wilderness,2008,87.0,35,4.878,288.14026939154667,704.1013464130508,7.842159355725756e-05,0,1,0,1,0,0,0,0,0,0,0,0,0,0,0,0,0,0,0
Stranger Than Fiction,2006,113.0,34,7.281,896.2523148148148,1139.6734398363626,0.0001711236130069213,0,0,0,1,0,0,1,0,1,0,0,0,0,1,0,0,0,0,0
Strangerland,2015,111.0,3,5.28,349.5386779184248,1702.4687231694302,0.00046899004480670985,0,0,0,0,0,0,1,0,0,0,0,0,1,0,0,1,0,0,0
Strangers with Candy,2006,86.0,69,5.57,1296.40376984127,523.4241620151939,5.6737363365988336e-05,0,0,0,1,0,0,0,0,0,0,0,0,0,0,0,0,0,0,0
Straw Dogs,2011,116.0,24,7.148,299.8017637468504,1089.6879322522427,0.00015646647885198084,0,0,0,0,1,0,1,0,0,0,0,0,0,0,0,1,0,0,0
Strays,2023,105.0,42,5.071,228.80546048416085,625.8848480652343,6.816844273739659e-05,0,0,0,0,0,0,1,0,0,0,0,0,0,0,0,0,0,0,0
Stress Positions,2024,95.0,28,5.857,2510.214285714286,641.522102813457,7.010502169378428e-05,0,0,0,1,0,0,0,0,0,0,0,0,0,0,0,0,0,0,0
Stronger,2017,119.0,70,6.971,220.36061082939904,636.6089855778353,6.94907072793772e-05,0,0,0,0,0,0,1,0,0,0,0,0,0,0,0,0,0,0,0
Struck by Lightning,2013,90.0,1,6.191,13420.042918454936,1881.8697172638597,0.0006467512304112812,0,0,0,1,0,0,1,0,0,0,0,0,0,0,0,0,0,0,0
Stuart Little,2000,84.0,94,6.066,1163.1849955171942,777.9983793508242,8.952151374222495e-05,0,1,0,1,0,0,0,1,1,0,0,0,0,0,0,0,0,0,0
Stuart Little 2,2002,78.0,80,5.769,838.3203631647211,822.0125863975626,9.686578187901481e-05,0,1,0,1,0,0,0,1,0,0,0,0,0,0,0,0,0,0,0
Stuber,2019,93.0,49,6.6,254.75776300351976,546.8366250799263,5.91676066922496e-05,1,0,0,1,0,0,0,0,0,0,0,0,0,0,0,0,0,0,0
Stuck On You,2004,119.0,67,5.348,752.6094720496893,201.9841689684306,3.189990822050788e-05,0,0,0,1,0,0,0,0,0,0,0,0,0,0,0,0,0,0,0
Studio 666,2022,76.0,21,2.2,64.97600338392958,194.21678621143587,3.145910943849899e-05,0,0,0,0,0,0,0,0,0,0,1,0,0,0,0,0,0,0,0
Submarine,2011,97.0,77,7.363,645.8890820162495,856.1180293123083,0.00010296849366512987,0,0,0,1,0,0,1,0,0,0,0,0,0,1,0,0,0,0,0
Suburbicon,2017,105.0,21,5.9,192.4666316955179,905.496118700551,0.00011249168474829229,0,0,0,0,1,0,1,0,0,0,0,0,1,0,0,1,0,0,0
Sucker Punch,2011,110.0,63,6.195,417.91653433271927,453.59602696610347,5.0066011038837573e-05,1,0,0,0,0,0,0,0,1,0,0,0,0,0,0,1,0,0,0
Sugar,2009,114.0,53,6.627,497.5897435897437,2384.017787408467,0.0015900380880664515,0,0,0,0,0,0,1,0,0,0,0,0,0,0,0,0,0,0,0
Suicide Squad,2016,56.0,98,7.9,1158.2185606060607,122.3583937369242,2.7659270945560517e-05,1,0,0,0,0,0,1,0,0,0,0,0,0,1,0,0,0,0,0
Sully,2017,96.0,120,7.196,505.71487603305786,1647.2638247798748,0.0004248291571681656,0,0,0,0,0,0,1,0,0,1,0,0,0,0,0,0,0,0,0
Summer,2011,83.0,71,6.059,1313.0969319697642,605.2518730842392,6.569479425090896e-05,0,0,0,0,0,0,1,0,0,0,0,0,0,0,0,0,0,0,0
Summer Camp,2024,85.0,63,4.0,55.0,-326.51529924826013,1.2377069536447096e-05,0,0,0,1,0,0,0,0,0,0,0,0,0,0,0,0,0,0,0
Summer Catch,2001,104.0,13,5.428,861.3855709507883,1144.7991970297035,0.00017270216051950256,0,0,0,1,0,0,0,0,0,0,0,0,0,1,0,0,0,0,0
Summer Storm,2006,106.0,74,5.273,360.1984126984127,239.046116430981,3.408972985743167e-05,0,0,0,0,0,0,1,0,0,0,0,0,0,0,0,0,0,0,0
Summerland,2020,100.0,21,7.5,42.38757635975565,1160.5958767932043,0.000177659141081968,0,0,0,0,0,0,1,0,0,0,0,0,0,1,0,0,0,0,0
Sunflower,2007,15.0,18,0.0,1268.3068017366136,992.5242204516885,0.00013147044177913277,0,0,0,0,0,0,1,0,1,0,0,0,0,0,0,0,0,0,0
Sunshine,2000,108.0,48,6.965,1038.0534815552237,950.9732525061224,0.00012203981666874812,0,0,0,0,0,0,0,0,0,0,0,0,0,0,1,1,0,0,0
Super 8,2011,112.0,112,6.77,652.942900876299,840.3693267172735,0.00010010410754845211,0,0,0,0,0,0,0,0,0,0,0,0,1,0,1,1,0,0,0
Super Capers,2009,98.0,31,3.625,43.6951566951567,-181.4629341063594,1.60497510727542e-05,0,1,0,1,0,0,0,0,0,0,0,0,0,0,1,0,0,0,0
Super Dark Times,2017,103.0,30,6.5,129.37294040109217,862.2028849309502,0.0001040970364727005,0,0,0,0,0,0,1,0,0,0,0,0,0,0,0,1,0,0,0
Super Troopers 2,2018,100.0,77,5.863,437.2354885258111,-3.314314540302803,2.2083484231475604e-05,0,0,0,1,1,0,0,0,0,0,0,0,1,0,0,0,0,0,0
Superbabies: Baby Geniuses 2,2004,88.0,3,2.9,1407.312511028763,1418.1219441530648,0.0002818008892497724,0,0,0,1,0,0,0,1,0,0,0,0,0,0,0,0,0,0,0
Superbad,2007,113.0,49,7.258,1323.6803414501144,1113.8350190285862,0.0001633833128505029,0,0,0,1,0,0,0,0,0,0,0,0,0,0,0,0,0,0,0
Supercross,2005,80.0,20,6.2,228.81090235928943,904.9464024901716,0.00011238096135416648,1,1,0,0,0,0,1,0,0,0,0,0,0,1,0,0,0,0,0
Superfly,2018,107.0,54,6.703,345.83875392716493,528.9236800359412,5.7299095268953054e-05,1,0,0,0,1,0,0,0,0,0,0,0,0,0,0,0,0,0,0
Superhero Movie,2008,82.0,119,5.277,226.90047500653768,765.5880443976811,8.755323545207745e-05,1,0,0,1,0,0,0,0,0,0,0,0,0,0,1,0,0,0,0
Superman,2025,144.0,84,7.2,1162.2784810126582,301.1897822249574,3.8104056812035226e-05,1,1,0,0,0,0,0,0,0,0,0,0,0,0,1,0,0,0,0
Superman Returns,2006,154.0,75,5.793,1398.6048941798945,540.79402580489,5.8530585913807296e-05,1,1,0,0,0,0,0,0,0,0,0,0,0,0,1,0,0,0,0
Supernova,2000,91.0,28,4.941,462.64637562342017,636.6055591091678,6.949028073284973e-05,0,0,0,0,0,0,0,0,0,0,1,0,0,0,1,1,0,0,0
Superspreader,2022,60.0,29,0.0,46.97520620820928,692.9984993523427,7.687721974467889e-05,0,0,0,0,0,1,0,0,0,0,0,0,0,0,0,0,0,0,0
Superstar,2000,82.0,102,5.306,598.650746012691,591.9696538059952,6.415011140662602e-05,0,0,0,1,0,0,0,0,0,0,0,0,0,0,0,0,0,0,0
Surfwise,2008,93.0,18,6.712,2371.124013005109,1393.109777260407,0.0002694529483131689,0,0,0,0,0,1,0,0,0,0,0,0,0,0,0,0,0,0,0
Suspect Zero,2004,99.0,5,5.527,911.9915299100052,1428.8170925999402,0.0002872520685641648,0,0,0,0,1,0,0,0,0,0,0,0,0,0,0,1,0,0,0
Sweat,2021,15.0,0,6.8,5281.369509043929,1738.0709681993972,0.0004998757911194111,0,0,0,0,0,0,1,0,0,0,0,0,0,0,0,0,0,0,0
Sweet and Lowdown,2000,95.0,46,6.756,1508.637454981993,2395.458254911634,0.0016229613970622644,0,0,0,1,0,0,1,0,0,0,0,1,0,0,0,0,0,0,0
Sweet November,2001,119.0,35,6.868,423.9053056444361,977.6871514919115,0.00012802208921787404,0,0,0,0,0,0,1,0,0,0,0,0,0,1,0,0,0,0,0
Sweetwater,2023,96.0,14,5.0,50.54020347883164,705.252200689724,7.858343807912414e-05,0,0,0,0,0,0,1,0,0,0,0,1,0,0,0,0,0,0,0
Swept Away,2002,89.0,3,4.765,1047.3929961089495,1583.2150469243784,0.0003787777726651407,0,0,0,1,0,0,0,0,0,0,0,0,0,1,0,0,0,0,0
Swimfan,2002,84.0,38,5.224,641.194737817306,441.8270927424798,4.902152097727929e-05,0,0,0,0,0,0,1,0,0,0,0,0,1,1,0,1,0,0,0
Swimming With Men,2019,94.0,28,6.1,76.83876656994937,641.2100200472936,7.006583922761747e-05,0,0,0,1,0,0,1,0,0,0,0,0,0,0,0,0,0,0,0
Swiss Army Man,2016,97.0,68,6.925,1269.030882352941,1682.1907540869574,0.00045225919137161603,0,1,0,1,0,0,1,0,1,0,0,0,0,1,0,0,0,0,0
Switchback,1997,118.0,7,6.0,821.2941700044505,1178.7083846164132,0.0001835181639152577,0,0,0,0,0,0,0,0,0,0,0,0,1,0,0,1,0,0,0
Sword of Trust,2019,89.0,48,5.9,594.2450462781907,426.1135676874766,4.7660839593759806e-05,0,0,0,1,0,0,0,0,0,0,0,0,0,0,0,0,0,0,0
Swordfish,2001,99.0,49,6.249,1178.3009599096556,590.6940072065921,6.400368280784565e-05,1,0,0,0,1,0,0,0,0,0,0,0,0,0,0,1,0,0,0
Sydney White,2007,108.0,18,6.5,566.482918914178,1314.292939808094,0.0002339718381915493,0,0,0,1,0,0,0,0,0,0,0,0,0,0,0,0,0,0,0
Sympathy for the Devil,2023,115.0,7,6.267,53.416475221529375,457.31495366237783,5.040066989149512e-05,0,0,0,0,0,1,0,0,0,0,0,1,0,0,0,0,0,0,0
Syriana,2006,128.0,90,6.415,1373.7107746324336,825.8224262973591,9.752914943615467e-05,0,0,0,0,0,0,1,0,0,0,0,0,0,0,0,1,0,0,0
Tabloid!,2011,88.0,53,4.2,293.654957759004,-397.46343244139484,1.0899844828289769e-05,0,0,0,1,0,0,0,0,0,0,1,0,0,0,0,0,0,0,0
Tag,2018,91.0,91,4.7,369.9711703288141,258.49964578965125,3.529867220972721e-05,0,0,0,0,0,0,1,0,0,0,0,0,0,0,0,0,0,0,0
Take Me Home Tonight,2011,97.0,49,5.985,170.0750446910645,817.4260650681512,9.607316170544955e-05,0,0,0,1,0,0,1,0,0,0,0,0,0,1,0,0,0,0,0
Take the Lead,2006,108.0,53,6.872,762.5281836219336,365.27875470493325,4.273978344455969e-05,0,0,0,1,0,0,1,0,0,0,0,1,0,0,0,0,0,0,0
Taken,2009,94.0,120,7.399,693.3789044289045,1190.2651314042544,0.00018735711182914127,1,0,0,0,0,0,0,0,0,0,0,0,0,0,0,1,0,0,0
Taken 2,2013,91.0,120,6.365,594.1249604054482,928.48746835794,0.00011722160092212935,1,0,0,0,1,0,0,0,0,0,0,0,0,0,0,1,0,0,0
Taken 3,2015,109.0,105,6.264,475.3932011782501,592.928042410729,6.426034302119841e-05,1,0,0,0,0,0,0,0,0,0,0,0,0,0,0,1,0,0,0
Takers,2010,107.0,80,6.2,715.5650361072902,425.42568966769335,4.760214476886523e-05,1,0,0,0,1,0,1,0,0,0,0,0,0,0,0,1,0,0,0
Taking Lives,2004,103.0,19,6.4,962.6945473795658,1291.000055678538,0.00022440977308265403,0,0,0,0,0,0,0,0,0,0,0,0,0,0,0,1,0,0,0
Talk To Me,2023,118.0,91,6.857,467.3723020201245,1547.4499188295654,0.0003552706109501276,0,0,0,0,0,0,1,0,0,0,0,0,0,0,0,0,0,0,0
Tamara,2006,98.0,18,5.229,600.8482142857143,1260.3867250505175,0.00021243430604084553,0,0,0,0,0,0,0,0,0,0,1,0,0,0,0,1,0,0,0
Tammy,2014,97.0,107,5.345,425.9555383435823,808.686533421133,9.458074790905688e-05,0,0,0,1,0,0,0,0,0,0,0,0,0,0,0,0,0,0,0
Tango Shalom,2021,115.0,66,5.167,220.16741914416332,218.6964473854856,3.2869383238499495e-05,0,0,0,1,0,0,0,0,0,0,0,0,0,0,0,0,0,0,0
Tanna,2016,100.0,3,6.615,1241.5666666666666,2072.331802031421,0.0009097381579396592,0,0,0,0,0,0,1,0,0,0,0,0,0,1,0,0,0,0,0
Tarnation,2005,91.0,104,6.811,1229.465325569084,1261.4278748874035,0.00021283089188086217,0,0,0,0,0,1,1,0,0,0,0,0,0,0,0,0,0,0,0
Tarzan and the Lost City,1998,83.0,2,4.15,523.2668711656441,1398.014935046076,0.00027183110063399695,1,1,0,0,0,0,0,0,0,0,0,0,0,0,0,0,0,0,0
Taxi to the Dark Side,2008,106.0,32,6.932,1246.6209939619137,1550.0323971633575,0.00035691799624560104,0,0,0,0,0,1,0,0,0,0,0,0,0,0,0,0,0,0,0
Tea with Mussolini,1999,117.0,70,6.4,914.8294535205388,574.6035093436483,6.21851357688327e-05,0,0,0,1,0,0,1,0,0,0,0,0,0,0,0,0,0,1,0
Teaching Mrs. Tingle,1999,96.0,21,5.5,455.4928638121917,1170.642700263877,0.00018088558888069655,0,0,0,1,0,0,0,0,0,0,0,0,0,0,0,1,0,0,0
Team America: World Police,2004,98.0,26,6.727,808.6608706275198,1171.7162394171373,0.0001812337928967541,1,1,0,1,0,0,0,0,0,0,0,0,0,0,0,0,0,0,0
Tears of the Sun,2003,121.0,21,6.888,1083.835403726708,1480.4545949141916,0.000315091759620454,1,0,0,0,0,0,1,0,0,0,0,0,0,0,0,0,0,1,0
Ted,2012,107.0,119,6.448,937.8412456445994,1360.4049752445917,0.00025411989361056594,0,0,0,1,0,0,0,0,1,0,0,0,0,0,0,0,0,0,0
Ted 2,2015,115.0,63,6.316,683.1811049578059,712.6379318692353,7.96300724173788e-05,0,0,0,1,0,0,0,0,1,0,0,0,0,0,0,0,0,0,0
Ted K,2022,120.0,14,6.004,120.45512226072526,1477.2850230156591,0.00031330774042510385,0,0,0,0,1,0,1,0,0,0,0,0,0,0,0,0,0,0,0
Teenage Mutant Ninja Turtles,2014,93.0,105,6.7,758.5293062630031,370.2482329160872,4.3121966925228954e-05,1,1,0,1,0,0,0,1,0,0,0,0,0,0,1,0,0,0,0
Teeth,2008,94.0,32,5.378,1484.314909428704,754.5083676588151,8.583259281321995e-05,0,0,0,1,0,0,0,0,0,0,1,0,0,0,0,0,0,0,0
Tell Them Who You Are,2005,95.0,18,5.9,352.5857654889913,1481.536201060849,0.0003157028722380447,0,0,0,0,0,1,0,0,0,0,0,0,0,0,0,0,0,0,0
Ten Canoes,2007,90.0,102,6.699,95.12301013024602,905.3989549333771,0.00011247210616709937,0,1,0,1,0,0,1,0,0,0,0,0,0,0,0,0,0,0,0
Tennessee,2009,99.0,10,3.2,175.6885780885781,1069.3864587225974,0.00015087830644321576,0,1,0,1,0,0,1,0,0,0,0,0,0,0,0,0,0,0,0
Term Life,2016,93.0,7,5.957,79.55416666666667,932.5922227924252,0.00011808674173430665,1,0,0,0,0,0,1,0,0,0,0,0,1,0,0,1,0,0,0
Terminator Salvation,2009,115.0,113,6.072,667.632609278627,768.713520974541,8.804482095824965e-05,1,0,0,0,0,0,0,0,0,0,0,0,0,0,1,1,0,0,0
Terminator: Dark Fate,2019,128.0,56,6.415,474.2599949227782,521.8173389786328,5.657428117279571e-05,1,1,0,0,0,0,0,0,0,0,0,0,0,0,1,1,0,0,0
Terri,2011,105.0,67,6.325,1657.550022232103,730.3571732269357,8.219826437853102e-05,0,0,0,1,0,0,1,0,0,0,0,0,0,0,0,0,0,0,0
Terrifier,2023,19.0,16,6.126,384.18772563176896,1499.3992966016435,0.00032596876582699757,0,0,0,0,0,0,0,0,0,0,1,0,0,0,0,0,0,0,0
Terrifier 2,2022,138.0,57,6.697,241.07769835221148,870.093124813278,0.00010557885742362968,0,0,0,0,0,0,0,0,0,0,1,0,0,0,0,1,0,0,0
Testament of Youth,2015,129.0,1,7.268,4589.345991561182,3839.9529087456713,0.021583523391076793,0,0,0,0,0,0,1,0,0,1,0,0,0,0,0,0,0,1,0
Tetro,2009,127.0,89,6.7,2064.048951048951,837.7629732342791,9.963780693558203e-05,0,0,0,0,0,0,1,0,0,0,0,0,0,0,0,0,0,0,0
Texas Chainsaw 3D,2013,92.0,56,5.5,391.9982682026956,354.24932026375234,4.1903609882102084e-05,0,0,0,0,0,0,0,0,0,0,1,0,0,0,0,1,0,0,0
Thank You for Your Service,2017,109.0,28,6.553,242.6796944245136,1473.6671968452192,0.0003112837591219827,0,0,0,0,0,0,1,0,0,0,0,0,0,0,0,0,0,1,0
Thanks for Sharing,2013,112.0,42,5.937,240.8430410790926,426.7129730126042,4.7712044281407974e-05,0,0,0,1,0,0,1,0,0,0,0,0,0,0,0,0,0,0,0
Thanksgiving,2024,85.0,77,4.3,233.8492627842808,-34.79004633004695,2.087274342839907e-05,0,0,0,0,0,0,1,0,0,0,0,0,0,0,0,0,0,0,0
That Awkward Moment,2014,94.0,63,6.142,360.3505877777108,391.2755675272723,4.4777288304070574e-05,0,0,0,1,0,0,0,0,0,0,0,0,0,1,0,0,0,0,0
That Evening Sun,2010,109.0,120,6.59,609.2951146076147,372.7786083675384,4.331787956661031e-05,0,0,0,0,0,0,1,0,0,0,0,0,0,0,0,0,0,0,0
That Old Feeling,1997,105.0,118,6.203,607.4735202492212,666.43073102202,7.330405415853122e-05,0,0,0,1,0,0,1,0,0,0,0,0,0,1,0,0,0,0,0
The 15:17 to Paris,2018,94.0,63,5.427,318.9694234258153,720.4659421978602,8.075460332030975e-05,0,0,0,0,0,0,1,0,0,0,0,0,0,0,0,1,0,0,0
The 33,2016,120.0,70,6.394,206.74225437010247,675.6627120237779,7.452645411191097e-05,0,0,0,0,0,0,1,0,0,1,0,0,0,0,0,0,0,0,0
The 355,2022,122.0,56,6.044,106.07244109590684,362.2161710207144,4.250594079073867e-05,1,1,0,0,0,0,0,0,0,0,0,0,0,0,0,1,0,0,0
The 5th Wave,2016,112.0,87,5.939,490.6441489361702,466.979866744516,5.128089463976868e-05,1,1,0,0,0,0,0,0,0,0,0,0,0,0,1,0,0,0,0
The 6th Day,2001,123.0,60,5.993,624.3641114982579,224.8384705296337,3.323303750098004e-05,1,0,0,0,0,0,1,0,0,0,0,0,1,0,1,1,0,0,0
The A-Team,2010,117.0,91,6.408,544.305314126497,487.69320843415693,5.3219468689250984e-05,1,0,0,1,1,0,0,0,0,0,0,0,0,0,0,0,0,0,0
The Abandoned,2007,99.0,1,5.5,347.2744814278823,1849.798580741368,0.0006106410260148683,0,0,0,0,0,0,0,0,0,0,1,0,0,0,0,1,0,0,0
The Absence of Eden,2024,97.0,14,5.1,40.72727272727273,596.6760872961524,6.469325626414536e-05,0,0,0,0,1,0,1,0,0,0,0,0,0,1,0,1,0,0,0
The Accountant,2017,39.0,91,6.905,540.5629076086957,134.85165902337917,2.8285278926167e-05,0,0,0,1,0,0,1,0,0,0,0,0,0,0,0,0,0,0,0
The Actor,2025,86.0,14,0.0,155.5,461.47630462910246,5.077779432292714e-05,0,0,0,0,0,0,0,0,0,0,0,0,0,1,0,1,0,0,0
The Adjustment Bureau,2011,106.0,84,6.769,544.7130470685385,668.9146385944991,7.363096119506519e-05,0,0,0,0,0,0,0,0,0,0,0,0,0,1,1,1,0,0,0
The Adventures of Pluto Nash,2002,95.0,38,4.396,284.6403557531962,428.1217536134679,4.783260720306481e-05,1,0,0,1,0,0,0,0,0,0,0,0,0,0,1,0,0,0,0
The Adventures of Tintin,2012,107.0,93,6.914,568.708625577915,661.1574119578058,7.261483619360697e-05,0,1,1,0,0,0,0,0,0,0,0,0,1,0,0,0,0,0,0
The Age of Adaline,2015,112.0,77,7.477,351.01173861300447,659.7444102231586,7.243126152057379e-05,0,0,0,0,0,0,1,0,1,0,0,0,0,1,0,0,0,0,0
The Alpinist,2021,93.0,56,7.696,148.74241696093387,554.7912311931414,6.001677726927504e-05,0,0,0,0,0,1,0,0,0,0,0,0,0,0,0,0,0,0,0
The Alto Knights,2025,122.0,21,6.284,134.66666666666666,1153.0368158115132,0.00017526961098866467,0,0,0,0,1,0,1,0,0,1,0,0,0,0,0,0,0,0,0
The Amateur,2025,112.0,63,5.2,271.546875,-276.4894079535509,1.3537481658103428e-05,1,0,0,0,1,0,0,0,0,0,0,0,0,0,0,1,0,0,0
The Amazing Spider-Man,2012,136.0,104,6.723,763.17406230785,910.8097711281163,0.00011356759601809805,1,1,0,0,0,0,0,0,0,0,0,0,0,0,1,0,0,0,0
The Amazing Spider-Man 2,2014,141.0,108,6.523,979.5494420835508,838.5321752892728,9.977519787587496e-05,1,1,0,0,0,0,0,0,0,0,0,0,0,0,1,0,0,0,0
The Amityville Horror,2005,90.0,32,6.13,1068.975934459805,1231.6504973722294,0.00020177526236540171,0,0,0,0,0,0,0,0,0,0,1,0,0,0,0,0,0,0,0
The Angry Birds Movie,2016,97.0,101,6.2,542.520547385621,631.5685550646823,6.886606789548347e-05,0,1,1,1,0,0,0,1,0,0,0,0,0,0,0,0,0,0,0
The Angry Birds Movie 2,2019,97.0,90,7.0,243.94768174510065,551.3841355536094,5.965158080862822e-05,0,1,1,1,0,0,0,1,0,0,0,0,0,0,0,0,0,0,0
The Animal,2001,83.0,35,5.122,1076.4312235853738,845.6744727340425,0.00010105999952857947,0,0,0,1,0,0,0,0,0,0,0,0,0,0,1,0,0,0,0
The Anniversary Party,2001,115.0,39,5.683,2224.373706004141,629.8943942014632,6.865984084322966e-05,0,0,0,1,0,0,1,0,0,0,0,0,0,0,0,0,0,0,0
The Ant Bully,2006,89.0,100,5.762,688.9799253034547,536.0236595330593,5.8032534132699546e-05,0,1,1,1,0,0,0,1,1,0,0,0,0,0,0,0,0,0,0
The Apostle,1998,134.0,86,6.307,1388.7403335165843,843.7245958572584,0.00010070761044338156,0,0,0,0,0,0,1,0,0,0,0,0,0,0,0,0,0,0,0
The Apparition,2012,82.0,49,4.45,253.20104174073816,469.6464190896309,5.152644334739754e-05,0,0,0,0,0,0,0,0,0,0,1,0,0,0,0,1,0,0,0
The Apprentice,2024,9.0,56,5.8,126.52380952380952,188.03840443681054,3.111283993545674e-05,0,0,1,0,0,0,0,0,0,0,0,0,0,0,0,0,0,0,0
The Aristocrats,2005,89.0,39,5.945,916.7229902713774,778.2847846878585,8.956745619596495e-05,0,0,0,1,0,1,0,0,0,0,0,0,0,0,0,0,0,0,0
The Ark and the Darkness,2024,125.0,13,1.0,765.0,418.6562347336734,4.702836686656396e-05,0,0,0,0,0,1,0,0,0,1,0,0,1,0,0,0,0,0,0
The Art of the Steal,2014,101.0,7,6.988,181.1618081960288,1911.7016337868042,0.00068225454757464,0,0,0,0,0,1,0,0,0,0,0,0,0,0,0,0,0,0,0
The Art of War,2000,117.0,40,5.711,593.7118572484427,443.83790395075414,4.919842380070248e-05,1,0,0,0,1,0,0,0,0,0,0,0,0,0,0,1,0,0,0
The Assignment,1997,119.0,14,6.321,968.1130396083666,1041.1637439175336,0.00014343977027837893,1,0,0,0,1,0,0,0,0,0,0,0,0,0,0,1,0,0,0
The Astronaut Farmer,2007,104.0,21,6.2,312.44637401511494,1098.3575833192406,0.00015891550840275312,0,1,0,1,0,0,1,0,0,0,0,0,0,0,1,0,0,0,0
The Astronaut's Wife,1999,109.0,21,5.61,436.4339735894358,956.5129232709367,0.00012325694523795155,0,0,0,0,0,0,1,0,0,0,0,0,0,0,1,1,0,0,0
The Attack,2013,102.0,13,6.8,795.2618025751074,1706.3466460305035,0.0004722594324619896,0,0,0,0,0,0,1,0,0,0,0,0,0,0,0,0,0,0,0
The Automat,2022,79.0,102,7.0,283.37888623163644,897.2618072718927,0.0001108444983243186,0,0,0,0,0,1,0,0,0,1,0,0,0,0,0,0,0,0,0
The Avengers,1998,89.0,14,4.4,1246.239263803681,900.3913240979833,0.00011146766414858313,1,1,0,1,0,0,0,0,0,0,0,0,0,0,1,1,0,0,0
The Aviator,2005,170.0,82,7.218,1592.0674851519611,1199.8037971044369,0.00019058611055702864,0,0,0,0,0,0,1,0,0,0,0,0,0,0,0,0,0,0,0
The Bachelor,1999,101.0,35,5.1,495.022554476336,553.8183792888728,5.991227270281851e-05,0,0,0,1,0,0,0,0,0,0,0,0,0,1,0,0,0,0,0
The Back-up Plan,2010,106.0,91,6.1,324.93674138791056,492.69902510508183,5.3698858097908105e-05,0,0,0,1,0,0,0,0,0,0,0,0,0,1,0,0,0,0,0
The Bad Batch,2017,119.0,31,5.3,298.9668615984406,617.1260689957962,6.710719081566465e-05,1,0,0,0,0,0,0,0,0,0,1,0,0,0,1,1,0,0,0
The Bad Guys,2022,90.0,105,6.0,302.95008734553375,67.20185693111068,2.505699842175554e-05,0,0,0,1,0,0,1,0,0,0,0,0,0,0,0,0,0,0,0
The Bad Guys 2,2025,104.0,102,7.753,287.2621359223301,365.12585328759025,4.272807825104168e-05,0,1,1,1,1,0,0,1,0,0,0,0,0,0,0,0,0,0,0
The Bad News Bears,2005,102.0,46,6.919,893.0035842293908,367.3986064984633,4.2902397074453555e-05,0,0,0,1,0,0,0,1,0,0,0,0,0,0,0,0,0,0,0
The Ballad of Jack and Rose,2005,111.0,67,6.109,312.51920122887867,300.1299451611935,3.803178110387086e-05,0,0,0,0,0,0,1,0,0,0,0,0,0,0,0,0,0,0,0
The Ballad of Lefty Brown,2017,105.0,7,6.2,2141.5789473684213,2424.605118876681,0.0017099538759720123,0,0,0,0,0,0,0,0,0,0,0,0,0,0,0,0,0,0,1
The Banger Sisters,2002,98.0,24,5.6,764.8114693348156,1082.239640844753,0.00015439262542399918,0,0,0,1,0,0,1,0,0,0,0,0,0,0,0,0,0,0,0
The Bank Job,2008,112.0,91,6.834,418.3706864431435,670.2579937438352,7.380836716477387e-05,0,0,0,0,1,0,1,0,0,0,0,0,0,0,0,1,0,0,0
The Banshees of Inisherin,2023,114.0,120,7.453,873.1951721583747,1619.3666558500408,0.00040412002425981735,0,0,0,1,0,0,1,0,0,0,0,0,0,0,0,0,0,0,0
The Batman,2022,177.0,98,7.658,978.4483716564343,633.3020599149677,6.908025785097382e-05,0,0,0,0,1,0,0,0,0,0,0,0,1,0,0,1,0,0,0
The Baxter,2005,91.0,46,6.052,280.4659498207885,21.086682065572518,2.3070208812402493e-05,0,0,0,1,0,0,0,0,0,0,0,0,0,1,0,0,0,0,0
The Bay,2012,84.0,14,5.8,250.7388626182181,1042.157008384741,0.00014369522572302065,0,0,0,0,0,0,0,0,0,0,1,0,0,0,1,1,0,0,0
The Bay of Silence,2020,93.0,7,4.397,20.905829101346875,610.4338201861882,6.630747680039326e-05,0,0,0,0,0,0,0,0,0,0,0,0,0,0,0,1,0,0,0
The Beach,2000,119.0,35,6.485,897.0121951219513,895.665721350665,0.00011052802003115503,0,1,0,0,0,0,1,0,0,0,0,0,0,1,0,1,0,0,0
The Beach Bum,2019,95.0,42,5.672,264.9864983146172,930.2878546608708,0.00011760027722835422,0,0,0,1,0,0,1,0,0,0,0,0,0,0,0,0,0,0,0
The Beautiful Country,2005,137.0,95,5.89,137.02764976958525,1852.3236242148062,0.0006134094442129239,0,0,0,0,0,0,1,0,0,0,0,0,0,0,0,0,0,0,0
The Beauty Academy of Kabul,2006,74.0,67,0.0,423.8541666666667,548.8285176381844,5.9379111007800915e-05,0,0,0,0,0,1,0,0,0,0,0,0,0,0,0,0,0,0,0
The Beaver,2011,91.0,56,6.376,375.1208473607317,1187.6133555634115,0.0001864691994530723,0,0,0,0,0,0,1,0,0,0,0,0,0,0,0,0,0,0,0
The Belko Experiment,2017,89.0,70,6.165,338.4668517018061,769.6026907287853,8.818517621240695e-05,0,0,0,0,0,0,0,0,0,0,1,0,0,0,0,1,0,0,0
The Benchwarmers,2006,85.0,28,5.839,934.6527777777778,1018.8586934028327,0.00013782128449877127,0,0,0,1,0,0,0,0,0,0,0,0,0,0,0,0,0,0,0
The Best Man,2000,120.0,88,6.6,999.8872048819528,539.7664315054983,5.842293960739579e-05,0,0,0,1,0,0,1,0,0,0,0,0,0,0,0,0,0,0,0
The Best Man Holiday,2014,123.0,56,6.496,1016.9141630901288,568.8414376626345,6.154654890903659e-05,0,0,0,1,0,0,0,0,0,0,0,0,0,0,0,0,0,0,0
The Best of Enemies,2019,104.0,42,6.9,239.32397158734355,20.587626570002953,2.3049592997945753e-05,0,0,0,1,0,0,0,0,0,0,0,0,0,0,0,0,0,1,0
The Best of Me,2015,117.0,91,7.462,247.68171047556072,847.6587774776152,0.00010141987647812378,0,0,0,0,0,0,1,0,0,0,0,0,0,1,0,0,0,0,0
The Beta Test,2021,94.0,7,6.098,162.25228075726417,1253.8987855522025,0.00020997957263753258,0,0,0,1,0,0,0,0,0,0,1,0,0,0,0,1,0,0,0
The Big Bounce,2004,88.0,18,4.945,417.7613816834304,1087.9977220686867,0.00015599343767592108,0,0,0,1,1,0,0,0,0,0,0,0,0,0,0,0,0,0,0
The Big Hit,1998,91.0,28,5.942,856.4294478527607,677.9476769691275,7.48321385988229e-05,1,1,0,1,1,0,0,0,0,0,0,0,0,0,0,1,0,0,0
The Big Kahuna,2000,90.0,49,6.748,288.90598786940257,646.2799141442159,7.070509276414452e-05,0,0,0,1,0,0,1,0,0,0,0,0,0,0,0,0,0,0,0
The Big Lebowski,1998,117.0,18,7.84,1229.1704158145876,1437.0114628429878,0.0002914998728224411,0,0,0,1,1,0,0,0,0,0,0,0,0,0,0,0,0,0,0
The Big Short,2016,131.0,119,7.358,2667.353083005354,1453.9915164001995,0.0003005030052916072,0,0,0,1,0,0,1,0,0,0,0,0,0,0,0,0,0,0,0
The Big Sick,2017,120.0,119,7.332,2070.0974735059262,1172.616721089647,0.00018152638233019455,0,0,0,1,0,0,1,0,0,0,0,0,0,1,0,0,0,0,0
The Big Ugly,2020,106.0,28,5.0,469.4308898211527,-116.37065009380842,1.8034743786365388e-05,0,0,0,0,0,0,0,0,0,0,0,0,0,0,0,1,0,0,0
The Big Wedding,2013,90.0,70,5.8,277.919435928878,239.29529209206692,3.410495005739772e-05,0,0,0,1,0,0,0,0,0,0,0,0,0,0,0,0,0,0,0
The Big Year,2011,102.0,49,5.999,180.01597081696173,604.5113253275167,6.5607699850484e-05,0,0,0,1,0,0,0,0,0,0,0,0,0,0,0,0,0,0,0
The Biggest Little Farm,2019,91.0,112,7.581,689.7860564836025,1143.30815661147,0.0001722414781951297,0,0,0,0,0,1,0,0,0,0,0,0,0,0,0,0,0,0,0
The Black Dahlia,2006,121.0,25,5.637,695.7672709235209,1140.051391372682,0.00017123951404719007,0,0,0,0,1,0,1,0,0,0,0,0,0,0,0,1,0,0,0
The Black Phone,2022,103.0,91,7.551,468.66776340220736,747.607534177462,8.477804476041859e-05,0,0,0,0,0,0,0,0,0,0,1,0,0,0,0,1,0,0,0
The Blackening,2023,97.0,42,5.961,373.1854455633669,630.9567802940737,6.87906363270606e-05,0,0,0,1,0,0,0,0,0,0,1,0,0,0,0,0,0,0,0
The Blair Witch Project,1999,81.0,100,6.364,6951.729186519969,1182.2935866415658,0.00018470061265299034,0,0,0,0,0,0,0,0,0,0,1,0,1,0,0,0,0,0,0
The Blind,2023,90.0,37,0.0,438.5825245753044,-92.1041233630965,1.8836026356119822e-05,0,0,0,0,0,0,1,0,0,0,0,0,0,0,0,0,0,0,0
The Blind Side,2010,129.0,120,7.672,1132.259867909868,1508.8183747118887,0.0003315156334052862,0,0,0,0,0,0,1,0,0,0,0,0,0,0,0,0,0,0,0
The Bling Ring,2013,90.0,73,5.428,2165.9579723054494,1872.5982860848023,0.0006360981132592507,0,0,0,0,1,0,1,0,0,0,0,0,0,0,0,0,0,0,0
The Bone Collector,2000,118.0,74,6.8,951.679730715816,409.08784647171564,4.6229128807693794e-05,0,0,0,0,1,0,1,0,0,0,0,0,1,0,0,1,0,0,0
The Boogeyman,2023,28.0,56,4.3,357.8409242849676,175.74575381982174,3.0435188464901294e-05,0,0,0,0,0,0,0,0,0,0,1,0,0,0,0,0,0,0,0
The Book of Clarence,2024,99.0,31,6.0,162.21875,492.35478936354025,5.366575403052139e-05,0,0,0,0,0,1,0,0,0,0,0,0,0,0,0,0,0,0,0
The Book of Eli,2010,118.0,119,6.795,520.3822932199016,924.5215997669295,0.00011639175319462957,1,0,0,0,0,0,0,0,0,0,0,0,0,0,1,1,0,0,0
The Book of Life,2015,63.0,112,6.346,371.0885666109598,604.8737679477244,6.565031159531057e-05,0,0,0,1,0,0,0,0,1,0,0,0,0,0,0,0,0,0,0
The Book Thief,2014,131.0,120,7.496,1312.562589413448,1281.092234817929,0.00022046187687338025,0,0,0,0,0,0,1,0,0,0,0,0,0,0,0,0,0,0,0
The Booksellers,2020,99.0,14,6.9,2042.4649481121653,1702.6653358474045,0.00046915525843685803,0,0,0,0,0,1,0,0,0,0,0,0,0,0,0,0,0,0,0
The Borrowers,1998,87.0,31,6.024,1090.2193251533745,760.2354836580394,8.671773329918841e-05,1,1,0,1,0,0,0,1,1,0,0,0,0,0,0,0,0,0,0
The Boss,2016,89.0,70,5.5,444.0595657276995,-37.36654642746123,2.077662601522245e-05,0,0,0,0,1,0,1,0,0,0,0,0,0,0,0,1,0,0,0
The Boss Baby,2017,97.0,120,6.457,666.03963300525,1037.5370039779887,0.00014251086761489184,0,0,1,1,0,0,0,1,0,0,0,0,0,0,0,0,0,0,0
The Bounty Hunter,2010,110.0,109,5.851,588.4182155915306,671.856425420898,7.402001598837821e-05,1,0,0,1,0,0,0,0,0,0,0,0,0,1,0,0,0,0,0
The Bourne Identity,2002,119.0,113,7.47,1416.487024041134,1054.1974961833598,0.00014682831539469509,1,0,0,0,0,0,1,0,0,0,0,0,1,0,0,1,0,0,0
The Bourne Legacy,2012,135.0,91,6.238,570.427207998788,682.9674517645949,7.550809827360001e-05,1,0,0,0,0,0,0,0,0,0,0,0,0,0,0,1,0,0,0
The Bourne Supremacy,2004,108.0,63,7.324,1637.9484257655831,936.8279379015131,0.00011898617896321801,1,0,0,0,0,0,1,0,0,0,0,0,0,0,0,1,0,0,0
The Bourne Ultimatum,2007,115.0,58,7.433,1650.0223730392406,789.4277676273043,9.137333155776561e-05,1,0,0,0,0,0,1,0,0,0,0,0,1,0,0,1,0,0,0
The Box,2010,115.0,63,5.636,225.5749435749436,484.84155203108975,5.294829149818267e-05,0,0,0,0,0,0,0,0,0,0,0,0,0,0,1,1,0,0,0
The Boy,2016,105.0,70,5.725,416.79303571428574,90.8570953806992,2.6141636838967285e-05,0,0,0,0,0,0,1,0,0,0,1,0,0,0,0,1,0,0,0
The Boy Next Door,2015,14.0,49,5.813,483.9330922242314,479.26422472790983,5.2421905218529656e-05,0,0,0,0,0,0,1,0,0,0,0,0,0,0,0,0,0,0,0
The Boys in the Boat,2024,124.0,44,7.214,464.5513314659482,763.5316005055256,8.72312890307e-05,0,0,0,0,0,0,1,0,0,1,0,0,0,0,0,0,0,0,0
The Boys of Baraka,2006,84.0,81,7.1,1933.6123911930365,590.7303344501536,6.400784810306683e-05,0,0,0,0,0,1,0,0,0,0,0,0,0,0,0,0,0,0,0
The Brave One,2007,122.0,41,6.599,599.5591782299026,820.2508969492152,9.656056477107352e-05,0,0,0,0,1,0,1,0,0,0,0,0,0,0,0,1,0,0,0
The Breadwinner,2018,94.0,118,7.826,336.4423036339847,1412.1538597195054,0.0002788041286248311,0,0,1,0,0,0,1,1,0,0,0,0,0,0,0,0,0,1,0
The Break-Up,2006,106.0,95,5.9,1226.106426366843,713.9461149283794,7.981690338349489e-05,0,0,0,1,0,0,0,0,0,0,0,0,0,1,0,0,0,0,0
The Broken Hearts Gallery,2020,109.0,67,7.149,42.79931486308796,503.86318475658004,5.478362249131021e-05,0,0,0,1,0,0,0,0,0,0,0,0,0,1,0,0,0,0,0
The Bronze,2016,108.0,1,6.037,144.76250000000002,3517.914567719098,0.012122079065799549,0,0,0,1,0,0,1,0,0,0,0,0,0,0,0,0,0,0,0
The Brothers,2001,106.0,67,6.451,1133.952770831653,370.6408203876658,4.315230457756557e-05,0,0,0,1,0,0,1,0,0,0,0,0,0,1,0,0,0,0,0
The Brothers Bloom,2009,114.0,84,6.557,1069.8422688422688,842.9803829417326,0.00010057343770768553,0,1,0,1,0,0,1,0,0,0,0,0,0,1,0,0,0,0,0
The Brothers Grimm,2005,118.0,46,5.841,831.5633291439743,424.65988217511233,4.7536885453343995e-05,1,1,0,1,0,0,0,0,1,0,0,0,0,0,0,1,0,0,0
The Brothers Solomon,2007,93.0,1,5.039,409.1799324650265,1550.0393198321726,0.0003569224225261896,0,0,0,1,0,0,0,0,0,0,0,0,0,0,0,0,0,0,0
The Brutalist,2025,201.0,87,6.962,4083.098039215686,1582.2794355827489,0.0003781434498834758,0,0,0,0,0,0,1,0,0,1,0,0,0,0,0,0,0,0,0
The Bucket List,2008,97.0,79,7.187,1455.5781152126488,789.096319437674,9.131909396182812e-05,0,0,0,1,0,0,1,0,0,0,0,0,0,0,0,0,0,0,0
The Butterfly Effect,2004,113.0,35,7.572,1037.2104666112075,787.8731230381331,9.111921075917315e-05,0,0,0,0,0,0,0,0,0,0,0,0,0,0,1,1,0,0,0
The Bye Bye Man,2017,96.0,35,5.16,449.76988984088126,492.1856796931829,5.364949876216204e-05,0,0,0,0,0,0,0,0,0,0,1,0,0,0,0,1,0,0,0
The Cabin in the Woods,2012,95.0,91,6.641,374.2769077612284,578.7971816433733,6.265406540465496e-05,0,0,0,1,0,0,0,0,0,0,1,0,1,0,0,0,0,0,0
The Call,2020,11.0,55,4.7,322.85528870923,238.394055534897,3.404993267402581e-05,0,0,0,0,0,0,0,0,0,0,1,0,0,0,0,1,0,0,0
The Call of the Wild,2020,100.0,28,5.974,687.5390395992112,205.84945193811063,3.2121559086611235e-05,1,1,0,0,0,0,1,1,0,0,0,0,0,0,0,0,0,0,1
The Calling,2003,89.0,6,4.844,62.08967391304348,1277.9709930204103,0.00021923262305271088,0,0,0,0,0,0,0,0,0,0,1,0,0,0,0,1,0,0,0
The Campaign,2012,85.0,105,5.838,445.1694043471047,1042.759326857951,0.00014385035618697214,0,0,0,1,0,0,0,0,0,0,0,0,0,0,0,0,0,0,0
The Carpenter,2024,89.0,21,4.143,48.875,748.821647096965,8.49626351548747e-05,0,0,0,0,0,0,0,0,0,0,1,0,0,0,0,1,0,0,0
The Case for Christ,2017,71.0,77,5.4,286.86732687956675,-174.54455640103754,1.6249903489414048e-05,0,0,0,0,0,1,0,0,0,0,0,0,0,0,0,0,0,0,0
The Catcher Was A Spy,2018,94.0,63,6.181,360.73336336512784,299.85413063070405,3.801299439236227e-05,0,0,0,0,0,0,1,0,0,1,0,0,0,0,0,1,0,1,0
The Cave,2005,97.0,21,5.445,499.8017701704337,917.2525227118882,0.00011488593987785097,1,1,0,0,0,0,0,0,0,0,1,0,0,0,0,1,0,0,0
The Cell,2000,107.0,63,6.273,869.0832439917806,280.92145373465667,3.674535895035371e-05,0,0,0,0,0,0,0,0,0,0,1,0,0,0,1,1,0,0,0
The Center of the World,2001,88.0,39,5.025,850.1016374929419,932.8461251678344,0.00011814046481661531,0,0,0,0,0,0,1,0,0,0,0,0,0,1,0,0,0,0,0
The Challenger,2015,95.0,10,5.9,136.68987341772151,416.0379503851759,4.6808300921218624e-05,1,0,0,0,0,0,1,0,0,0,0,0,0,0,0,0,0,0,0
The Change-Up,2011,112.0,56,6.151,489.8391348535857,663.8939125968521,7.297168158619307e-05,0,0,0,1,0,0,0,0,0,0,0,0,0,0,0,0,0,0,0
The Chaperone,2011,103.0,4,5.5,236.5940417963539,942.1942530221636,0.00012013553902074575,1,0,0,1,0,0,0,1,0,0,0,0,0,0,0,0,0,0,0
The Child,2006,82.0,67,4.182,341.5674603174603,1636.6281560604186,0.00041681158887859303,0,0,0,0,0,0,0,0,0,0,1,0,1,0,0,0,0,0,0
The Children Act,2018,105.0,28,6.576,615.4669454400637,2232.9448188246624,0.0012130341826557141,0,0,0,0,0,0,1,0,0,0,0,0,0,0,0,0,0,0,0
The Choice,2016,111.0,56,7.2,240.0124269005848,489.6000419367916,5.3401572704878535e-05,0,0,0,0,0,0,1,0,0,0,0,0,0,1,0,0,0,0,0
The Chronicles of Riddick,2004,119.0,17,6.543,1883.965060878772,1266.864488587093,0.00021491381836002477,1,0,0,0,0,0,0,0,0,0,0,0,0,0,1,0,0,0,0
The Cider House Rules,2000,126.0,119,7.063,966.6176470588236,1545.5603467227572,0.00035407005566331587,0,0,0,0,0,0,1,0,0,0,0,0,0,0,0,0,0,0,0
The Circle,2017,103.0,42,4.611,276.8778761397816,-432.01615867406827,1.0245622697062636e-05,0,0,0,0,0,0,1,0,0,0,0,0,1,0,0,1,0,0,0
The Class,2009,114.0,116,3.4,1006.1235431235432,1815.8071663939782,0.0005745670570549072,0,0,0,1,0,0,0,0,0,0,0,0,0,0,0,0,0,0,0
The Climb,2020,99.0,19,5.7,24.79327666151468,2301.4280692409793,0.0013713644296985794,1,0,0,0,0,0,1,0,0,0,0,0,0,0,0,0,0,0,0
The Closet,2001,3.0,45,5.1,2209.364509008778,478.0244842928234,5.230561166392084e-05,0,0,0,0,0,0,0,0,0,0,1,0,0,0,0,0,0,0,0
The Cold Light of Day,2012,101.0,28,4.75,165.97452090592336,266.10686215751355,3.5783001735715636e-05,0,0,0,0,0,0,1,0,0,0,0,0,0,0,0,1,0,0,0
The Collector,2009,90.0,56,6.6,310.4724442224443,-88.6165861499054,1.8954074657316135e-05,0,0,0,0,0,0,0,0,0,0,1,0,0,0,0,1,0,0,0
The Color Purple,2024,154.0,60,7.739,372.23820017012383,574.5380831703308,6.217784779335058e-05,0,0,0,0,0,0,1,0,0,1,0,0,0,0,0,0,0,0,0
The Comebacks,2007,107.0,63,4.8,210.0902763420853,157.82347755871376,2.947355334992921e-05,0,0,0,1,0,0,0,0,0,0,0,0,0,0,0,0,0,0,0
The Commuter,2018,104.0,63,6.4,381.2584005376344,267.3419164481959,3.586225872823631e-05,1,0,0,0,0,0,0,0,0,0,0,0,1,0,0,1,0,0,0
The Company,2004,112.0,54,5.248,1138.0271739130435,506.18247566431705,5.5011710646491454e-05,0,0,0,0,0,0,1,0,0,0,0,1,0,1,0,0,0,0,0
The Company Men,2011,104.0,119,6.525,372.8315105499736,1386.860350799298,0.0002664531739061053,0,0,0,0,0,0,1,0,0,0,0,0,0,0,0,0,0,0,0
The Concert,2010,12.0,118,5.4,731.298905374305,429.2914093983694,4.793293734990109e-05,0,0,0,1,0,0,1,0,0,0,0,1,0,0,0,0,0,0,0
The Condemned,2007,113.0,14,6.1,315.0275652952933,947.359625529296,0.0001212523463854925,1,0,0,0,0,0,0,0,0,0,0,0,0,0,0,1,0,0,0
The Conjuring,2013,112.0,106,7.539,709.2115151024375,1109.4892581293045,0.0001621163077231531,0,0,0,0,0,0,0,0,0,0,1,0,0,0,0,1,0,0,0
The Conjuring: Last Rites,2025,136.0,67,6.998,828.5384615384615,-182.34112503828987,1.6024521498295994e-05,0,0,0,0,0,0,0,0,0,0,1,0,0,0,0,0,0,0,0
The Conspirator,2011,122.0,120,6.552,318.2861731650848,675.0533502094089,7.444514430657848e-05,0,0,0,0,1,0,1,0,0,1,0,0,0,0,0,0,0,0,0
The Contractor,2022,105.0,14,5.582,172.24242276343404,889.1583761049244,0.00010924704225973364,1,1,0,0,0,0,1,0,0,0,0,0,0,0,0,1,0,0,0
The Cookout,2004,97.0,10,4.6,1554.9398774861984,902.3463156173619,0.00011185872895777676,0,0,0,1,0,0,0,0,0,0,0,0,0,0,0,0,0,0,0
The Cooler,2004,101.0,83,6.7,768.891304347826,579.7730476004285,6.276369134636779e-05,0,0,0,0,0,0,1,0,0,0,0,0,0,1,0,0,0,0,0
The Core,2003,136.0,21,5.818,751.5402173913043,1007.6119245228499,0.00013507231023910993,0,1,0,0,0,0,0,0,0,0,0,0,0,0,1,1,0,0,0
The Corruptor,1999,110.0,28,6.1,626.7081447963801,763.7662126604289,8.726795881138512e-05,1,0,0,0,1,0,1,0,0,0,0,0,0,0,0,1,0,0,0
The Counselor,2014,117.0,69,5.283,218.3509129264567,526.5752995226354,5.7058549743986005e-05,0,0,0,0,1,0,1,0,0,0,0,0,0,0,0,1,0,0,0
The Count of Monte Cristo,2025,131.0,49,7.672,774.9090909090909,354.87817895439804,4.195084265039682e-05,1,1,0,0,0,0,1,0,0,1,0,0,0,0,0,1,0,0,0
The Counterfeiters,2008,73.0,95,5.6,372.1690664189503,1661.4517555235302,0.00043576515470925367,1,0,0,0,1,0,1,0,0,0,0,0,0,0,0,0,0,0,0
The Courier,2021,85.0,98,0.0,112.25141440850985,-730.7223163833562,5.999920885447278e-06,1,0,0,0,1,0,0,0,0,0,0,0,0,0,0,1,0,0,0
The Cove,2009,92.0,120,7.938,524.4270007770008,1137.2739112305962,0.00017038961135126533,0,0,0,0,0,1,0,0,0,0,0,0,0,0,0,0,0,0,0
The Covenant,2006,97.0,21,5.6,577.4855914588057,913.7448565033965,0.00011416629933439149,1,1,0,0,0,0,0,0,1,0,1,0,0,0,0,0,0,0,0
The Critic,2024,4.0,49,6.5,70.0,464.1024238891364,5.101723861140282e-05,0,0,1,1,0,0,0,0,0,0,0,0,0,0,0,0,0,0,0
The Croods,2013,98.0,120,6.927,735.4328734082928,1047.1808666891498,0.0001449942872156097,0,1,1,1,0,0,0,1,0,0,0,0,0,0,0,0,0,0,0
The Croods: A New Age,2021,95.0,120,7.458,284.1047462648119,1007.6101030179786,0.00013507186949125925,0,1,1,1,0,0,0,1,1,0,0,0,0,0,0,0,0,0,0
The Crow,2024,102.0,21,7.518,152.83333333333334,1197.1010032663219,0.00018966556040517227,1,0,0,0,0,0,0,0,1,0,0,0,0,0,0,1,0,0,0
The Curse of La Llorona,2019,93.0,77,5.7,436.2314110084936,665.7217699879361,7.321101434071095e-05,0,0,0,0,0,0,0,0,0,0,1,0,0,0,0,0,0,0,0
The Cursed,2022,89.0,35,4.278,128.2308555810435,370.2873267749787,4.312498699208748e-05,0,0,0,0,0,0,0,0,0,0,1,0,0,0,0,1,0,0,0
The D Train,2015,101.0,1,4.88,209.98734177215192,1669.0807940619704,0.00044176151367992936,0,0,0,1,0,0,1,0,0,0,0,0,0,0,0,0,0,0,0
The Da Vinci Code,2006,149.0,63,6.728,1818.2429453262787,418.42351372403766,4.7008764919524254e-05,0,0,0,0,0,0,0,0,0,0,0,0,1,0,0,1,0,0,0
The Damned,2025,96.0,10,6.232,191.8,218.57800624084518,3.286240987466627e-05,0,0,0,0,0,0,0,0,0,0,1,0,0,0,1,0,0,0,0
The Damned United,2010,97.0,102,7.227,16.05128205128205,2735.9964586631822,0.002987076043296642,0,0,0,0,0,0,1,0,0,1,0,0,0,0,0,0,0,0,0
The Dark Knight,2008,152.0,120,8.5,1729.7643495718064,1359.992130631104,0.00025393202295625426,1,0,0,0,1,0,1,0,0,0,0,0,0,0,0,1,0,0,0
The Dark Knight Rises,2012,165.0,120,7.788,1456.909681227863,1308.8012544523394,0.00023168134517904086,1,0,0,0,1,0,1,0,0,0,0,0,0,0,0,1,0,0,0
The Darkest Hour,2012,89.0,68,5.301,296.9296157769465,363.2222067643363,4.25826148924359e-05,1,0,0,0,0,0,0,0,0,0,1,0,0,0,1,1,0,0,0
The Darkest Minds,2018,105.0,49,7.029,183.6702183860402,656.0645082980682,7.195535040526567e-05,1,1,0,0,0,0,1,0,0,0,0,0,0,0,0,0,0,0,0
The Darkness,2016,92.0,49,4.761,269.6495,609.2007486655573,6.616116968740011e-05,0,0,0,0,0,0,0,0,0,0,1,0,0,0,0,1,0,0,0
The Dawn Wall,2018,101.0,25,8.061,4766.334672893813,1098.9521925460165,0.00015908487333604181,0,1,0,0,0,1,0,0,0,0,0,0,0,0,0,0,0,0,0
The Day After Tomorrow,2004,123.0,28,6.545,3053.306360130076,994.8344970255678,0.00013201567881589705,0,1,0,0,0,0,0,0,0,0,0,0,0,0,1,1,0,0,0
The Day Shall Come,2019,87.0,14,5.714,91.45706464048271,1068.1879038452437,0.00015055470323571568,0,0,0,1,0,0,0,0,0,0,0,0,0,0,0,0,0,0,0
The Dead Girl,2006,85.0,1,6.004,1552.579365079365,1464.680470680656,0.0003063125609128252,0,0,0,0,1,0,1,0,0,0,0,0,1,0,0,1,0,0,0
The Death of Dick Long,2019,100.0,7,6.135,197.4283479523996,2503.872230820126,0.0019708522228835896,0,0,0,1,1,0,1,0,0,0,0,0,0,0,0,0,0,0,0
The Death of Stalin,2018,107.0,120,7.017,1360.349647989524,1114.1805357348355,0.00016348447205563707,0,0,0,1,0,0,1,0,0,1,0,0,0,0,0,0,0,0,0
The Deep End of the Ocean,1999,106.0,20,6.548,631.9180672268908,1212.8546008234748,0.00019509437511017368,0,0,0,0,0,0,1,0,0,0,0,0,1,0,0,0,0,0,0
The Departed,2007,151.0,120,8.159,1211.0391429963795,1452.0322828160695,0.000299450153195886,0,0,0,0,1,0,1,0,0,0,0,0,0,0,0,1,0,0,0
The Departure,2017,18.0,54,8.4,200.02173026094053,120.01576635779486,2.754343929926849e-05,0,0,0,0,0,0,1,0,0,0,0,0,0,0,0,0,0,0,0
The Descent,2006,100.0,32,6.974,1000.0681216931216,1142.9875679111726,0.00017214258748424977,0,1,0,0,0,0,0,0,0,0,1,0,0,0,0,0,0,0,0
The Devil and Father Amorth,2018,68.0,29,5.072,212.4789260586752,742.1868164299631,8.395877393509693e-05,0,0,0,0,0,1,0,0,0,0,1,0,0,0,0,0,0,0,0
The Devil Inside,2012,83.0,77,4.682,475.5786540695078,331.61367463603165,4.023842262225011e-05,0,0,0,0,0,0,0,0,0,0,1,0,0,0,0,1,0,0,0
The Devil Wears Prada,2006,109.0,120,7.4,802.4765211640212,1458.3598869435973,0.0003028638256227273,0,0,0,1,0,0,1,0,0,0,0,0,0,0,0,0,0,0,0
The Devil's Double,2011,109.0,63,6.7,1112.7209976920958,341.4758078076207,4.095563547853531e-05,1,0,0,0,1,0,1,0,0,0,0,0,0,0,0,1,0,1,0
The Devil's Rejects,2005,111.0,7,6.75,1269.0798039645967,1597.456141018987,0.00038856531465585086,0,0,0,0,1,0,1,0,0,0,1,0,0,0,0,0,0,0,0
The Devil's Violinist,2015,122.0,7,6.588,213.00602772754672,887.3623647735571,0.0001088961170666838,0,0,0,0,0,0,1,0,0,0,0,0,0,0,0,0,0,0,0
The Dictator,2012,83.0,72,6.214,537.7794110530391,843.5984056186845,0.00010068484724870912,0,0,0,1,0,0,0,0,0,0,0,0,0,0,0,0,0,0,0
The Dilemma,2011,111.0,49,5.328,535.7591128937124,721.161905273533,8.085534715802273e-05,0,0,0,1,0,0,1,0,0,0,0,0,0,0,0,0,0,0,0
The Dinner,2017,120.0,42,4.5,152.7874919857784,130.9411582639384,2.8087824536116956e-05,0,0,0,0,0,0,1,0,0,0,0,0,1,0,0,1,0,0,0
The Disappointments Room,2016,92.0,42,4.508,163.50989583333333,673.5990769231718,7.42514525841027e-05,0,0,0,0,0,0,0,0,0,0,1,0,0,0,0,1,0,0,0
The Disaster Artist,2018,104.0,98,7.105,1560.2697774336173,2023.314285673858,0.0008332606527843265,0,0,0,1,0,0,1,0,0,0,0,0,0,0,0,0,0,0,0
The Dish,2001,101.0,76,6.687,888.9836250705816,572.7937421685341,6.198385618169314e-05,0,0,0,1,0,0,1,0,0,1,0,0,0,0,0,0,0,0,0
The Djinn,2021,82.0,21,5.615,178.15289423262848,367.66475636556123,4.292285707281782e-05,0,0,0,0,0,0,0,0,0,0,1,0,0,0,0,1,0,0,0
The Domino Revival,2023,125.0,1,0.0,577.3088283557598,938.3776313313631,0.00011931695917844259,0,0,0,0,0,1,0,0,0,0,0,0,0,0,0,0,0,0,0
The Double,2014,98.0,18,5.807,572.5771018166456,1170.6216461283468,0.00018087876663369548,1,0,0,0,1,0,1,0,0,0,0,0,0,0,0,0,0,0,0
The Dressmaker,2016,92.0,1,3.25,1811.4875,1633.13020427832,0.0004142079073543173,0,0,0,0,0,0,1,0,0,0,0,0,0,1,0,0,0,1,0
The Dry,2021,117.0,35,6.82,117.15836101882616,49.97013685091326,2.4295329836657234e-05,0,0,0,0,1,0,0,0,0,0,0,0,1,0,0,1,0,0,0
The Dry Land,2010,92.0,7,4.5,483.0208947402895,824.0033311507627,9.721184461967784e-05,0,0,0,0,0,0,1,0,0,0,0,0,0,0,0,0,0,0,0
The Duchess,2008,110.0,84,7.0,1337.361433658461,890.5714561267669,0.0001095239406899551,0,0,0,0,0,0,1,0,0,1,0,0,0,1,0,0,0,0,0
The DUFF,2015,100.0,84,6.767,286.885222021298,840.084632541394,0.00010005306715817595,0,0,0,1,0,0,0,0,0,0,0,0,0,1,0,0,0,0,0
The Dukes of Hazzard,2005,104.0,67,5.597,1257.8435542951672,317.81965662229106,3.925628765746274e-05,1,1,0,1,0,0,0,0,0,0,0,0,0,0,0,0,0,0,0
The Dying Gaul,2006,95.0,74,5.932,206.7434715821813,535.2784211446669,5.795511092946018e-05,0,0,0,0,0,0,1,0,0,0,0,0,0,0,0,0,0,0,0
The Eclipse,2010,88.0,67,5.956,262.627235213205,484.0392570048066,5.287224692211868e-05,0,0,0,0,0,0,1,0,0,0,1,0,0,0,0,0,0,0,0
The Edge,1997,117.0,23,6.8,826.3341829510056,1246.8737223172025,0.00020735359118136685,1,1,0,0,0,0,1,0,0,0,0,0,0,0,0,0,0,0,0
The Edge of Seventeen,2017,105.0,49,7.158,273.0765306122449,843.047947493809,0.00010058561141136968,0,0,0,1,0,0,1,0,0,0,0,0,0,0,0,0,0,0,0
The Emoji Movie,2017,86.0,120,5.416,350.52857862851386,902.047749396372,0.00011179891691140623,0,0,1,1,0,0,0,1,0,0,0,0,0,0,0,0,0,0,0
The Emperor's Club,2002,108.0,14,7.12,1850.7317196422248,1519.6289977027955,0.0003379984105339073,0,0,0,0,0,0,1,0,0,0,0,0,0,0,0,0,0,0,0
The Empty Man,2020,137.0,67,6.2,38.17821633717041,339.6101557664376,4.081898441108095e-05,0,0,0,0,0,0,0,0,0,0,1,0,1,0,0,0,0,0,0
The End,2024,100.0,21,5.531,274.85714285714283,835.939583432393,9.931287767341966e-05,0,0,0,1,0,0,0,0,0,0,0,0,0,0,0,0,0,0,0
The End of the Affair,2000,102.0,77,6.585,999.1542071374006,694.3335148304747,7.706129594440913e-05,0,0,0,0,0,0,1,0,0,0,0,0,0,1,0,0,0,0,0
The End of Violence,1997,121.0,14,5.26,3594.97285269248,1151.0758677549702,0.0001746549942615167,0,0,0,0,0,0,1,0,0,0,0,0,0,0,0,1,0,0,0
The Equalizer,2015,132.0,101,7.281,718.8454267004647,768.0388532591428,8.793847387790816e-05,1,0,0,0,1,0,0,0,0,0,0,0,0,0,0,1,0,0,0
The Equalizer 2,2018,121.0,63,6.778,728.899840700916,589.2628086120318,6.383979656607928e-05,1,0,0,0,1,0,0,0,0,0,0,0,0,0,0,1,0,0,0
The Equalizer 3,2023,109.0,77,7.294,401.4727491521716,629.9290545256338,6.866410411621568e-05,1,0,0,0,1,0,0,0,0,0,0,0,0,0,0,1,0,0,0
The Essential Church,2023,126.0,3,7.2,251.67377748605188,1369.0488430782525,0.0002580854837393008,0,0,0,0,0,1,1,0,0,1,0,0,0,0,0,0,0,0,0
The Eternal Daughter,2022,96.0,3,6.0,413.8401093269559,2701.471133544748,0.0028079258827079065,0,0,0,0,0,0,1,0,0,0,0,0,1,0,0,0,0,0,0
The Ex,2007,90.0,18,5.278,326.41056001403325,1015.8187152568925,0.00013707277211570714,0,0,0,1,0,0,0,0,0,0,0,0,0,1,0,0,0,0,0
The Exception,2017,107.0,84,6.9,736.4661168424939,1737.8210771481072,0.0004996520685226337,0,0,0,0,0,0,1,0,0,0,0,0,0,1,0,0,0,1,0
The Exorcism,2024,96.0,14,5.022,205.375,363.9592002742618,4.2638871942879506e-05,0,0,0,0,0,0,0,0,0,0,1,0,0,0,0,1,0,0,0
The Exorcism of Emily Rose,2005,122.0,32,6.598,1295.8908487384572,892.8816730439594,0.00010997814897325402,0,0,0,0,1,0,1,0,0,0,1,0,0,0,0,1,0,0,0
The Exorcist: Believer,2023,111.0,56,5.824,406.82435778858496,482.1636651894071,5.2694897023889176e-05,0,0,0,0,0,0,0,0,0,0,1,0,0,0,0,1,0,0,0
The Expendables,2010,103.0,70,6.248,701.895693279346,412.5339607376399,4.6515402114377465e-05,1,1,0,0,0,0,0,0,0,0,0,0,0,0,0,1,0,0,0
The Expendables 2,2012,103.0,96,6.351,444.02286360860666,635.4727375064995,6.934940400903908e-05,1,1,0,0,0,0,0,0,0,0,0,0,0,0,0,1,0,0,0
The Expendables 3,2014,126.0,63,6.2,333.2526008660752,285.33938226799944,3.7037326866837184e-05,1,1,0,0,0,0,0,0,0,0,0,0,0,0,0,1,0,0,0
The Express,2008,130.0,28,7.116,253.89323867029395,1171.7547626342146,0.00018124630040966422,0,0,0,0,0,0,1,0,0,0,0,0,0,0,0,0,0,0,0
The Extra Man,2010,108.0,39,5.757,322.9023383768913,502.0864170984083,5.4609528149917475e-05,0,0,0,1,0,0,0,0,0,0,0,0,0,0,0,0,0,0,0
The Eye,2008,98.0,39,5.9,581.7378255743326,601.4986273696705,6.525457096622234e-05,0,0,0,0,0,0,1,0,0,0,1,0,0,0,0,1,0,0,0
The Eyes of Tammy Faye,2021,79.0,49,6.182,130.06591784000423,1056.434332389476,0.00014741784913300488,0,0,0,0,0,1,1,0,0,0,0,0,0,0,0,0,0,0,0
The Fabelmans,2023,151.0,120,7.575,927.9029780685762,1465.3946115821213,0.0003067046825345999,0,0,0,0,0,0,1,0,0,0,0,0,0,0,0,0,0,0,0
The Faculty,1999,104.0,21,6.6,1273.8542214431786,1491.0519747417557,0.00032113067140096123,0,0,0,0,0,0,0,0,0,0,1,0,0,0,1,0,0,0,0
The Fall,2008,119.0,120,7.614,927.4385801940988,838.4517667634291,9.976082685347963e-05,0,1,0,0,0,0,1,0,1,0,0,0,0,0,0,0,0,0,0
The Fall Guy,2024,20.0,77,4.2,459.7368421052632,-380.71996675773676,1.1231731178239745e-05,1,0,0,1,0,0,0,0,0,0,0,0,0,0,0,0,0,0,1
The Family,2014,111.0,119,6.367,236.77461679950952,1010.4932455072858,0.0001357713043716158,1,0,0,1,1,0,0,0,0,0,0,0,0,0,0,0,0,0,0
The Family Man,2001,125.0,40,6.805,1444.1535564706298,885.9657431709119,0.00010862400849345599,0,0,0,1,0,0,1,0,1,0,0,0,0,1,0,0,0,0,0
The Family Stone,2006,103.0,67,6.3,1218.931728963987,576.2655774426864,6.237056421151747e-05,0,0,0,1,0,0,1,0,0,0,0,0,0,1,0,0,0,0,0
The Family That Preys,2008,7.0,28,0.0,980.9936301506204,187.76105376470719,3.1097385425473943e-05,0,0,0,0,0,0,0,0,0,0,1,0,0,0,0,0,0,0,0
The Farewell,2019,100.0,119,7.411,2278.3517317760115,2295.2272150401277,0.001356215262678666,0,0,0,1,0,0,1,0,0,0,0,0,0,0,0,0,0,0,0
The Fast and the Furious,2001,106.0,63,6.995,1681.482318004057,729.5443313316049,8.207866007190287e-05,1,0,0,0,1,0,0,0,0,0,0,0,0,0,0,1,0,0,0
The Fate of the Furious,2017,136.0,91,6.861,947.4450534830504,728.9801284105462,8.199574368313424e-05,1,0,0,0,1,0,0,0,0,0,0,0,0,0,0,1,0,0,0
The Fault in Our Stars,2014,126.0,112,7.595,646.9680077466343,1354.6698737628717,0.00025152245686832145,0,0,0,0,0,0,1,0,0,0,0,0,0,1,0,0,0,0,0
The Feast,2021,29.0,7,0.0,45.22596635553448,487.76549496016537,5.322636076837379e-05,0,0,0,0,0,1,0,0,0,0,0,0,0,0,0,0,0,0,0
The Fighter,2011,116.0,112,7.38,2031.4913702757576,1417.3497463122349,0.0002814113377871316,0,0,0,0,0,0,1,0,0,0,0,0,0,0,0,0,0,0,0
The Fighting Preacher,2019,101.0,120,7.1,396.4319840959458,488.4495271720785,5.329162326575252e-05,0,0,0,0,0,0,1,1,0,0,0,0,0,0,0,0,0,0,0
The Fighting Temptations,2003,122.0,21,5.8,1129.163615560641,680.9929596907214,7.524148895515424e-05,0,0,0,1,0,0,0,0,0,0,0,1,0,1,0,0,0,0,0
The Final Destination,2009,82.0,91,5.62,466.5572649572649,612.6856629765781,6.657549919036185e-05,0,0,0,0,0,0,0,0,0,0,1,0,1,0,0,0,0,0,0
The Final Season,2007,119.0,1,5.242,292.9184756391703,1675.6382290694614,0.0004469815010498834,0,0,0,0,0,0,1,0,0,0,0,0,0,0,0,0,0,0,0
The Firing Squad,2024,95.0,28,1.0,90.5,440.9821165057414,4.89473734161767e-05,0,0,0,0,1,0,0,0,0,0,0,0,0,0,0,0,0,0,0
The First Basket,2008,86.0,44,0.0,192.10735850308532,643.5942367604705,7.036573758787882e-05,0,0,0,0,0,1,0,0,0,0,0,0,0,0,0,0,0,0,0
The First Grader,2011,103.0,53,7.1,447.441084926634,648.9718817227633,7.104688513287007e-05,0,0,0,0,0,0,1,0,0,1,0,0,0,1,0,0,0,0,0
The First Omen,2024,119.0,56,6.85,165.44444444444446,733.3179972184595,8.263540559077833e-05,0,0,0,0,0,0,0,0,0,0,1,0,0,0,0,0,0,0,0
The First Purge,2018,97.0,65,6.0,606.4674824710667,624.3881875368763,6.79859192091168e-05,1,0,0,0,0,0,0,0,0,0,1,0,0,0,0,1,0,0,0
The First Wave,2021,7.0,7,5.143,935.8803986710964,1113.9569903809852,0.0001634190160577936,0,0,0,0,0,0,0,0,0,0,1,0,0,0,0,0,0,0,0
The Five-Year Engagement,2012,124.0,56,5.857,372.700192882031,708.3470241218845,7.902032152438883e-05,0,0,0,1,0,0,0,0,0,0,0,0,0,1,0,0,0,0,0
The Flash,2023,94.0,63,6.5,692.5374895862261,-92.07753657249805,1.883692349523753e-05,1,0,0,0,1,0,0,0,0,0,0,0,0,0,1,0,0,0,0
The Florida Project,2018,112.0,120,7.4,1217.8713790289678,2489.643932283018,0.0019212526155299456,0,0,0,0,0,0,1,0,0,0,0,0,0,0,0,0,0,0,0
The Fluffy Movie,2014,114.0,35,6.959,333.1563763655019,201.72450488384857,3.188507298109138e-05,0,0,0,1,0,0,0,0,0,0,0,0,0,0,0,0,0,0,0
The Fog,2005,90.0,18,6.7,780.5857085964612,1378.720641793356,0.0002625960682810119,0,0,0,0,0,0,0,0,0,0,1,0,0,0,0,0,0,0,0
The Fog of War,2004,107.0,60,7.7,3118.9429347826085,2877.7499785772534,0.00385061637567734,0,0,0,0,0,1,0,0,0,1,0,0,0,0,0,0,1,1,0
The Foot Fist Way,2008,83.0,77,5.761,430.1694404063192,502.4014756133467,5.464035835797969e-05,0,0,0,1,0,0,0,0,0,0,0,0,0,0,0,0,0,0,0
The Forbidden Kingdom,2008,104.0,63,6.628,505.17889397592137,398.6308299690978,4.537118996699841e-05,1,1,0,0,0,0,0,0,1,0,0,0,0,0,0,0,0,0,0
The Foreigner,2017,95.0,70,3.884,346.9204291436091,-229.8896698777287,1.4716088492038768e-05,1,0,0,0,0,0,0,0,0,0,0,0,0,0,0,1,0,0,0
The Forest,2016,85.0,70,3.837,326.50744047619054,-49.177449130166224,2.0341649277641353e-05,0,0,0,0,0,0,0,0,0,0,1,0,0,0,0,0,0,0,0
The Forever Purge,2021,103.0,91,6.9,236.58232622337783,540.8307616737193,5.853443787341439e-05,1,0,0,0,0,0,0,0,0,0,1,0,0,0,0,1,0,0,0
The Forge,2024,6.0,91,0.0,299.1969696969697,-22.059360457708067,2.13542333711973e-05,1,0,0,0,0,0,1,0,0,0,0,0,0,0,0,0,0,0,0
The Forgiven,2022,115.0,49,6.1,119.5584587275887,200.97579319597912,3.184233588007677e-05,0,0,0,0,0,0,1,0,0,0,0,0,0,0,0,1,0,0,0
The Forgotten Carols,2021,92.0,56,0.0,191.02245406148035,-279.9758860573859,1.3453194086977031e-05,0,0,0,0,0,0,0,1,0,0,0,1,0,0,0,0,0,0,0
The Forsaken,2001,91.0,21,5.3,382.1224999257036,879.033781909937,0.0001072834602034022,0,0,0,0,0,0,0,0,0,0,1,0,0,0,0,1,0,0,0
The Founder,2017,115.0,118,7.134,306.6122448979592,1520.9676455991926,0.0003388099246925567,0,0,0,0,0,0,1,0,0,1,0,0,0,0,0,0,0,0,0
The Fountain,2007,96.0,55,6.904,805.1417824074075,801.6578407056836,9.339732421141874e-05,0,1,0,0,0,0,1,0,0,0,0,0,0,1,1,0,0,0,0
The Four Feathers,2002,132.0,24,6.623,633.162405039837,1112.6572297293142,0.00016303895382477115,1,1,0,0,0,0,1,0,0,0,0,0,0,1,0,0,0,1,0
The Fourth Kind,2010,98.0,63,6.337,390.974950974951,170.01177532650877,3.0124161746048014e-05,0,0,0,0,0,0,0,0,0,0,0,0,1,0,1,1,0,0,0
The French Dispatch,2022,108.0,98,7.015,695.7441935799791,1166.2378999492817,0.00017946387532804514,0,0,0,1,0,0,1,0,0,0,0,0,0,0,0,0,0,0,0
The Front Room,2024,95.0,63,5.076,153.03333333333333,1303.2669546668994,0.00022939576250806433,0,0,0,0,0,0,0,0,0,0,1,0,0,0,0,0,0,0,0
The Front Runner,2018,113.0,41,5.9,902.2034754397724,926.7346934769859,0.00011685411019381535,0,0,0,0,0,0,1,0,0,1,0,0,0,0,0,0,0,0,0
The Future,2011,91.0,119,5.932,836.1559363515788,698.8346957314265,7.768518756718689e-05,0,0,0,0,0,0,1,0,1,0,0,0,0,1,0,0,0,0,0
The Gallows,2015,81.0,70,4.932,269.6441229656419,443.25046146341975,4.914667714402145e-05,0,0,0,0,0,0,0,0,0,0,1,0,0,0,0,1,0,0,0
The Gambler,2015,94.0,72,5.739,391.60088645780064,49.737480530651055,2.4285206086907985e-05,0,0,0,0,0,0,0,0,0,0,0,0,0,0,0,0,1,0,1
The Game,1997,129.0,29,7.567,1160.2081856268128,1218.6232486377553,0.00019712093270706087,0,0,0,0,0,0,1,0,0,0,0,0,1,0,0,1,0,0,0
The Garden,2009,80.0,32,6.6,188.23776223776224,1126.9256244657029,0.00016726002773942048,0,0,0,0,0,1,0,0,0,0,0,0,0,0,0,0,0,0,0
The Garfield Movie,2024,100.0,105,7.025,416.2714285714285,487.71700149855076,5.3221737114208285e-05,0,1,1,1,0,0,0,1,0,0,0,0,0,0,0,0,0,0,0
The General's Daughter,1999,116.0,63,6.415,1303.4094728800612,125.5035588299811,2.7815550607490304e-05,0,0,0,0,1,0,0,0,0,0,0,0,1,0,0,1,0,0,0
The Gentlemen,2020,113.0,61,7.668,365.13025377673625,472.68122409920846,5.1807333346162306e-05,0,0,0,1,1,0,0,0,0,0,0,0,0,0,0,0,0,0,0
The Ghost Writer,2010,128.0,119,6.82,1585.5921846042406,1259.997589923702,0.0002122862698265018,0,0,0,0,0,0,0,0,0,0,0,0,1,0,0,1,0,0,0
The Gift,2015,112.0,63,6.465,449.8083955425728,84.00262562061585,2.5822602643793793e-05,0,0,0,0,0,0,1,0,0,0,1,0,1,0,0,1,0,0,0
The Girl,2013,105.0,21,4.0,91.34763948497854,759.3599306649107,8.65818256012107e-05,0,0,0,0,0,0,1,0,0,0,0,0,0,1,0,1,0,0,0
The Girl in the Book,2015,86.0,7,5.792,155.65099457504522,1330.2105449230774,0.00024073955546397274,0,0,0,0,0,0,1,0,0,0,0,0,0,0,0,0,0,0,0
The Girl Next Door,2004,110.0,12,6.734,881.9176813128639,1574.4212742531413,0.0003728575548099137,0,0,0,1,0,0,0,0,0,0,0,0,0,1,0,0,0,0,0
The Girl on the Train,2016,80.0,78,5.344,534.5453125,112.40885829618514,2.717064877642598e-05,0,0,0,0,0,0,0,0,0,0,0,0,0,0,0,1,0,0,0
The Girl Without Hands,2017,20.0,66,10.0,163.71134849103024,124.64546334085378,2.777282544025312e-05,0,0,0,0,0,0,1,0,0,0,0,0,0,0,0,1,0,0,0
The Girlfriend Experience,2009,77.0,4,5.066,2002.0326340326344,2020.2153906249703,0.0008286477204954371,0,0,0,0,0,0,1,0,0,0,0,0,0,0,0,0,0,0,0
The Giver,2014,97.0,119,6.556,264.44775383748765,1279.4280793654414,0.00021980561912316745,0,0,0,0,0,0,1,0,0,0,0,0,0,0,1,0,0,0,0
The Glass Castle,2017,127.0,63,7.131,298.74388814413294,522.7963042234231,5.667358395976591e-05,0,0,0,0,0,0,1,0,0,0,0,0,0,0,0,0,0,0,0
The Glass House,2001,107.0,21,5.963,820.8980667365761,1282.176031474508,0.00022089032398382328,0,0,0,0,0,0,1,0,0,0,0,0,0,0,0,1,0,0,0
The God Committee,2021,98.0,14,6.593,100.10784158624692,348.1315431204488,4.144687760824771e-05,0,0,0,0,0,0,0,0,0,0,0,0,0,0,0,1,0,0,0
The Golden Bowl,2001,130.0,63,5.945,620.6810787556129,229.1294796563277,3.3489482356049855e-05,0,0,0,0,0,0,1,0,0,0,0,0,0,1,0,0,0,0,0
The Golden Boys,2009,97.0,119,5.5,137.30671479058577,95.359340709187,2.6353330925387584e-05,0,0,0,1,0,0,0,0,0,0,0,0,0,1,0,0,0,0,0
The Goldfinch,2019,149.0,42,7.131,117.33784010279903,802.5565125843347,9.354780444690623e-05,0,0,0,0,0,0,1,0,0,0,0,0,0,0,0,0,0,0,0
The Good German,2007,108.0,67,5.804,1484.7833994708997,366.0450836800839,4.2798497211707597e-05,0,0,0,0,0,0,1,0,0,0,0,0,1,1,0,1,0,1,0
The Good Guy,2010,90.0,35,5.503,556.0070740813519,340.98303800550326,4.091949779350075e-05,0,0,0,1,0,0,0,0,0,0,0,0,0,1,0,0,0,0,0
The Good House,2022,103.0,56,6.212,88.0657812322059,100.57971103866862,2.6600938186793962e-05,0,0,0,1,0,0,1,0,0,0,0,0,0,1,0,0,0,0,0
The Good Liar,2020,109.0,63,6.679,255.5435126729613,754.0278416190849,8.575873839270618e-05,0,0,0,0,1,0,0,0,0,0,0,0,0,0,0,0,0,0,0
The Good Lie,2015,92.0,98,5.8,330.1554538165076,-124.30903638774612,1.7780088857295016e-05,0,0,0,0,0,0,0,0,0,0,0,0,0,0,0,1,0,0,0
The Good Mother,2023,104.0,7,5.65,166.66967509025272,475.4241986671886,5.206252984855658e-05,0,0,0,0,0,0,1,0,0,0,0,0,0,1,0,0,0,0,0
The Good Shepherd,2007,167.0,61,6.344,1194.827441077441,531.4462372725318,5.7558611593925786e-05,0,0,0,0,0,0,1,0,0,1,0,0,0,0,0,1,0,0,0
The Gospel,2005,105.0,10,5.3,2380.955581157194,1073.4394290174428,0.00015197774768414238,0,0,0,0,0,0,1,0,0,0,0,1,0,0,0,0,0,0,0
The Grand Seduction,2014,112.0,38,6.657,918.0879956545356,1010.7994558832365,0.00013584580179647147,0,0,0,1,0,0,0,0,0,0,0,0,0,0,0,0,0,0,0
The Great Buck Howard,2009,87.0,67,6.0,110.8997668997669,437.3580651855359,4.8630628985160566e-05,0,0,0,1,0,0,0,0,0,0,0,0,0,0,0,0,0,0,0
The Great Debaters,2008,126.0,56,7.245,1442.0235102952752,545.5511212858794,5.9031508721981706e-05,0,0,0,0,0,0,1,0,0,0,0,0,0,0,0,0,0,0,0
The Great Gatsby,2013,144.0,105,6.3,766.462987941958,673.1387850451595,7.419025229526115e-05,0,0,0,0,0,0,1,0,0,0,0,0,0,1,0,0,0,0,0
The Great New Wonderful,2006,88.0,74,4.682,394.35515873015873,502.0900860679878,5.460988707863645e-05,0,0,0,1,0,0,1,0,0,0,0,0,0,0,0,0,0,0,0
The Great Raid,2005,132.0,60,6.522,739.1758498630869,628.6484857442177,6.850676783896922e-05,1,0,0,0,0,0,0,0,0,1,0,0,0,0,0,0,0,1,0
The Great Wall,2017,103.0,49,6.028,457.40652794777645,767.58599445002,8.786716233359086e-05,1,1,0,0,0,0,0,0,1,0,0,0,0,0,0,0,0,0,0
The Greatest Showman,2018,105.0,120,7.9,773.7097783217735,1470.514890364041,0.00030953087391116097,0,0,0,0,0,0,1,0,0,0,0,0,0,0,0,0,0,0,0
The Green Hornet,2011,119.0,94,5.594,666.977517073115,593.7062233814906,6.434998689998069e-05,1,0,0,1,1,0,0,0,0,0,0,0,0,0,0,0,0,0,0
The Green Inferno,2015,100.0,42,5.737,241.03856343832803,1020.3011268472659,0.00013817787317651887,0,1,0,0,0,0,0,0,0,0,1,0,0,0,0,0,0,0,0
The Green Knight,2021,130.0,45,6.606,234.67339143274435,1972.2607109006876,0.0007604335831460034,0,1,0,0,0,0,1,0,1,0,0,0,0,0,0,0,0,0,0
The Green Mile,2000,189.0,117,8.502,1007.5825982566942,1249.0299211302488,0.00020815607011458818,0,0,0,0,1,0,1,0,1,0,0,0,0,0,0,0,0,0,0
The Grey,2012,117.0,84,6.57,390.29248589679776,374.5587600886626,4.345623974592445e-05,1,1,0,0,0,0,1,0,0,0,0,0,0,0,0,1,0,0,0
The Grudge,2020,92.0,52,5.915,656.241328492865,552.5613850310751,5.977751473378006e-05,0,0,0,0,0,0,0,0,0,0,1,0,1,0,0,1,0,0,0
The Grudge 2,2006,102.0,23,5.559,902.2704081632652,1031.0854639253607,0.0001408733031609805,0,0,0,0,0,0,0,0,0,0,1,0,0,0,0,1,0,0,0
The Guard,2011,96.0,39,6.983,1434.8732770120052,2499.269397268843,0.0019546682809804773,1,0,0,1,1,0,0,0,0,0,0,0,0,0,0,1,0,0,0
The Guilt Trip,2013,95.0,79,5.616,378.4113813787325,483.53511083246616,5.2824517916057305e-05,0,0,0,1,0,0,0,0,0,0,0,0,0,0,0,0,0,0,0
The Gunman,2015,90.0,42,4.5,188.7622061482821,-411.60987933099545,1.062709115878407e-05,0,0,0,0,0,0,0,0,0,0,0,0,0,0,0,1,0,0,0
The Hangover,2009,100.0,120,7.328,1213.1972416472418,1529.7505561550772,0.00034418283825562415,0,0,0,1,0,0,0,0,0,0,0,0,0,0,0,0,0,0,0
The Hangover Part II,2011,102.0,113,6.497,1037.4174559391197,1157.5567019847906,0.00017669452213998167,0,0,0,1,0,0,0,0,0,0,0,0,0,0,0,0,0,0,0
The Happening,2008,90.0,84,5.395,540.0985889014222,414.60798193170547,4.668854763421669e-05,0,0,0,0,0,0,0,0,0,0,0,0,0,0,1,1,0,0,0
The Happytime Murders,2018,91.0,35,5.8,280.32744811717333,-65.49860523580367,1.9755513971730756e-05,1,0,0,1,1,0,0,0,1,0,0,0,1,0,0,1,0,0,0
The Hate U Give,2018,133.0,84,8.09,740.0887997572585,858.6616923577044,0.00010343876449939613,0,0,0,0,1,0,1,0,0,0,0,0,0,0,0,0,0,0,0
The Hateful Eight,2016,188.0,120,7.755,1102.3675105485231,1045.0567881043273,0.00014444361937277918,0,0,0,0,0,0,1,0,0,0,0,0,1,0,0,0,0,0,1
The Haunting in Connecticut,2009,102.0,31,6.173,965.195127453192,627.1916882288889,6.832821763645636e-05,0,0,0,0,0,0,0,0,0,0,1,0,0,0,0,1,0,0,0
The Heart of the Game,2006,97.0,88,5.571,86.94444444444444,730.3077101427041,8.219098123537823e-05,0,0,0,0,0,1,0,0,0,0,0,0,0,0,0,0,0,0,0
The Heart Specialist,2011,99.0,28,4.6,195.68713078828685,-384.1453243225146,1.1163021948363276e-05,0,0,0,1,0,0,0,0,0,0,0,0,0,1,0,0,0,0,0
The Heartbreak Kid,2007,116.0,63,5.737,373.110360722517,479.8236611489586,5.247446764709645e-05,0,0,0,1,0,0,0,0,0,0,0,0,0,1,0,0,0,0,0
The Heat,2013,117.0,120,6.594,744.5365516262902,987.0451490516225,0.0001301863391988902,1,0,0,1,1,0,0,0,0,0,0,0,0,0,0,0,0,0,0
The Hero,2017,22.0,120,5.5,503.1497348021216,49.58626367072304,2.4278628335841098e-05,0,0,0,1,0,0,0,0,0,0,0,0,0,0,0,0,0,0,0
The Hill,2023,123.0,34,7.5,166.5091688546111,1042.5499665223692,0.0001437964152910308,0,0,0,0,0,0,1,0,0,0,0,0,0,0,0,0,0,1,0
The History of Sound,2025,127.0,42,6.087,294.85714285714283,247.4028184266217,3.460390079616637e-05,0,0,0,0,0,0,1,0,0,0,0,1,0,1,0,0,0,0,0
The Holiday,2007,136.0,43,7.089,998.9478291316526,905.158848340335,0.00011242373909900887,0,0,0,1,0,0,0,0,0,0,0,0,0,1,0,0,0,0,0
The Homesman,2014,122.0,3,6.534,5006.413181242079,1533.132463658678,0.0003462743552933381,0,0,0,0,0,0,1,0,0,0,0,0,0,0,0,0,0,0,1
The Honeymooners,2005,90.0,25,4.0,671.7621804718577,786.5648947184578,9.090591661020191e-05,0,0,0,1,0,0,0,0,0,0,0,0,0,0,0,0,0,0,0
The Host,2013,125.0,62,6.286,293.3535407725322,-106.00830624909179,1.837265250717982e-05,1,1,0,0,0,0,0,0,0,0,0,0,0,0,1,0,0,0,0
The Hottest State,2007,117.0,11,5.358,620.5643994211288,756.5327324587306,8.61444264571321e-05,0,0,0,0,0,0,1,0,0,0,0,1,0,1,0,0,0,0,0
The Hours,2003,110.0,70,7.261,2113.1947856335955,930.8818328846228,0.0001177254771892029,0,0,0,0,0,0,1,0,0,0,0,0,0,0,0,0,0,0,0
The House,2017,109.0,63,0.0,312.15396776825787,-512.6035356985012,8.868323546499065e-06,0,0,0,0,0,0,1,0,0,0,0,0,1,0,0,1,0,0,0
The House Bunny,2008,97.0,42,5.664,607.4400061929091,915.5765065287547,0.000114541520537651,0,0,0,1,0,0,0,0,0,0,0,0,0,1,0,0,0,0,0
The House of Mirth,2001,135.0,25,6.136,3807.984901277584,2830.747589269232,0.0035396676117322224,0,0,0,0,0,0,1,0,0,0,0,0,0,1,0,0,0,0,0
The House of Yes,1997,85.0,1,6.1,9173.532710280371,2085.0899499321044,0.0009307696774001646,0,0,0,1,0,0,1,0,0,0,0,0,0,0,0,0,0,0,0
The House That Jack Built,2019,87.0,32,5.5,239.2176242713877,-72.9031473530523,1.9495196323893037e-05,0,0,0,0,0,0,0,0,0,0,1,0,0,0,0,0,0,0,0
The Housemaid,2011,131.0,32,0.0,599.8354824366385,-433.5821646507386,1.021692037798267e-05,0,0,0,0,0,0,0,0,0,0,0,0,1,0,0,1,0,0,0
The Human Stain,2004,106.0,81,6.001,34.02173913043478,874.5536691248354,0.00010642588074012148,0,0,0,0,0,0,1,0,0,0,0,0,0,1,0,0,0,0,0
The Hummingbird Project,2019,111.0,45,6.167,512.2985128264753,338.79807452094826,4.075964543307651e-05,0,0,0,0,0,0,1,0,0,0,0,0,0,0,0,1,0,0,0
The Hunger Games,2012,142.0,120,7.219,1334.6574351369252,941.208360238196,0.00011992355067734908,1,1,0,0,0,0,0,0,0,0,0,0,0,0,1,1,0,0,0
The Hunt,2020,90.0,7,4.6,320.1960973724884,690.6139865293736,7.654952887976664e-05,1,0,0,0,0,0,0,0,0,0,1,0,0,0,1,1,0,0,0
The Hunted,2003,94.0,21,6.2,993.1107660455486,1073.9647732114468,0.0001521208420591225,1,0,0,0,1,0,1,0,0,0,0,0,0,0,0,1,0,0,0
The Hunting Ground,2015,104.0,105,7.38,538.395218002813,1169.1062647223785,0.00018038840730679744,0,0,0,0,0,1,0,0,0,0,0,0,0,0,0,0,0,0,0
The Hurricane,2000,146.0,71,7.433,2099.6260116950007,864.7038526303586,0.00010456446362091054,0,0,0,0,0,0,1,0,0,0,0,0,0,0,0,0,0,0,0
The Hurricane Heist,2018,103.0,63,5.7,156.77007832204967,631.2897872793773,6.883168569391477e-05,1,1,0,0,1,0,0,0,0,0,0,0,0,0,0,1,0,0,0
The Hurt Locker,2009,131.0,112,7.257,1815.358308358309,1674.3641857295547,0.00044596250502251,0,0,0,0,0,0,1,0,0,0,0,0,0,0,0,1,0,1,0
The Identical,2014,107.0,21,5.1,128.83457058362004,98.9015741670695,2.65210898360401e-05,0,0,0,0,0,0,1,0,0,0,0,1,0,0,0,0,0,0,0
The Ides of March,2012,101.0,94,6.673,456.548502631206,1177.1289001059145,0.00018299963330338926,0,0,0,0,0,0,1,0,0,0,0,0,0,0,0,0,0,0,0
The Illusionist,2011,110.0,59,7.295,961.7597223958984,2561.580123104574,0.002185499413698486,0,0,0,0,0,0,1,0,1,0,0,0,0,1,0,1,0,0,0
The Imitation Game,2015,113.0,120,7.99,5131.860019715534,1709.2632186490057,0.00047473333576167397,0,0,0,0,0,0,1,0,0,1,0,0,0,0,0,1,0,1,0
The Immigrant,2014,24.0,48,7.282,1054.823076561987,749.8924360985585,8.512576849366479e-05,0,0,0,1,0,0,0,0,0,0,0,0,0,1,0,0,0,0,0
The Impossible,2013,113.0,119,7.368,883.5974511755923,1182.587864237519,0.0001847980071145585,0,0,0,0,0,0,1,0,0,1,0,0,0,0,0,1,0,0,0
The In Crowd,2000,105.0,16,4.527,388.6749903213317,806.5330048105294,9.421657286174474e-05,0,0,0,0,0,0,1,0,0,0,0,0,1,0,0,1,0,0,0
The In-Laws,2003,98.0,21,5.629,597.3245341614908,990.0108456540038,0.00013087982974549302,1,0,0,1,0,0,0,0,0,0,0,0,0,0,0,0,0,0,0
The Incredible Hulk,2008,114.0,84,6.225,1003.8828836436824,744.1322424083932,8.425188487917753e-05,1,1,0,0,0,0,0,0,0,0,0,0,0,0,1,0,0,0,0
The Infiltrator,2016,92.0,79,5.9,375.15427215189874,91.44761075424287,2.6169305488516902e-05,0,0,0,0,0,0,0,0,0,0,0,0,0,0,0,1,1,0,0
The Informant,2009,85.0,91,6.0,324.617536309844,-326.30118772870287,1.2381817806414231e-05,1,0,0,0,0,0,1,0,0,0,0,0,0,0,0,1,0,0,0
The Innocents,2022,100.0,18,7.466,66.51383669285958,837.9493550503109,9.967108012636079e-05,0,0,0,0,0,0,1,0,0,0,1,0,1,0,0,0,0,0,0
The Inspection,2022,95.0,28,6.1,819.61550506776,2069.37564700359,0.0009049332128437969,0,0,0,0,0,0,1,0,0,0,0,0,0,0,0,0,0,0,0
The Intern,2016,121.0,105,7.226,451.0354669214235,1008.3197280175365,0.00013524368570218644,0,0,0,1,0,0,0,0,0,0,0,0,0,0,0,0,0,0,0
The International,2009,118.0,38,6.251,530.3067108330267,514.9666378618288,5.588422233744933e-05,1,1,0,0,1,0,0,0,0,0,0,0,1,0,0,1,0,0,0
The Internship,2013,119.0,98,6.24,399.0427870719103,695.6153293110165,7.723845136629835e-05,0,0,0,1,0,0,0,0,0,0,0,0,0,0,0,0,0,0,0
The Interpreter,2005,128.0,74,6.301,959.0933819764464,552.2393615385802,5.97430405178958e-05,0,0,0,0,1,0,0,0,0,0,0,0,0,0,0,1,0,0,0
The Interview,2015,104.0,29,6.752,731.6693617703189,998.6109447599065,0.00013291181311747877,0,0,0,0,1,0,1,0,0,0,0,0,1,0,0,0,0,0,0
The Intruder,2019,84.0,52,7.139,537.7319301738544,573.3778481708246,6.204874826898489e-05,0,0,0,0,0,0,1,0,0,0,0,0,0,0,0,0,0,0,0
The Invasion,2007,99.0,18,6.032,481.0506512301013,849.6127501795038,0.00010177550462882043,0,0,0,0,0,0,0,0,0,0,1,0,1,0,1,1,0,0,0
The Invention of Lying,2009,100.0,77,6.2,315.0182544727999,609.6818808697143,6.621821881687862e-05,0,0,0,1,0,0,0,0,1,0,0,0,0,1,0,0,0,0,0
The Invisible Man,2020,71.0,21,7.5,987.7179640297876,1084.0367466634552,0.00015489046991938281,0,0,0,0,0,0,0,0,0,0,1,0,0,0,1,0,0,0,0
The Invisibles,2019,86.0,112,8.0,404.769644952232,147.9507229422543,2.895686311304299e-05,0,0,0,1,0,0,1,0,0,0,0,0,0,0,0,0,0,0,0
The Invitation,2022,85.0,56,5.308,193.1403928338098,-29.901571966840265,2.105633389395354e-05,0,0,0,0,0,0,1,0,0,0,1,0,0,0,0,1,0,0,0
The Iron Claw,2024,400.0,66,0.0,379.8341850688422,-295.5267923169274,1.3083587150395949e-05,1,1,0,0,0,0,0,0,0,0,0,0,0,0,0,0,0,0,0
The Iron Giant,1999,86.0,40,7.953,634.6422569027611,1114.5693757279766,0.00016359839021255496,0,0,1,0,0,0,1,1,0,0,0,0,0,0,1,0,0,0,0
The Iron Lady,2012,105.0,35,6.36,3307.233746399366,1234.2797413178819,0.00020272787475340883,0,0,0,0,0,0,1,0,0,1,0,0,0,0,0,0,0,0,0
The Italian,2007,78.0,32,6.2,1403.4418716835503,2331.870911705867,0.001448229385583325,0,0,0,0,0,0,1,0,0,0,0,0,0,0,0,0,0,0,0
The Italian Job,2003,110.0,98,6.784,1283.8536871270246,885.7082744454732,0.00010857391925787457,1,0,0,0,1,0,0,0,0,0,0,0,0,0,0,0,0,0,0
The Jackal,1997,124.0,34,6.4,1357.4856981025207,661.1235365243068,7.26104297187862e-05,1,1,0,0,1,0,0,0,0,0,0,0,0,0,0,1,0,0,0
The Jacket,2005,103.0,12,6.867,539.9192126073847,1146.5791266488977,0.00017325371373704335,0,0,0,0,0,0,1,0,1,0,0,0,1,0,1,1,0,0,0
The Jane Austen Book Club,2007,106.0,21,6.49,161.5581283164496,2890.9383422951523,0.0039426731552320736,0,0,0,1,0,0,0,0,0,0,0,0,0,1,0,0,0,0,0
The Jesus Music,2021,109.0,21,6.8,240.379862539331,555.7635799002608,6.0121409927012015e-05,0,0,0,0,0,1,0,0,0,0,0,1,0,0,0,0,0,0,0
The Joneses,2010,96.0,90,6.182,378.3618116052779,388.01473472744493,4.451648521958554e-05,0,0,0,1,0,0,1,0,0,0,0,0,0,0,0,0,0,0,0
The Judge,2015,69.0,98,5.273,367.3431451160946,343.223278957601,4.108404519060005e-05,0,0,0,0,0,0,1,0,0,0,0,0,0,0,0,0,0,0,0
The Karate Kid,2010,126.0,101,7.211,1134.058770970738,670.9986179614143,7.390635809655547e-05,1,1,0,0,0,0,1,1,0,0,0,0,0,0,0,0,0,0,0
The Kid,2019,104.0,42,6.745,223.7754436933162,439.15501497590554,4.878742653615998e-05,0,0,0,1,0,0,0,1,1,0,0,0,0,0,0,0,0,0,0
The Kid Detective,2020,99.0,28,6.6,24.534113490836827,1020.1614429679819,0.00013814330116074575,0,0,0,1,0,0,1,0,0,0,0,0,1,0,0,0,0,0,0
The Kid Who Would Be King,2019,120.0,70,6.2,162.75160623498522,395.8846936634377,4.514853689074581e-05,1,1,0,0,0,0,0,1,1,0,0,0,0,0,0,0,0,0,0
The Killer Inside Me,2010,109.0,18,5.821,1420.770288858322,1129.8356138861022,0.00016813422672102654,0,0,0,0,1,0,1,0,0,0,0,0,0,0,0,1,0,0,0
The Killing of a Sacred Deer,2017,121.0,70,7.01,1286.7169668356942,1603.5890156919868,0.0003928578139652891,0,0,0,0,0,0,1,0,0,0,0,0,1,0,0,1,0,0,0
The Killing of Two Lovers,2021,84.0,28,6.371,99.73646047566316,1115.6216108496385,0.00016390706094262866,0,0,0,0,0,0,1,0,0,0,0,0,0,0,0,1,0,0,0
The King,2006,100.0,11,6.0,3836.4236111111113,1145.5931352452328,0.0001729479637589092,0,0,0,0,0,0,1,0,0,0,0,0,0,0,0,0,1,0,0
The King and I,1999,133.0,28,7.1,342.7998891864438,581.5316090377803,6.296172752096367e-05,0,0,0,0,0,0,0,0,0,1,0,1,0,1,0,0,0,0,0
The King of Kings,2025,155.0,42,6.361,453.0232558139535,522.0709449154338,5.6599989354658235e-05,0,0,0,0,0,0,1,0,0,1,0,0,0,0,0,0,0,0,0
The Kingdom,2007,110.0,22,6.719,1048.0002631232733,1292.6812942872175,0.00022508666531831674,1,0,0,0,0,0,1,0,0,0,0,0,0,0,0,1,0,0,0
The Kingmaker,2020,100.0,77,7.4,416.5882807063879,777.5214709520783,8.944506486156278e-05,0,0,0,0,0,1,0,0,0,0,0,0,0,0,0,0,0,0,0
The Kings of Summer,2013,93.0,56,6.976,1063.7634120171674,886.1758888893127,0.00010866490840483912,0,0,0,1,0,0,1,0,0,0,0,0,0,0,0,0,0,0,0
The Kitchen,2019,78.0,56,3.5,184.2475138275881,201.26067204881474,3.185859025226868e-05,0,0,0,0,0,1,0,0,0,0,0,0,0,0,0,0,0,0,0
The Kite Runner,2008,128.0,120,7.326,819.265798359865,1396.859614947224,0.00027126908761235426,0,0,0,0,0,0,1,0,0,0,0,0,0,0,0,0,0,0,0
The Korean,2010,98.0,11,4.3,360.21549747822104,747.7216952468111,8.479538440057367e-05,1,0,0,0,0,0,0,0,0,0,0,0,0,0,0,1,0,0,0
The Ladies Man,2000,84.0,27,5.322,447.9690634568684,776.5075561682769,8.928275020641525e-05,0,0,0,1,0,0,0,0,0,0,0,0,0,0,0,0,0,0,0
The Lake House,2006,99.0,81,7.037,788.6715029761905,620.5635780095425,6.752171037283901e-05,0,0,0,0,0,0,1,0,0,0,0,0,1,1,0,0,0,0,0
The Last Airbender,2010,103.0,85,4.648,900.1926261563773,448.4077362819655,4.960283630483745e-05,1,1,0,0,0,0,0,0,1,0,0,0,0,0,0,0,0,0,0
The Last Circus,2011,17.0,18,0.0,467.6211649622054,623.0923197418999,6.782827793961573e-05,0,0,1,0,0,0,0,0,0,0,0,0,0,0,0,0,0,0,0
The Last Duel,2021,153.0,49,7.414,145.812476928756,820.1297061970796,9.653960355945246e-05,1,0,0,0,0,0,1,0,0,1,0,0,0,0,0,0,0,0,0
The Last Exorcism,2010,87.0,42,5.7,530.8582782035327,500.24430162813474,5.4429614905030814e-05,0,0,0,0,0,0,0,0,0,0,1,0,1,0,0,1,0,0,0
The Last Exorcism Part II,2013,88.0,35,4.67,291.6983445738811,743.4370919432836,8.414703153042852e-05,0,0,0,0,0,0,0,0,0,0,1,0,0,0,0,1,0,0,0
The Last Five Years,2015,94.0,1,5.861,2839.451476793249,1859.933777746151,0.0006218292452546396,0,0,0,1,0,0,1,0,0,0,0,1,0,1,0,0,0,0,0
The Last Full Measure,2020,110.0,56,7.3,179.9024343122102,437.8746575449962,4.8675653918809974e-05,1,0,0,0,0,0,1,0,0,0,0,0,0,0,0,0,0,1,0
The Last House on the Left,2009,84.0,63,6.018,428.2426462426463,440.1488131856206,4.8874360005356255e-05,0,0,0,0,1,0,1,0,0,0,1,0,0,0,0,1,0,0,0
The Last Kiss,2006,115.0,14,6.027,750.5612244897959,1352.0495576575076,0.0002503445639853766,0,0,0,1,0,0,1,0,0,0,0,0,0,1,0,0,0,0,0
The Last Lions,2011,88.0,4,7.207,5397.127612272121,2109.9616299807585,0.0009731781448394999,0,0,0,0,0,1,0,0,0,0,0,0,0,0,0,0,0,0,0
The Last Mimzy,2007,94.0,67,6.337,589.9639813474836,401.36506544677417,4.559396903354777e-05,0,1,0,0,0,0,1,0,0,0,0,0,0,0,1,0,0,0,0
The Last Rider,2023,97.0,56,7.6,51.15654742369544,188.80262804857466,3.1155463686775956e-05,0,0,0,0,0,1,0,0,0,0,0,0,0,0,0,0,0,0,0
The Last Rodeo,2025,7.0,38,10.0,258.5135135135135,281.2060906692443,3.676410020763616e-05,0,0,0,0,0,0,0,0,0,0,0,0,1,0,0,0,0,0,0
The Last Samurai,2004,154.0,74,7.596,1371.8723404255318,909.3809073844365,0.0001132772714504629,1,0,0,0,0,0,1,0,0,0,0,0,0,0,0,0,0,1,0
The Last Shift,2020,90.0,35,5.638,60.782402296312654,869.9966511036924,0.00010556061247457156,0,0,0,1,0,0,1,0,0,0,0,0,0,0,0,0,0,0,0
The Last Showgirl,2025,89.0,105,6.5,126.6153846153846,677.0337851230156,7.470972723075847e-05,0,0,0,0,0,0,1,0,0,0,0,0,0,0,0,0,0,0,0
The Last Sin Eater,2007,117.0,11,5.5,67.94500723589002,1126.6464756094015,0.00016717640706229555,0,0,0,0,0,0,1,0,0,0,0,0,0,0,0,0,0,0,0
The Last Stand,2013,109.0,42,3.7,204.34876353975068,31.096086865182087,2.3487609819588165e-05,0,0,0,0,0,0,1,0,0,0,0,0,0,0,0,0,0,0,0
The Last Station,2010,112.0,32,6.352,5658.684089867033,2736.615232808681,0.0029903889820676955,0,0,0,0,0,0,1,0,0,0,0,0,0,1,0,0,0,0,0
The Last Supper,2025,92.0,35,6.5,253.92857142857144,884.5342135505981,0.00010834580430383922,0,0,0,1,1,0,1,0,0,0,0,0,0,0,0,1,0,0,0
The Last Vermeer,2020,118.0,35,6.5,30.33936851402075,2538.596954994785,0.0020973447936136805,0,0,0,0,0,0,1,0,0,1,0,0,0,0,0,0,0,0,0
The Last Witch Hunter,2015,106.0,70,6.002,265.9765258215963,246.30017465877756,3.453561573929691e-05,1,1,0,0,0,0,0,0,1,0,0,0,0,0,0,0,0,0,0
The Lazarus Effect,2015,32.0,105,3.9,220.9929676511956,222.10665401984818,3.307079913295689e-05,0,0,0,0,0,1,0,0,0,0,0,0,0,0,0,0,0,0,0
The Legend of Hercules,2014,99.0,63,4.799,328.4253056242917,253.96309464779415,3.5012969138985815e-05,1,1,0,0,0,0,0,0,0,0,0,0,0,0,0,0,0,0,0
The Legend of Ochi,2025,95.0,31,6.256,1171.0,1798.6677514055123,0.000557193817606307,0,1,0,0,0,0,0,1,1,0,0,0,0,0,0,0,0,0,0
The Legend of Tarzan,2016,109.0,77,5.914,768.5220085470086,614.1363458078479,6.674873815758557e-05,1,1,0,0,0,0,0,0,1,0,0,0,0,0,0,0,0,0,0
The Legend of Zorro,2005,129.0,24,6.126,863.234126984127,896.3653097563483,0.00011066662583247211,1,1,0,0,0,0,0,0,0,0,0,0,0,0,0,0,0,0,1
The Lego Batman Movie,2017,104.0,119,7.232,607.1957364341085,1065.1009766080551,0.00014972444210193569,1,0,1,1,0,0,0,1,0,0,0,0,0,0,0,0,0,0,0
The Lego Movie,2014,100.0,120,7.421,916.9828897338404,1172.7372304266753,0.00018156557470461535,0,1,1,1,0,0,0,1,1,0,0,0,0,0,0,0,0,0,0
The Lego Ninjago Movie,2017,101.0,70,6.5,365.5953838083581,372.76832995844796,4.33170819699313e-05,0,1,1,1,0,0,0,1,0,0,0,0,0,0,0,0,0,0,0
The Letters,2016,114.0,56,5.5,189.5404611211573,-363.5454319825485,1.158266395744828e-05,0,0,0,0,0,0,1,0,0,0,0,0,0,0,0,0,0,0,0
The Life of Chuck,2025,111.0,56,7.365,567.0909090909091,769.0957723845406,8.810513186547576e-05,0,0,0,0,0,0,1,0,1,0,0,0,0,0,0,0,0,0,0
The Life of David Gale,2003,130.0,21,7.437,735.9226190476189,1160.450289089592,0.00017761281240814814,0,0,0,0,1,0,1,0,0,0,0,0,0,0,0,1,0,0,0
The Lighthouse,2020,8.0,105,6.4,1257.9106095312588,1052.9483333156095,0.0001465001163623521,0,0,1,0,0,0,0,0,0,0,0,0,0,0,0,0,0,0,0
The Limey,1999,89.0,32,6.5,2222.563025210084,1217.4000927886598,0.00019668948012836561,0,0,0,0,1,0,1,0,0,0,0,0,1,0,0,1,0,0,0
The Lincoln Lawyer,2011,119.0,120,7.2,422.9582406995702,1148.8788218123839,0.00017396893753681108,0,0,0,0,1,0,1,0,0,0,0,0,0,0,0,1,0,0,0
The Little Things,2021,84.0,18,0.0,238.01402731635287,618.2938626671523,6.72477255810832e-05,0,0,0,0,0,0,1,0,0,0,0,0,0,0,0,0,0,0,0
The Little Vampire,2000,95.0,24,6.881,482.4436090225565,843.7777082563589,0.00010071719281739446,0,1,0,1,0,0,0,1,1,0,0,0,0,0,0,0,0,0,0
The Lobster,2016,119.0,120,7.038,1358.4089788732394,2374.74023011381,0.0015638302343105414,0,0,0,1,0,0,1,0,0,0,0,0,0,1,0,0,0,0,0
The Locusts,1997,124.0,7,5.7,621.2639074321316,1190.8222087953268,0.00018754417861458104,0,0,0,0,0,0,1,0,0,0,0,0,0,1,0,0,0,0,0
The Lodge,2020,83.0,38,5.111,983.1695883836328,226.8505212904405,3.335303885280244e-05,0,0,0,0,0,0,0,0,0,0,1,0,0,0,0,1,0,0,0
The Lodgers,2018,93.0,17,5.03,74.79091995221027,1216.663386306734,0.0001964300721533034,0,0,0,0,0,0,0,0,0,0,1,0,1,0,0,1,0,0,0
The Loft,2015,108.0,28,6.4,223.3827606992164,558.7861725236845,6.0447831864306476e-05,0,0,0,0,0,0,0,0,0,0,0,0,0,0,0,1,0,0,0
The Long Walk,2025,108.0,49,6.941,282.04545454545456,-172.77833979561365,1.6301399814064145e-05,0,0,0,0,0,0,0,0,0,0,1,0,0,0,1,1,0,0,0
The Longest Ride,2015,128.0,77,7.628,300.5822236834896,625.842049198533,6.816321645057593e-05,0,0,0,0,0,0,1,0,0,0,0,0,0,1,0,0,0,0,0
The Longest Yard,2005,121.0,102,6.739,1661.2902035032569,418.76751142097316,4.703774252160005e-05,0,0,0,1,1,0,1,0,0,0,0,0,0,0,0,0,0,0,0
The Longshots,2008,94.0,28,6.437,283.54007696901334,774.5142001395737,8.896449794571298e-05,0,0,0,1,0,0,1,1,0,0,0,0,0,0,0,0,0,0,0
The Losers,2010,97.0,63,6.261,318.98422887418764,260.42932861462725,3.542090547364451e-05,1,1,0,0,1,0,0,0,0,0,0,0,1,0,0,1,0,0,0
The Lost City,2022,144.0,91,6.109,452.0494028529338,215.6861892557282,3.2692608957953295e-05,0,0,0,0,0,0,1,0,0,1,0,0,0,1,0,0,0,0,0
The Lost King,2023,108.0,14,6.495,60.09353462422055,1106.1329219705437,0.00016114449754129804,0,0,0,1,0,0,1,0,0,1,0,0,0,0,0,0,0,0,0
The Love Guru,2008,87.0,70,4.085,323.9033906177428,425.0583379398213,4.757082922469483e-05,0,0,0,1,0,0,0,0,0,0,0,0,0,1,0,0,0,0,0
The Lovely Bones,2010,136.0,98,7.064,2623.074306645736,793.8232034958783,9.209564649666491e-05,0,0,0,0,0,0,1,0,1,0,0,0,0,0,0,0,0,0,0
The Lovers,2017,109.0,73,4.716,725.1779815898459,744.8484164489856,8.436004597240038e-05,1,1,0,0,0,0,0,0,0,0,0,0,0,1,1,0,0,0,0
The Luckiest Man in America,2025,90.0,14,6.543,64.0,995.1169105041666,0.0001320824847503898,0,0,0,1,0,0,1,0,0,1,0,0,0,0,0,0,0,0,0
The Lucky One,2012,101.0,91,7.168,419.0241509361719,840.7372570743477,0.00010017010921463782,0,0,0,0,0,0,1,0,0,0,0,0,0,1,0,0,0,0,0
The Lucky Ones,2008,113.0,3,6.384,208.8605047220932,1293.5404360141897,0.00022543335672294362,0,0,0,1,0,0,1,0,0,1,0,0,0,0,0,0,0,0,0
The Lumber Baron,2019,120.0,67,6.0,1238.7798201016817,-122.39752318191518,1.7841077541749206e-05,0,0,0,0,0,0,1,0,0,0,0,0,0,0,0,0,0,0,0
The Machine,2023,92.0,35,5.914,222.2125369215622,977.159697393783,0.00012790118020792427,0,0,0,0,0,0,0,0,0,0,0,0,0,0,1,1,0,0,0
The Machinist,2005,101.0,88,7.525,294.93912122816306,1124.4591147344554,0.00016652261586316445,0,0,0,0,0,0,1,0,0,0,0,0,0,0,0,1,0,0,0
The Magnificent Seven,2017,127.0,102,7.503,443.8471682847897,324.13886272252523,3.970320424950097e-05,1,1,0,0,0,0,0,0,0,0,0,0,0,0,0,0,0,0,1
The Maid,2010,84.0,115,6.0,482.9118332647745,408.89336388353377,4.6213025502269194e-05,0,0,0,1,0,0,0,0,0,0,0,0,0,1,0,0,0,0,0
The Majestic,2002,152.0,12,6.751,1205.3416149068323,1542.7251523424222,0.0003522762976086897,0,0,0,0,0,0,1,0,0,0,0,0,0,1,0,0,0,0,0
The Man,2005,83.0,32,5.805,515.2560163850486,564.5341546151312,6.107347726991851e-05,1,0,0,1,1,0,0,0,0,0,0,0,0,0,0,0,0,0,0
The Man From U.N.C.L.E.,2015,116.0,70,7.082,340.0087359600642,678.1354444225822,7.485731396310507e-05,1,1,0,1,0,0,0,0,0,0,0,0,0,0,0,0,0,0,0
The Man in 3B,2015,93.0,49,6.1,293.6480668216654,-765.73002385766,5.635203351525048e-06,0,0,0,0,0,0,0,0,0,0,0,0,1,0,0,0,0,0,0
The Man in the Iron Mask,1998,100.0,27,6.316,1168.931606453079,878.1682099817839,0.00010711723628372395,0,1,0,0,0,0,0,0,0,1,0,0,0,0,0,0,1,0,0
The Man on the Train,2003,101.0,18,5.938,2245.4347826086955,856.5116204945033,0.00010304112049402661,0,0,0,0,1,0,1,0,0,0,0,0,0,0,0,0,0,0,0
The Man Who Knew Infinity,2016,108.0,24,7.161,1385.2858333333334,1111.9260576430643,0.0001628255408420971,0,0,0,0,0,0,1,0,0,1,0,0,0,0,0,0,0,0,0
The Man Who Knew Too Little,1997,94.0,22,6.355,691.705248023005,974.9388285590878,0.0001273933388352664,1,0,0,1,1,0,0,0,0,0,0,0,0,0,0,0,0,0,0
The Man with the Iron Fists,2012,96.0,49,5.53,346.5969209983645,835.3952359250444,9.921608013394858e-05,1,0,0,0,0,0,0,0,0,0,0,0,0,0,0,0,0,0,0
The Manchurian Candidate,2004,126.0,28,7.52,1238.9928533615669,935.6001191202381,0.00011872475372987639,0,0,0,0,0,0,1,0,0,0,0,0,0,0,0,1,0,0,0
The Many Saints of Newark,2021,120.0,35,6.31,43.41032537045827,1161.166433048003,0.00017784081904016392,0,0,0,0,1,0,1,0,0,0,0,0,0,0,0,0,0,0,0
The Marc Pease Experience,2009,84.0,7,4.455,84.00865800865802,1504.189014864317,0.0003287777205019895,0,0,0,1,0,0,1,0,0,0,0,0,0,0,0,0,0,0,0
The Marine,2007,92.0,95,5.969,256.3399859943977,467.4549009796214,5.132455220893842e-05,1,0,0,0,0,0,0,0,0,0,0,0,0,0,0,0,0,0,0
The Marksman,2021,95.0,104,5.363,122.28437260414007,-261.4656363850818,1.3906772417146432e-05,1,1,0,0,0,0,0,0,0,0,0,0,0,0,0,1,0,0,0
The Martian,2016,141.0,120,7.69,907.0527600516094,1398.4849629905068,0.00027206008188422896,0,1,0,0,0,0,1,0,0,0,0,0,0,0,1,0,0,0,0
The Mask of Zorro,1998,136.0,35,6.574,1994.4066003807911,1195.5976003498731,0.00018915543914642928,1,1,0,0,0,0,0,0,0,0,0,0,0,0,0,0,0,0,0
The Masked Saint,2016,111.0,14,5.6,45.73898809523809,267.98879327902864,3.59038407059487e-05,1,0,0,0,1,0,0,0,0,0,0,0,0,0,0,0,0,0,0
The Master,2013,137.0,116,7.116,6694.728667803395,1467.9404317667577,0.0003081066343160329,0,0,0,0,0,0,1,0,0,0,0,0,0,0,0,0,0,0,0
The Master of Disguise,2002,80.0,73,3.97,796.3567061065671,136.1734759751031,2.8352335338925054e-05,0,1,0,1,0,0,0,1,1,0,0,0,0,0,0,0,0,0,0
The Mastermind,2025,110.0,21,5.5,602.0,1244.9827297869003,0.00020665236158991335,0,0,0,0,1,0,1,0,0,0,0,0,0,0,0,0,0,0,0
The Matador,2006,97.0,53,6.301,1643.961952026468,570.845312908911,6.176788303089536e-05,1,0,0,1,1,0,1,0,0,0,0,0,0,0,0,1,0,0,0
The MatchMaker,1997,97.0,8,6.2,688.404984423676,1080.8307285949643,0.00015400343979609797,0,0,0,1,0,0,0,0,0,0,0,0,0,1,0,0,0,0,0
The Matrix,1999,136.0,107,8.235,1164.0260658718933,1027.6054060870554,0.00013999780271694047,1,0,0,0,0,0,0,0,0,0,0,0,0,0,1,0,0,0,0
The Matrix Reloaded,2003,138.0,47,7.066,2841.720050878816,723.8493257536416,8.12455446187642e-05,1,1,0,0,0,0,0,0,0,0,0,0,0,0,1,1,0,0,0
The Matrix Resurrections,2022,147.0,72,6.359,227.21417292153728,540.8490203174645,5.8536352487794016e-05,1,1,0,0,0,0,0,0,0,0,0,0,0,0,1,0,0,0,0
The Matrix Revolutions,2004,129.0,104,6.747,2148.20703125,571.9853370662887,6.189415721231007e-05,1,1,0,0,0,0,0,0,0,0,0,0,0,0,1,1,0,0,0
The Mauritanian,2021,129.0,49,7.408,85.07574901499915,469.4027541100625,5.150395680168942e-05,0,0,0,0,0,0,1,0,0,0,0,0,0,0,0,1,0,0,0
The Maze Runner,2015,113.0,120,7.192,485.4441406809191,785.7299686588993,9.077005096098169e-05,1,0,0,0,0,0,0,0,0,0,0,0,1,0,1,1,0,0,0
The Mean One,2022,92.0,14,6.075,245.8751037141881,1150.4590403248262,0.00017446210901483634,0,0,0,1,0,0,0,0,0,0,1,0,0,0,0,0,0,0,0
The Meaning of Hitler,2021,92.0,7,6.3,76.42197964457101,1404.9189587536953,0.000275213961150538,0,0,0,0,0,1,0,0,0,0,0,0,0,0,0,0,0,0,0
The Mechanic,2011,99.0,70,6.678,341.5105761290732,178.89610824840986,3.0607437072538955e-05,1,0,0,0,0,0,0,0,0,0,0,0,0,0,0,1,0,0,0
The Medallion,2003,88.0,17,5.61,803.7068840579708,1005.3426712350179,0.00013452433477934394,1,0,0,1,0,0,0,0,1,0,0,0,0,0,0,1,0,0,0
The Meg,2018,113.0,84,6.25,588.1499285496755,557.7697034685489,6.0337861974156225e-05,1,0,0,0,0,0,0,0,0,0,1,0,0,0,1,0,0,0,0
The Merchant of Venice,2005,132.0,55,6.778,2033.091582848068,2498.2483299413334,0.001951096173166615,0,0,0,0,0,0,1,0,0,0,0,0,0,1,0,0,0,0,0
The Mermaid,2016,84.0,45,1.0,2267.6922453703705,9.450007275481767,2.2594264789313693e-05,0,0,0,1,0,0,0,0,1,0,0,0,0,0,0,0,0,0,0
The Messenger,2010,113.0,95,6.752,321.5120435120435,1073.1407993529435,0.00015189646631029758,0,0,0,0,0,0,1,0,0,0,0,0,0,1,0,0,0,0,0
The Messengers,2007,90.0,28,5.742,781.3675832127352,684.522093445594,7.571868111479824e-05,0,0,0,0,0,0,0,0,0,0,1,0,1,0,0,1,0,0,0
The Mighty Macs,2011,102.0,41,5.2,221.25107093667643,840.0329180961804,0.00010004379850980068,0,0,0,0,0,0,1,0,0,0,0,0,0,0,0,0,0,0,0
The Miracle Season,2018,100.0,91,7.203,202.7436641415136,827.1329665420938,9.775838866780902e-05,0,0,0,0,0,0,1,0,0,0,0,0,0,0,0,0,0,0,0
The Missing,2004,135.0,83,6.307,818.1283212560386,230.0130274696296,3.35425312682053e-05,0,1,0,0,0,0,0,0,0,0,0,0,0,0,0,1,0,0,1
The Missing Person,2010,95.0,60,5.816,169.26806526806527,207.4824614287735,3.2215664577841755e-05,0,0,0,1,0,0,1,0,0,0,0,0,1,0,0,1,0,0,0
The Mission,2023,126.0,24,7.394,673.8693797177552,1180.2709378914035,0.0001840325818592309,1,1,0,0,0,0,1,0,0,1,0,0,0,0,0,0,0,0,0
The Mist,2008,126.0,90,6.937,602.1311706062069,592.5770152822397,6.421994673637897e-05,0,0,0,0,0,0,0,0,0,0,1,0,0,0,1,1,0,0,0
The Mod Squad,1999,92.0,21,4.327,510.2152289487224,671.8851798523539,7.402382892329024e-05,1,0,0,0,0,0,1,0,0,0,0,0,1,0,0,1,0,0,0
The Monkey,2025,17.0,56,6.3,348.6585365853659,127.49208498918608,2.7914813512482073e-05,0,0,1,0,0,0,1,0,0,0,0,0,0,0,0,0,0,0,0
The Monster,2016,86.0,14,5.556,101.725,1518.3103216304394,0.00033720090415063745,0,0,0,1,0,0,0,0,0,0,1,0,1,0,0,0,0,0,0
The Monuments Men,2014,118.0,101,6.066,595.9696412526703,925.0706977023068,0.00011650629918290561,1,0,0,0,0,0,1,0,0,1,0,0,0,0,0,0,0,1,0
The Mothman Prophecies,2002,119.0,21,6.208,1055.926572963816,1217.1998944916259,0.00019661895272680147,0,0,0,0,0,0,1,0,0,0,1,0,1,0,0,0,0,0,0
The Mountain Between Us,2017,109.0,77,6.652,243.5033842806181,678.0917816922876,7.485145902388457e-05,0,1,0,0,0,0,1,0,0,0,0,0,0,1,0,0,0,0,0
The Mule,2019,103.0,91,6.282,603.7106620977588,354.5322778605755,4.19248558792016e-05,0,0,0,1,1,0,0,0,0,0,0,0,0,0,0,1,0,0,0
The Mummy,2017,124.0,70,6.951,736.7002389695168,702.9607289312389,7.826151752545897e-05,1,1,0,0,0,0,0,0,1,0,0,0,0,0,0,0,0,0,0
The Mummy Returns,2001,130.0,56,6.4,1959.9074596900684,685.8504923830387,7.589908365791274e-05,1,1,0,0,0,0,0,0,1,0,0,0,0,0,0,0,0,0,0
The Muse,1999,97.0,28,5.214,634.5309234805035,919.67031560563,0.0001153846188822517,0,0,0,1,0,0,0,0,1,0,0,0,0,1,0,0,0,0,0
The Music Never Stopped,2011,105.0,119,7.157,160.44991747744757,759.5830919998832,8.661644557611581e-05,0,0,0,0,0,0,1,0,0,0,0,0,0,0,0,0,0,0,0
The Musketeer,2001,104.0,28,5.224,673.1759699927403,741.2076935630122,8.381163869378785e-05,1,1,0,0,0,0,0,0,0,0,0,0,0,1,0,0,0,0,0
The Naked Gun,2025,85.0,49,6.534,365.88,653.0570960747086,7.156873340716387e-05,1,0,0,1,1,0,0,0,0,0,0,0,0,0,0,0,0,0,0
The Nanny Diaries,2007,106.0,27,6.387,541.3581363563275,959.6638036385272,0.00012395463737279429,0,0,0,1,0,0,1,0,0,0,0,0,0,1,0,0,0,0,0
The Nativity Story,2007,101.0,46,6.926,762.9136141636142,665.0214821118664,7.311922866794492e-05,0,0,0,0,0,0,1,0,0,0,0,0,0,0,0,0,0,0,0
The Negotiator,1998,140.0,22,7.103,1269.8059118795315,901.2138129199624,0.0001116320230153608,1,0,0,0,1,0,1,0,0,0,0,0,0,0,0,1,0,0,0
The Neon Demon,2016,118.0,42,6.51,428.5119047619048,1069.911137348891,0.0001510201855794057,0,0,0,0,0,0,0,0,0,0,1,0,0,0,0,1,0,0,0
The Nest,2020,89.0,3,5.2,87.4819680577022,929.0793414989442,0.00011734595521602171,0,0,0,0,0,0,0,0,0,0,1,0,0,0,1,1,0,0,0
The New Guy,2002,88.0,28,5.9,687.8021519892003,924.3747367660975,0.00011636113555364919,0,0,0,1,0,0,0,0,0,0,0,0,0,0,0,0,0,0,0
The New Mutants,2020,94.0,120,6.083,126.450208846935,860.5310625086299,0.00010378574115872877,1,0,0,0,0,0,0,0,0,0,1,0,0,0,1,0,0,0,0
The New World,2006,151.0,58,6.519,4174.615463389658,605.4428788505039,6.57172768225047e-05,0,0,0,0,0,0,1,0,0,1,0,0,0,1,0,0,0,0,0
The Newton Boys,1998,122.0,12,6.1,713.3711656441718,1321.225348543243,0.00023689559661493258,1,0,0,0,1,0,1,0,0,0,0,0,0,0,0,0,0,0,0
The Next Best Thing,2000,108.0,28,5.255,477.8157665505227,827.6520343509874,9.784933272182887e-05,0,0,0,1,0,0,1,0,0,0,0,0,0,1,0,0,0,0,0
The Next Three Days,2011,133.0,49,7.082,315.4045607238769,553.6098735937986,5.988989853677171e-05,0,0,0,0,1,0,1,0,0,0,0,0,0,1,0,1,0,0,0
The Nice Guys,2016,116.0,77,7.123,412.8857905982906,779.9194339657113,8.983012294921376e-05,1,0,0,1,1,0,0,0,0,0,0,0,0,0,0,0,0,0,0
The Night Before,2016,85.0,49,6.093,487.11780590717296,305.08964814762226,3.837119321046032e-05,0,0,0,1,0,0,0,0,0,0,0,0,0,1,0,0,0,0,0
The Night House,2021,107.0,56,6.6,118.57373569582874,739.2710585828556,8.35213746646207e-05,0,0,0,0,0,0,0,0,0,0,1,0,1,0,0,0,0,0,0
The Night Listener,2006,91.0,32,5.5,921.3005952380952,733.3365041977391,8.263814529164904e-05,0,0,0,0,1,0,0,0,0,0,1,0,1,0,0,1,0,0,0
The Nightingale,2019,30.0,54,0.0,743.3177624241372,-391.89778328113675,1.1009063582790284e-05,0,0,1,0,0,0,0,1,0,0,0,0,0,0,0,0,0,0,0
The Ninth Day,2005,90.0,102,0.0,347.77777777777777,492.6078663122837,5.3690089656539194e-05,0,0,0,0,0,0,1,0,0,0,0,0,0,0,0,0,1,0,0
The Ninth Gate,2000,133.0,39,6.481,677.9849012775843,833.3508893988945,9.885338993646754e-05,0,0,0,0,0,0,0,0,0,0,1,0,1,0,0,1,0,0,0
The Notebook,2004,123.0,42,7.9,1303.2203127219202,1127.1802335215111,0.00016733633384762427,0,0,0,0,0,0,1,0,0,0,0,0,0,1,0,0,0,0,0
The Notorious Bettie Page,2006,91.0,46,6.267,402.11805555555554,846.1262379508804,0.00010114182001868318,0,0,0,1,0,0,1,0,0,0,0,0,0,0,0,0,0,0,0
The November Man,2014,108.0,65,6.111,232.81479314939395,529.1654371161542,5.732391603951177e-05,1,0,0,0,1,0,0,0,0,0,0,0,0,0,0,1,0,0,0
The Novice,2021,5.0,7,0.0,80.218319886094,841.1284905581471,0.00010024033888165519,0,0,0,1,0,0,0,0,0,0,0,0,0,0,0,0,0,0,0
The Nowhere Inn,2021,92.0,21,5.963,71.03007611313261,382.55169244406557,4.408294809691701e-05,0,0,0,1,0,0,0,0,0,0,0,1,0,0,0,1,0,0,0
The Number 23,2007,98.0,28,6.417,724.1535731514023,690.0192557795507,7.64680160756491e-05,0,0,0,0,1,0,0,0,0,0,0,0,1,0,0,1,0,0,0
The Nun,2018,96.0,77,5.906,570.6643078148454,754.4546545804915,8.582433422852281e-05,0,0,0,0,0,0,0,0,0,0,1,0,0,0,0,0,0,0,0
The Nun II,2023,110.0,70,6.7,416.3852765014769,713.8264570146403,7.979979598381155e-05,0,0,0,0,0,0,0,0,0,0,1,0,0,0,0,0,0,0,0
The Nut Job,2014,85.0,112,5.86,362.4416832639267,110.41641344462255,2.7073842005041316e-05,0,1,1,1,0,0,0,1,0,0,0,0,0,0,0,0,0,0,0
The Oath,2024,90.0,98,7.4,152.2597819348722,106.72276026330576,2.689529021186466e-05,0,0,0,0,0,1,0,0,0,0,0,0,0,0,0,0,0,0,0
The Object of my Affection,1998,111.0,33,5.8,891.19251110641,852.9871308759689,0.0001023925894746877,0,0,0,1,0,0,1,0,0,0,0,0,0,1,0,0,0,0,0
The Odd Couple II,1998,97.0,21,6.309,759.045574057844,820.249028408783,9.656024155286649e-05,0,1,0,1,0,0,0,0,0,0,0,0,0,0,0,0,0,0,0
The Omega Code,1999,100.0,35,4.545,1069.8767199187369,254.61296773075958,3.505375452355193e-05,0,0,0,0,0,0,1,0,1,0,0,0,0,0,0,1,0,0,0
The Omen,2006,111.0,66,7.4,592.0737884800385,348.17110584588886,4.1449815174413596e-05,0,0,0,0,0,0,0,0,0,0,1,0,0,0,0,1,0,0,0
The One,2001,87.0,24,6.1,1144.0730284208546,869.128034908232,0.00010539648313436887,1,0,0,0,0,0,0,0,0,0,0,0,0,0,1,1,0,0,0
The Order,2025,102.0,35,5.7,305.1428571428572,-530.2440690591245,8.592454224323407e-06,0,0,0,0,0,0,1,0,1,0,1,0,1,1,0,1,0,0,0
The Origin of Evil,2023,120.0,14,10.0,32.87167705940269,546.4627019829105,5.9127986635448165e-05,0,0,0,0,0,1,0,0,0,0,0,0,0,0,0,0,0,0,0
The Original Kings of Comedy,2000,115.0,54,6.422,1603.7202549766364,641.0705725260509,7.004833845871432e-05,0,0,0,1,0,1,0,0,0,0,0,0,0,0,0,0,0,0,0
The Orphanage,2008,90.0,53,5.5,2326.7390255668115,-13.515914948863383,2.168356915111031e-05,0,0,0,0,0,0,1,0,0,0,1,0,1,0,0,1,0,0,0
The Other Boleyn Girl,2008,115.0,32,6.695,969.3568567115652,1167.743401337219,0.00017994853648967558,0,0,0,0,0,0,1,0,0,1,0,0,0,1,0,0,0,0,0
The Other Guys,2010,107.0,101,6.316,724.7717945669956,863.9817497410243,0.00010442928855922258,1,0,0,1,1,0,0,0,0,0,0,0,0,0,0,0,0,0,0
The Other Lamb,2020,97.0,16,5.7,364.7181704018547,1119.8678791849748,0.00016515862241740206,0,0,0,0,0,0,1,0,0,0,1,0,0,0,0,1,0,0,0
The Other Side of the Door,2016,96.0,21,5.563,359.1426587301588,1076.1473480921015,0.00015271678052187446,0,0,0,0,0,0,0,0,0,0,1,0,0,0,0,1,0,0,0
The Other Woman,2014,98.0,98,6.232,503.365356991973,698.8209143024013,7.768326968750928e-05,0,0,0,0,0,0,1,0,0,0,0,0,0,0,0,0,0,0,0
The Others,2001,104.0,68,7.615,1116.3659302653869,860.6600907275085,0.00010380973317973052,0,0,0,0,0,0,0,0,0,0,1,0,1,0,0,1,0,0,0
The Out-of-Towners,1999,90.0,60,5.78,482.1489820417964,391.70137471021025,4.481145717816361e-05,0,0,0,1,0,0,0,0,0,0,0,0,0,0,0,0,0,0,0
The Painted Veil,2007,125.0,62,7.252,2980.176091269841,826.9411649965634,9.772480518174168e-05,0,0,0,0,0,0,1,0,0,0,0,0,0,1,0,0,0,0,0
The Party,2018,99.0,84,7.292,484.5234776507178,77.08041360875814,2.5504366719033224e-05,0,0,0,1,0,0,0,0,0,0,0,0,0,0,0,0,0,0,0
The Patriot,2000,165.0,58,7.183,1285.0813008130085,812.4380502340127,9.521851784299118e-05,1,0,0,0,0,0,1,0,0,1,0,0,0,0,0,0,0,1,0
The Peanut Butter Falcon,2019,97.0,120,7.4,511.7311302307392,1025.369647335471,0.00013943821137321288,0,1,0,1,0,0,1,0,0,0,0,0,0,0,0,0,0,0,0
The Peanuts Movie,2016,88.0,105,6.9,587.7884669479606,749.8473260045139,8.511888971275632e-05,0,0,1,1,0,0,0,1,0,0,0,0,0,0,0,0,0,0,0
The Penguin Lessons,2025,111.0,84,7.055,168.58620689655172,2237.8293607613114,0.0012236950514001085,0,0,0,0,0,0,1,0,0,0,0,0,0,0,0,0,0,0,0
The Perfect Guy,2015,100.0,52,5.7,880.2446319737459,571.6527324132632,6.18572897839896e-05,0,0,0,0,0,0,1,0,0,0,0,0,0,0,0,1,0,0,0
The Perfect Holiday,2008,96.0,41,5.244,510.3424987940184,434.9758122976517,4.842353588428302e-05,0,0,0,1,0,0,1,1,0,0,0,0,0,1,0,0,0,0,0
The Perfect Host,2011,93.0,67,6.407,753.6216096042685,206.677674255983,3.2169252676171154e-05,0,0,0,1,1,0,0,0,0,0,0,0,0,0,0,1,0,0,0
The Perfect Man,2005,100.0,18,6.1,743.6354326676907,1057.6453645823378,0.00014773801216260682,0,0,0,1,0,0,1,1,0,0,0,0,0,1,0,0,0,0,0
The Perfect Match,2016,92.0,49,1.667,356.516581632653,-213.5566209117353,1.5153029628443987e-05,0,0,0,1,0,0,0,0,0,0,0,0,0,0,0,0,0,0,0
The Perfect Score,2004,93.0,18,5.804,923.590259396506,1000.1755610417625,0.00013328486947971761,0,0,0,1,1,0,0,0,0,0,0,0,0,0,0,0,0,0,0
The Perfect Storm,2000,130.0,67,6.484,1634.616144018583,435.89452976561734,4.85032968031136e-05,1,1,0,0,0,0,1,0,0,0,0,0,0,0,0,0,0,0,0
The Persian Version,2023,108.0,7,6.121,384.18772563176896,3147.392768508551,0.006241828648170902,0,0,0,1,0,0,1,0,0,0,0,0,0,1,0,0,0,0,0
The Phantom of the Opera,2005,107.0,62,7.093,1639.117156004398,104.70343374885283,2.6798173996385744e-05,0,0,0,0,0,0,0,0,0,0,1,1,0,0,0,0,0,0,0
The Pink Panther,2006,115.0,42,6.8,924.9676398337114,573.4238922274994,6.20538664867812e-05,0,0,0,1,1,0,0,0,0,0,0,0,0,0,0,0,0,0,0
The Pink Panther 2,2009,92.0,45,5.735,475.2800828800829,489.03892279053673,5.33479208025375e-05,0,0,0,1,0,0,0,0,0,0,0,0,1,0,0,0,0,0,0
The Players,2014,65.0,7,4.2,40.803910917979366,1326.7051665471852,0.00023923255381026642,0,1,0,0,0,1,0,0,0,0,0,0,0,0,0,0,0,0,0
The Players Club,1998,104.0,23,6.256,2397.2176580421446,876.0642158733547,0.00010671425958895895,0,0,0,1,0,0,1,0,0,0,0,0,0,0,0,0,0,0,0
The Playroom,2013,83.0,63,5.053,95.18577559779276,-229.522112891068,1.4725781404867905e-05,0,0,0,0,0,0,1,0,0,0,0,0,0,0,0,0,0,0,0
The Pledge,2001,124.0,34,6.564,675.6705865023445,912.908083387873,0.00011399529212276132,0,0,0,0,1,0,1,0,0,0,0,0,1,0,0,1,0,0,0
The Pod Generation,2023,110.0,7,5.959,15.408598621595011,428.9932771264414,4.7907344343107665e-05,0,0,0,1,0,0,1,0,0,0,0,0,0,1,1,0,0,0,0
The Polar Express,2005,100.0,120,6.7,885.5768043056291,1107.2211775637056,0.00016145895654527844,0,1,1,0,0,0,0,1,1,0,0,0,0,0,0,0,0,0,0
The Possession,2012,92.0,82,6.032,364.7665611455767,354.1319572219523,4.1894800785181095e-05,0,0,0,0,0,0,0,0,0,0,1,0,0,0,0,1,0,0,0
The Post,2018,116.0,105,7.005,4134.058643757266,1180.6978076220983,0.00018417336491527696,0,0,0,0,0,0,1,0,0,1,0,0,0,0,0,0,0,0,0
The Postman,1998,177.0,15,6.259,385.1557632398754,896.4709852104598,0.00011068757786436853,1,1,0,0,0,0,0,0,0,0,0,0,0,0,1,0,0,0,0
The Predator,2018,107.0,63,5.626,323.5875896057348,348.29048382225386,4.1458680353159066e-05,1,0,0,0,0,0,0,0,0,0,0,0,0,0,1,1,0,0,0
The Pretty One,2014,90.0,17,6.077,591.5307703140403,1464.692971460266,0.0003063194205479325,0,0,0,1,0,0,1,0,0,0,0,0,0,0,0,0,0,0,0
The Prince & Me,2004,111.0,15,6.202,893.5540690119832,1212.0752545718,0.00019482218877620621,0,0,0,1,0,0,0,0,0,0,0,0,0,1,0,0,0,0,0
The Protector,2006,94.0,14,6.0,692.3210152116402,1002.6421357483583,0.00013387511027098723,1,0,0,0,1,0,0,0,0,0,0,0,0,0,0,1,0,0,0
The Public,2019,122.0,70,6.476,162.96145036035534,480.48130397627205,5.253632455738143e-05,0,0,0,0,0,0,1,0,0,0,0,0,0,0,0,0,0,0,0
The Puffy Chair,2006,85.0,95,6.027,242.20238095238096,321.1231000691946,3.9489287710879495e-05,0,0,0,1,0,0,1,0,0,0,0,0,0,1,0,0,0,0,0
The Punisher,2004,124.0,28,6.355,798.2871595788483,906.966779136649,0.00011278844059767689,1,0,0,0,1,0,1,0,0,0,0,0,0,0,0,0,0,0,0
The Purge,2013,85.0,63,6.252,688.9064511802576,611.3788177798854,6.64198221516554e-05,0,0,0,0,0,0,0,0,0,0,1,0,0,0,1,1,0,0,0
The Purge: Anarchy,2014,103.0,63,6.629,699.7498811787073,787.5338031353102,9.106383986439265e-05,0,0,0,0,0,0,0,0,0,0,1,0,0,0,0,1,0,0,0
The Purge: Election Year,2016,109.0,49,6.385,858.7415833333334,746.7257803139066,8.464423676703855e-05,1,0,0,0,0,0,0,0,0,0,1,0,0,0,0,1,0,0,0
The Pursuit of Happyness,2007,117.0,67,7.891,1364.1917735042737,1089.3636480196758,0.00015637560995661518,0,0,0,0,0,0,1,0,0,0,0,0,0,0,0,0,0,0,0
The Pyramid,2015,89.0,35,5.312,259.9738065061259,838.1568426691415,9.970813423010475e-05,0,0,0,0,0,0,0,0,0,0,1,0,0,0,0,0,0,0,0
The Queen,2007,103.0,120,6.949,1410.3630952380952,1674.9757032321459,0.00044645131423934526,0,0,0,0,0,0,1,0,0,1,0,0,0,0,0,0,0,0,0
The Quiet,2006,96.0,11,6.159,226.6765873015873,3099.8625641417993,0.005732359666831429,0,0,0,0,0,0,1,0,0,0,0,0,0,0,0,1,0,0,0
The Quiet One,2019,65.0,38,4.8,161.64440236296647,403.47900874856464,4.576695766506558e-05,0,0,0,0,0,1,1,0,0,0,0,0,0,0,0,0,0,0,0
The Rage: Carrie 2,1999,104.0,28,5.6,545.9218302705698,536.8666228143735,5.812023469805991e-05,0,0,0,0,0,0,0,0,0,0,1,0,0,0,1,1,0,0,0
The Railway Man,2014,116.0,98,6.844,732.6787628132435,909.4775055013699,0.00011329687538591058,0,0,0,0,0,0,1,0,0,1,0,0,0,0,0,0,0,0,0
The Rainmaker,1997,135.0,34,7.025,1069.4402572605768,1064.8088609015463,0.0001496461120830452,0,0,0,0,1,0,1,0,0,0,0,0,0,0,0,1,0,0,0
The Raven,2012,61.0,77,6.6,218.3663287931581,506.2633504196238,5.501968129828694e-05,0,0,0,0,0,0,0,0,0,0,1,0,0,0,0,0,0,0,0
The Reader,2009,124.0,120,7.471,615.0536100953141,1432.8239192041103,0.0002893213403888667,0,0,0,0,0,0,1,0,0,0,0,0,0,1,0,0,0,0,0
The Real Cancun,2003,96.0,7,3.907,298.41925465838506,1573.4025425034579,0.0003721777240514701,0,0,0,0,0,1,0,0,0,0,0,0,0,0,0,0,0,0,0
The Reaping,2007,99.0,54,5.742,722.4421763526036,547.3070297466313,5.921748743029131e-05,0,0,0,0,0,0,0,0,0,0,1,0,0,0,0,0,0,0,0
The Recall,2017,91.0,20,4.6,137.21685026519788,262.8361481821245,3.5573955717664215e-05,0,0,0,0,0,0,0,0,0,0,1,0,0,0,1,0,0,0,0
The Remaining,2014,88.0,45,6.074,957.9401059439084,713.2865518432011,7.972265174299588e-05,0,0,0,0,0,0,0,0,0,0,1,0,0,0,0,1,0,0,0
The Rental,2020,88.0,42,5.549,234.1107308456613,684.9578847124582,7.577781621591532e-05,0,0,0,0,0,0,0,0,0,0,1,0,0,0,0,1,0,0,0
The Replacement Killers,1998,87.0,14,6.2,1170.526730937774,1240.8159530780576,0.00020511556997115845,1,0,0,0,1,0,0,0,0,0,0,0,0,0,0,1,0,0,0
The Replacements,2000,118.0,54,6.685,604.5516840882696,612.599896199288,6.656527110351072e-05,0,0,0,1,0,0,0,0,0,0,0,0,0,0,0,0,0,0,0
The Return,2004,85.0,11,6.0,2240.2117522498675,1607.5306375919781,0.00039564161886049927,0,0,0,0,0,0,1,0,0,0,1,0,0,0,0,1,0,0,0
The Revenant,2016,110.0,120,6.152,5011.995042194093,814.293820106282,9.55355927519089e-05,0,0,0,1,0,0,0,0,0,0,1,0,0,0,0,0,0,1,0
The Rhythm Section,2020,109.0,21,5.517,126.71508360264156,994.277157258478,0.0001318839371942228,1,0,0,0,0,0,0,0,0,0,0,0,0,0,0,1,0,0,0
The Rite,2011,114.0,70,6.127,342.6637235596773,541.9588996653001,5.865285290693465e-05,0,0,0,0,0,0,1,0,0,0,1,0,0,0,0,1,0,0,0
The Road,2012,111.0,14,7.017,604.3508256961321,1270.85000313592,0.0002164537245679347,0,1,0,0,0,0,1,0,0,0,0,0,0,0,0,0,0,0,0
The Rocker,2008,102.0,44,6.039,140.4554955031035,395.4626263051097,4.511441323748378e-05,0,0,0,1,0,0,0,0,0,0,0,1,0,0,0,0,0,0,0
The Romantics,2010,97.0,21,4.949,2201.6130652169168,1355.2870971921166,0.00025180071863486494,0,0,0,0,0,0,1,0,0,0,0,0,0,1,0,0,0,0,0
The Roommate,2011,92.0,45,5.378,601.7363814812003,661.6324852779398,7.267666132760457e-05,0,0,0,0,0,0,1,0,0,0,1,0,0,0,0,1,0,0,0
The Royal Hotel,2023,91.0,21,5.363,188.09904095102647,1397.2916017056782,0.0002714790942595933,0,0,0,0,0,0,1,0,0,0,0,0,0,0,0,1,0,0,0
The Rugrats Movie,1998,80.0,41,6.2,1530.643176919251,612.4927385280764,6.655249426119237e-05,0,1,1,1,0,0,0,1,0,0,0,0,0,0,0,0,0,0,0
The Ruins,2008,91.0,77,5.9,242.3856774901828,676.1684171197943,7.45939999771083e-05,0,0,0,0,0,0,0,0,0,0,1,0,0,0,0,0,0,0,0
The Rule of Jenny Pen,2025,104.0,14,6.0,52.75,709.0209827347209,7.911578307019238e-05,0,0,0,0,0,0,0,0,0,0,1,0,1,0,0,1,0,0,0
The Rum Diary,2011,120.0,56,5.881,286.6963094708759,565.7841061200655,6.121038449842078e-05,0,0,0,1,0,0,1,0,0,0,0,0,0,0,0,0,0,0,0
The Runaways,2010,107.0,77,6.4,376.9710069847622,115.35660678333716,2.731450606037339e-05,0,0,0,0,0,0,1,0,0,1,0,1,0,0,0,0,0,0,0
The Rundown,2003,104.0,25,6.448,1019.2232608695653,1088.581343602448,0.00015615661467097578,1,1,0,1,0,0,0,0,0,0,0,0,0,0,0,1,0,0,0
The Saint,1997,116.0,116,6.1,306.17445482866043,482.2327004914367,5.270141422152188e-05,1,1,0,0,0,0,0,0,0,0,0,0,0,1,1,1,0,0,0
The Sapphires,2013,103.0,119,6.786,626.2341615151396,1212.3755779173785,0.00019492703157090806,0,0,0,1,0,0,1,0,0,0,0,0,0,0,0,0,0,0,0
The Science of Sleep,2006,44.0,44,6.0,574.4543650793651,286.84296251413184,3.713722227255697e-05,0,0,0,0,0,1,0,0,0,0,0,0,0,0,0,0,0,0,0
The Score,2001,124.0,55,6.696,1334.933512140034,443.8803349751822,4.920216357557235e-05,1,0,0,0,1,0,1,0,0,0,0,0,1,0,0,1,0,0,0
The Scorpion King,2002,92.0,41,5.594,1123.9890725199637,992.0717433390419,0.0001313639188784002,1,1,0,0,0,0,1,0,1,0,0,0,0,0,0,0,0,0,0
The Sea of Trees,2016,110.0,5,6.2,356.29833333333335,2659.4974759156976,0.0026045350879573266,0,0,0,0,0,0,1,0,0,0,0,0,0,0,0,0,0,0,0
The Second Chance,2006,102.0,4,5.9,467.3263888888889,1577.263345891553,0.0003747607277184448,0,0,0,0,0,0,1,0,0,0,0,0,0,0,0,0,0,0,0
The Secret Life of Pets,2016,86.0,120,6.308,1120.8611914600551,1226.057786943313,0.00019976380534007573,0,1,1,1,0,0,0,1,0,0,0,0,0,0,0,0,0,0,0
The Secret Life of Pets 2,2019,86.0,105,6.949,606.4676692173169,756.2984880438685,8.610828550767972e-05,0,1,1,1,0,0,0,1,0,0,0,0,0,0,0,0,0,0,0
The Secret of Kells,2010,78.0,120,7.412,1240.7906759677735,1226.3943960280828,0.0001998843000080611,0,0,1,0,0,0,0,1,1,0,0,0,0,0,0,0,0,0,0
The Senior,2025,99.0,49,6.8,104.48275862068964,774.5462096423619,8.89695994981963e-05,0,0,0,0,0,0,1,0,0,0,0,0,0,0,0,0,0,0,0
The Sense of an Ending,2017,108.0,28,6.354,852.9646791397098,976.2926516945736,0.00012770267424789056,0,0,0,0,0,0,1,0,0,0,0,0,1,0,0,0,0,0,0
The Sentinel,2006,108.0,84,6.057,399.67828798185946,214.8444848228089,3.264335103898933e-05,1,0,0,0,1,0,0,0,0,0,0,0,0,0,0,1,0,0,0
The September Issue,2009,90.0,120,6.58,1296.372066822067,926.139605105281,0.00011672960478022681,0,0,0,0,0,1,0,0,0,0,0,0,0,0,0,0,0,0,0
The Shack,2017,132.0,77,7.494,427.96869932732847,325.73500552788084,3.9816891717817804e-05,0,0,0,0,0,0,1,1,0,0,0,0,0,0,0,0,0,0,0
The Shallows,2016,86.0,94,6.35,471.82004385964905,1088.7639896365013,0.0001562077164394064,0,0,0,0,0,0,1,0,0,0,1,0,0,0,0,1,0,0,0
The Shift,2024,120.0,95,6.6,191.13999718692853,403.02470979378745,4.572972609778988e-05,0,0,0,0,0,1,1,0,0,0,0,0,0,0,0,0,0,0,0
The Siege,1998,116.0,19,6.301,1363.7784953180496,1141.723021661058,0.00017175307132708738,1,0,0,0,1,0,1,0,0,0,0,0,0,0,0,1,0,0,0
The Simpsons Movie,2007,87.0,120,7.016,736.825856246985,1200.6963221099027,0.0001908910777511124,0,0,1,1,0,0,0,1,0,0,0,0,0,0,0,0,0,0,0
The Singing Detective,2004,109.0,88,5.041,115.67391304347824,-203.3918710086632,1.5431481726825322e-05,0,0,0,1,1,0,0,0,0,0,0,1,1,0,0,0,0,0,0
The Sisterhood of Night,2015,104.0,7,6.239,129.8034960819771,741.6438004452106,8.387714169145372e-05,0,0,0,0,0,0,1,0,0,0,0,0,1,0,0,1,0,0,0
The Sitter,2012,81.0,98,5.585,337.36663006687775,566.4116873983077,6.127923918173112e-05,0,0,0,1,0,0,0,0,0,0,0,0,0,0,0,0,0,0,0
The Situation,2007,111.0,1,5.563,1509.8890496864449,1432.778843572893,0.00028929797898174104,0,0,0,0,0,0,1,0,0,1,0,0,0,1,0,1,0,0,0
The Skeleton Key,2005,104.0,60,6.624,899.7568727157159,461.2051504231001,5.075313512481149e-05,0,0,0,0,0,0,1,0,0,0,1,0,1,0,0,1,0,0,0
The Skeleton Twins,2014,92.0,66,6.636,2485.6854668356573,1175.4322010068936,0.00018244425431093147,0,0,0,0,0,0,1,0,0,0,0,0,0,0,0,0,0,0,0
The Skulls,2000,106.0,42,5.762,696.1109497999743,633.2680365530302,6.907604755926444e-05,0,0,0,0,1,0,1,0,0,0,0,0,0,0,0,1,0,0,0
The Smashing Machine,2025,93.0,35,7.1,229.52941176470588,1384.3273751095762,0.00026524685755758903,0,0,0,0,0,1,0,0,0,0,0,0,0,0,0,0,0,0,0
The Smurfs,2011,102.0,120,5.759,826.7190468491045,779.9068857278426,8.98281036805655e-05,0,1,1,1,0,0,0,1,1,0,0,0,0,0,0,0,0,0,0
The Smurfs 2,2013,104.0,110,5.752,538.3374898503654,525.4340745358202,5.694201849861403e-05,0,0,1,1,0,0,0,1,1,0,0,0,0,0,0,0,0,0,0
The Snowman,2017,25.0,28,7.6,186.88670352706143,774.9423950556042,8.903276624184207e-05,0,1,1,0,0,0,0,1,1,0,0,0,0,0,0,0,0,0,0
The Social Network,2011,121.0,120,7.371,675.750878801773,1758.5376929626282,0.0005185434803490542,0,0,0,0,0,0,1,0,0,0,0,0,0,0,0,0,0,0,0
The Soloist,2009,109.0,77,6.694,429.4428601701329,516.2394064605387,5.601178633204904e-05,0,0,0,0,0,0,1,0,0,0,0,1,0,0,0,0,0,0,0
The Sound of Silence,2019,87.0,20,5.789,301.9219788815018,974.5981150625954,0.00012731560720544635,0,0,0,0,0,0,1,0,0,0,0,0,0,0,0,0,0,0,0
The Sound of Violet,2022,107.0,28,6.0,111.72772020397576,542.8639085993683,5.8748020338777334e-05,0,0,0,1,0,0,1,0,0,0,0,0,0,1,0,0,0,0,0
The Souvenir,2019,119.0,63,6.062,941.8698127145528,1633.3173922134233,0.00041434682688381165,0,0,0,0,0,0,1,0,0,0,0,0,0,1,0,0,0,0,0
The Space Between Us,2017,121.0,28,7.057,240.12720755376813,634.2036493782632,6.919192046460235e-05,0,1,0,0,0,0,1,0,0,0,0,0,0,1,1,0,0,0,0
The Spectacular Now,2013,95.0,112,6.673,738.0156026466381,2212.6569984762173,0.0011697394926037596,0,0,0,1,0,0,1,0,0,0,0,0,0,1,0,0,0,0,0
The Spiderwick Chronicles,2008,95.0,85,6.674,442.6349006857737,844.7375109970544,0.00010089051464545982,0,1,0,0,0,0,1,1,1,0,0,0,0,0,0,0,0,0,0
The Spirit,2009,103.0,26,4.765,753.9554825109865,563.4153509532864,6.0951194397244185e-05,1,0,0,0,1,0,0,0,1,0,0,0,0,0,0,1,0,0,0
The Spy Next Door,2010,94.0,49,5.871,393.5161740074297,187.47710073483825,3.1081570972379046e-05,1,0,0,1,0,0,0,1,0,0,0,0,0,0,0,0,0,0,0
The Spy Who Dumped Me,2018,117.0,56,6.4,329.7923422654605,343.812413506669,4.112742734643916e-05,1,1,0,1,0,0,0,0,0,0,0,0,0,0,0,0,0,0,0
The Square,2010,105.0,105,6.136,563.5243771970045,251.36134444995298,3.485016063012057e-05,0,0,0,0,1,0,1,0,0,0,0,0,0,0,0,1,0,0,0
The Squid and the Whale,2006,81.0,104,6.952,3038.648233486944,1270.8391712261405,0.00021644952446310103,0,0,0,1,0,0,1,0,0,0,0,0,0,0,0,0,0,0,0
The Star,2018,89.0,87,7.159,330.0483476132191,281.8595900343279,3.680716452757804e-05,0,0,0,0,0,0,1,0,0,0,0,0,0,1,0,0,0,0,0
The Statement,2004,120.0,67,5.605,125.0298913043478,178.11921399261223,3.056486929793678e-05,0,0,0,0,0,0,1,0,0,0,0,0,0,0,0,1,0,0,0
The Station Agent,2004,88.0,109,7.355,552.8532608695651,1357.79344349855,0.0002529338170216649,0,0,0,1,0,0,1,0,0,0,0,0,0,0,0,0,0,0,0
The Stepfather,2009,101.0,38,5.822,617.5487567987568,682.5577149843598,7.545269526464487e-05,0,0,0,0,0,0,0,0,0,0,1,0,0,0,0,1,0,0,0
The Stepford Wives,2004,93.0,19,5.686,1529.960140752966,1016.7492097064755,0.00013730144846026948,0,0,0,1,0,0,0,0,0,0,1,0,0,0,1,0,0,0,0
The Stoning of Soraya M.,2009,114.0,120,7.621,384.482457713227,607.6415750289159,6.597663180683663e-05,0,0,0,0,1,0,1,0,0,0,0,0,0,0,0,0,0,0,0
The Story of Us,1999,96.0,28,6.1,775.5217801406277,971.8542757188823,0.0001266913441153339,0,0,0,1,0,0,1,0,0,0,0,0,0,1,0,0,0,0,0
The Strangers: Chapter 1,2024,91.0,49,5.63,318.95348837209303,287.4110652769343,3.7175036181605755e-05,0,0,0,0,0,0,0,0,0,0,1,0,0,0,0,1,0,0,0
The Strangers: Chapter 2,2025,98.0,42,6.004,161.3783783783784,-13.691539223448444,2.167674825800278e-05,0,0,0,0,0,0,0,0,0,0,1,0,0,0,0,1,0,0,0
The Stray,2017,88.0,70,5.7,140.61922247479163,-146.5676306752598,1.708507077197178e-05,0,0,0,0,0,0,0,1,0,0,0,0,0,0,0,0,0,0,0
The Substance,2025,141.0,119,7.1,183.6315789473684,1336.903067428961,0.0002436431604090017,0,0,0,0,0,0,1,0,0,0,1,0,0,0,1,0,0,0,0
The Suicide Squad,2021,132.0,1,7.478,1753.9091915836104,1637.401092545923,0.00041738912419498817,1,1,0,1,0,0,0,0,0,0,0,0,0,0,0,0,0,0,0
The Suicide Theory,2015,98.0,7,6.223,121.8794454490657,966.8136836227076,0.00012555250222264348,0,0,0,0,0,0,1,0,0,0,0,0,0,0,0,1,0,0,0
The Sum of All Fears,2002,124.0,42,6.362,1552.1996347177003,835.2125977815607,9.91836240026723e-05,1,0,0,0,0,0,1,0,0,0,0,0,0,0,0,1,0,0,0
The Sun is Also a Star,2019,100.0,21,6.978,167.11752984338045,1455.3203240969085,0.0003012191853248279,0,0,0,0,0,0,1,0,0,0,0,0,0,1,0,0,0,0,0
The Super Mario Bros. Movie,2023,93.0,120,7.604,1232.0436884292967,1019.4796718640446,0.00013797468566426692,0,1,1,1,0,0,0,1,1,0,0,0,0,0,0,0,0,0,0
The Surfer,2025,90.0,28,5.0,38.5,-177.78504843548558,1.6155845421735236e-05,0,0,0,0,1,0,0,0,0,0,0,0,0,0,0,1,0,0,0
The Sweetest Thing,2002,84.0,21,5.591,714.0035469440695,1263.2523808293636,0.00021352765333723425,0,0,0,1,0,0,0,0,0,0,0,0,0,1,0,0,0,0,0
The Switch,2010,101.0,35,6.23,587.4977402240125,1360.9721485211896,0.0002543782203249375,0,0,0,1,0,0,1,0,0,0,0,0,0,1,0,0,0,0,0
The Take,2016,87.0,5,7.7,131.46,1945.0657310251945,0.000724275249997328,0,0,0,0,0,1,0,0,0,0,0,0,0,0,0,0,0,0,0
The Tale of Despereaux,2009,93.0,77,6.138,429.0366206018784,504.5335031638476,5.484944689258995e-05,0,1,1,0,0,0,0,1,0,0,0,0,0,0,0,0,0,0,0
The Talented Mr. Ripley,2000,140.0,67,7.198,1101.9355199707002,788.479073795942,9.12181747646622e-05,0,0,0,0,1,0,1,0,0,0,0,0,0,0,0,1,0,0,0
The Tax Collector,2020,95.0,1,5.621,1077.6004636785162,907.3070878660642,0.00011285722093714603,1,0,0,0,1,0,1,0,0,0,0,0,0,0,0,0,0,0,0
The Tempest,2011,111.0,74,5.328,1204.6888277548526,482.36296123369664,5.271371353121655e-05,0,0,0,1,0,0,1,0,1,0,0,0,0,0,0,0,0,0,0
The Ten,2007,96.0,32,4.776,590.3666184273999,984.5068569165949,0.00012959571090665552,0,0,0,1,0,0,0,0,0,0,0,0,0,0,0,0,0,0,0
The Texas Chainsaw Massacre,2003,98.0,28,6.304,1545.7412655279502,1117.5410897081956,0.00016447163657834697,0,0,0,0,0,0,0,0,0,0,1,0,0,0,0,0,0,0,0
The Thin Red Line,1999,171.0,70,7.4,962.584552461853,806.5000031006554,9.421100299052715e-05,0,0,0,0,0,0,1,0,0,1,0,0,0,0,0,0,0,1,0
The Thing,2011,109.0,35,8.07,299.8183319570603,667.6039680046387,7.345828259417442e-05,0,0,0,0,0,0,0,0,0,0,1,0,1,0,1,0,0,0,0
The Thing About My Folks,2005,96.0,25,6.3,227.57808499743984,799.5799467505943,9.305031259570926e-05,0,0,0,1,0,0,1,1,0,0,0,0,0,0,0,0,0,0,0
The Third Miracle,2000,119.0,20,5.8,1239.9759903961583,1191.4917109804037,0.00018776924482341592,0,0,0,0,0,0,1,0,0,0,0,0,0,0,0,0,0,0,0
The Thirteenth Floor,1999,101.0,28,7.072,444.83054760365695,670.4259655891119,7.383057988160479e-05,0,0,0,0,0,0,0,0,0,0,0,0,1,0,1,1,0,0,0
The Thomas Crown Affair,1999,102.0,77,6.8,804.3595275948219,390.4169218583729,4.4708465549613704e-05,0,0,0,0,1,0,0,0,0,0,0,0,0,1,0,0,0,0,0
The Three Musketeers,2011,106.0,70,6.8,276.3975100044464,447.44074710987263,4.951698512567823e-05,1,1,0,0,0,0,0,0,0,0,0,0,0,1,0,0,0,0,0
The Three Stooges,2012,92.0,120,5.813,349.48940185830435,1007.961848862002,0.0001351570077901383,0,0,0,1,0,0,0,0,0,0,0,0,0,0,0,0,0,0,0
The Threesome,2025,112.0,14,5.5,374.0,289.6505209020835,3.73244736650514e-05,0,0,0,1,0,0,1,0,0,0,0,0,0,1,0,0,0,0,0
The Tillman Story,2010,94.0,105,7.1,804.0048564129916,984.8076980154666,0.0001296655725944603,0,0,0,0,0,1,0,0,0,0,0,0,0,0,0,0,0,0,0
The Time That Remains,2011,12.0,46,0.0,841.3005780346821,97.23695633627165,2.644212153729901e-05,0,0,0,0,0,0,1,0,0,0,0,0,0,0,0,0,0,0,0
The Times of Bill Cunningham,2020,71.0,33,0.0,1259.52777387476,938.0130774121108,0.00011923906295698486,0,0,0,0,0,1,0,0,0,0,0,0,0,0,0,0,0,0,0
The To Do List,2013,104.0,21,5.771,451.5567136725936,1284.6467485017286,0.00022187016453344965,0,0,0,1,0,0,0,0,0,0,0,0,0,1,0,0,0,0,0
The Tourist,2011,103.0,87,6.182,649.9834128974836,555.5946807813151,6.0103221921056635e-05,1,0,0,0,0,0,0,0,0,0,0,0,0,1,0,1,0,0,0
The Town,2011,125.0,112,7.217,553.4187299403943,1279.1969380456635,0.00021971462345561635,0,0,0,0,1,0,1,0,0,0,0,0,0,0,0,1,0,0,0
The Toxic Avenger Unrated,2025,102.0,1,6.301,378.0,1371.4236891293285,0.0002591857997360811,1,0,0,1,0,0,0,0,0,0,0,0,0,0,1,0,0,0,0
The Transporter,2002,92.0,38,6.713,707.9278611574332,869.5291151951545,0.00010547223750815615,1,0,0,0,1,0,0,0,0,0,0,0,0,0,0,1,0,0,0
The Transporter Refueled,2015,95.0,77,5.52,160.61441090555013,315.6186119896587,3.910180618498608e-05,1,0,0,0,1,0,0,0,0,0,0,0,0,0,0,1,0,0,0
The Treatment,2007,86.0,25,5.765,523.9315002411963,1067.3547774101567,0.00015033017268392242,0,0,0,1,0,0,1,0,0,0,0,0,0,1,0,0,0,0,0
The Tree,2011,100.0,53,6.35,279.73766118274784,867.3888567542609,0.00010506862340589039,0,0,0,0,0,0,1,0,0,0,0,0,0,0,0,0,0,0,0
The Trip,2011,95.0,88,6.105,770.3223654957759,80.71614554946541,2.5671020707008518e-05,0,0,0,0,0,0,1,0,0,0,0,0,0,1,0,0,0,0,0
The Trip to Greece,2020,110.0,28,6.155,75.28690108191654,686.5857104604288,7.599911428393716e-05,0,0,0,1,0,0,1,0,0,0,0,0,0,0,0,0,0,0,0
The Trip to Italy,2014,108.0,1,6.319,7184.321926489228,1716.769228752907,0.0004811598610832203,0,0,0,1,0,0,1,0,0,0,0,0,0,0,0,0,0,0,0
The Truman Show,1998,103.0,44,8.148,2011.7625488008923,1357.2831569017098,0.00025270270804198723,0,0,0,1,0,0,1,0,0,0,0,0,0,0,0,0,0,0,0
The Truth About Charlie,2002,104.0,6,4.8,1061.3118399110615,1264.7209256480644,0.00021409013318465263,0,0,0,0,0,0,0,0,0,0,0,0,1,0,0,1,0,0,0
The Turning,2020,87.0,42,2.75,237.63856439380328,345.30816005008455,4.12377756783285e-05,0,0,0,0,0,0,1,0,0,0,0,0,0,0,0,0,0,0,0
The TV Set,2007,87.0,53,5.965,46.80656054027979,661.0353777606485,7.259896338839202e-05,0,0,0,1,0,0,0,0,0,0,0,0,0,0,0,0,0,0,0
The Twilight Saga: Eclipse,2010,124.0,114,6.2,1017.4137910412056,1448.153581376444,0.0002973766858505726,0,1,0,0,0,0,1,0,1,0,0,0,0,1,0,0,0,0,0
The Twilight Saga: New Moon,2010,131.0,120,5.994,1112.0728582712054,1474.7034143577441,0.00031186212782877533,0,1,0,0,0,0,1,0,1,0,0,0,0,1,0,0,0,0,0
The Ugly Truth,2009,96.0,46,6.509,1175.4477317554242,760.2612048147097,8.672172908926909e-05,0,0,0,1,0,0,0,0,0,0,0,0,0,1,0,0,0,0,0
The Ultimate Gift,2007,114.0,4,7.599,536.7655571635311,1730.4031803572475,0.000493056376579998,0,0,0,0,0,0,1,1,0,0,0,0,0,1,0,0,0,0,0
The Ultimate Life,2013,105.0,35,6.959,179.81667688534642,764.6723886592005,8.740973854929818e-05,0,0,0,0,0,0,1,0,0,0,0,0,0,1,0,0,0,0,0
The Unborn,2009,87.0,56,5.178,601.5322177822177,314.10430084679786,3.8995876604806425e-05,0,0,0,0,0,0,0,0,0,0,1,0,1,0,0,1,0,0,0
The Unbreakable Boy,2025,108.0,35,7.7,143.90322580645162,548.4294883620246,5.933668057266064e-05,0,0,0,0,0,0,1,1,0,0,0,0,0,0,0,0,0,0,0
The Unholy,2021,102.0,73,5.3,168.73703585713784,130.06104176155304,2.804357484995158e-05,0,0,0,0,0,0,0,0,0,0,1,0,0,0,0,0,0,0,0
The Unholy Trinity,2025,95.0,35,6.327,33.75,-13.383389427259772,2.1688717596276823e-05,0,1,0,0,1,0,0,0,0,0,0,0,0,0,0,0,0,0,1
The Uninvited,2009,87.0,63,6.454,406.8409368409369,555.8999966792163,6.0136104069995875e-05,0,0,0,0,0,0,0,0,0,0,1,0,0,0,0,0,0,0,0
The Unknown Known,2014,102.0,55,6.811,66.11744824672581,880.1286862053565,0.00010749409453795872,0,0,0,0,0,1,0,0,0,1,0,0,0,0,0,0,0,0,0
The Upside,2019,126.0,109,7.132,474.3796707789669,310.446982340933,3.874122067055192e-05,0,0,0,1,0,0,1,0,0,0,0,0,0,0,0,0,0,0,0
The Upside of Anger,2005,118.0,81,6.269,733.8009123492994,502.72393343232045,5.467193065208859e-05,0,0,0,1,0,0,1,0,0,0,0,0,0,0,0,0,0,0,0
The Valet,2007,124.0,39,7.495,1132.4167872648336,2465.548820470623,0.0018400876884915205,0,0,0,1,0,0,0,0,0,0,0,0,0,1,0,0,0,0,0
The Vatican Tapes,2015,91.0,28,5.366,271.0213984327908,732.250148371144,8.247747914297809e-05,0,0,0,0,0,0,0,0,0,0,1,0,0,0,0,1,0,0,0
The Vigil,2021,88.0,14,5.839,71.0575858250277,546.5518303249476,5.913742806674103e-05,0,0,0,0,0,0,0,0,0,0,1,0,1,0,0,0,0,0,0
The Violent Heart,2021,102.0,10,5.3,76.37246216315984,1384.666674775071,0.00026540812990953177,0,0,0,0,0,0,1,0,0,0,0,0,0,1,0,1,0,0,0
The Virgin Suicides,2000,97.0,66,7.1,876.264974282396,1162.7509844956112,0.00017834635095225618,0,0,0,0,0,0,1,0,0,0,0,0,0,1,0,0,0,0,0
The Virginity Hit,2010,120.0,14,4.375,84.97969476648983,1095.2379919250682,0.00015802989273950134,0,0,0,1,0,0,0,0,0,0,0,0,0,0,0,0,0,0,0
The Visit,2015,107.0,77,7.6,484.0188503479643,238.73109183303131,3.407049718061163e-05,0,0,0,0,0,0,1,0,0,0,0,0,0,0,0,0,0,0,0
The Voices,2015,104.0,1,6.241,550.7215189873418,1602.240997616987,0.0003919102662566771,0,0,0,1,1,0,0,0,1,0,1,0,0,0,0,0,0,0,0
The Vow,2012,104.0,92,7.235,849.6575279662572,906.9983590330952,0.00011279482149601102,0,0,0,0,0,0,1,0,0,0,0,0,0,1,0,0,0,0,0
The Wackness,2008,99.0,61,6.399,152.6474686483976,2325.7468045438354,0.0014324280320602899,0,0,0,1,0,0,1,0,0,0,0,0,0,1,0,0,0,0,0
The Walk,2015,121.0,24,0.0,489.0053554040896,604.9645458122948,6.566098852330372e-05,0,0,0,0,0,1,0,0,0,0,0,0,0,0,0,0,0,0,0
The Walker,2008,108.0,46,5.248,419.7491558128317,640.4234821148261,6.996718531350872e-05,0,0,0,0,1,0,1,0,0,0,0,0,1,0,0,0,0,0,0
The Wall,2017,9.0,40,7.0,164.51336189310484,325.0215957548786,3.97660379461082e-05,0,0,0,0,0,1,0,0,0,0,0,0,0,0,0,0,0,0,0
The War with Grandpa,2021,98.0,120,6.431,120.65053451828956,885.9457054282677,0.00010862010942309972,0,0,0,1,0,0,0,1,0,0,0,0,0,0,0,0,0,0,0
The Warrior Queen of Jhansi,2019,102.0,14,6.1,83.06329962567743,556.1853471052002,6.016685222534404e-05,1,1,0,0,0,0,1,0,0,1,0,0,0,0,0,0,0,1,0
The Warrior's Way,2011,100.0,63,6.565,164.12778469174617,136.93552854666018,2.8391066854203796e-05,1,1,0,0,0,0,0,0,1,0,0,0,0,0,0,1,0,0,1
The Wash,2001,96.0,7,5.448,1375.2609502298944,967.9696356786064,0.00012581276327580125,1,0,0,1,0,0,0,0,0,0,0,0,0,0,0,0,0,0,0
The Watch,2012,90.0,84,5.2,346.53896009623367,24.510546042415285,2.3212145555476442e-05,0,0,0,0,0,0,1,0,0,0,1,0,1,0,0,0,1,0,0
The Watcher,2000,96.0,42,5.1,486.4615807812214,436.39213871099264,4.854655289393335e-05,0,0,0,0,0,0,0,0,0,0,0,0,1,0,0,1,0,0,0
The Watchers,2024,85.0,35,4.0,234.3571428571429,16.071217446865262,2.2863857425125794e-05,0,0,0,0,0,0,0,0,0,0,0,0,0,0,1,0,0,0,0
The Water Diviner,2015,112.0,70,6.787,318.0185654008439,984.7006070964743,0.0001296406994944089,0,0,0,0,0,0,1,0,0,0,0,0,0,0,0,0,0,1,0
The Way,2012,128.0,102,7.119,307.2792586178652,904.245268494334,0.00011223989764374363,0,1,0,1,0,0,1,0,0,0,0,0,0,0,0,0,0,0,0
The Way Back,2020,133.0,14,6.995,431.9386177964231,1674.3450472372856,0.00044594721553708544,0,1,0,0,0,0,1,0,0,1,0,0,0,0,0,0,0,0,0
The Way of the Gun,2000,119.0,14,6.321,368.9837398373984,1457.2678137043263,0.00030227189791504506,1,0,0,0,1,0,1,0,0,0,0,0,0,0,0,1,0,0,0
The Weather Man,2005,101.0,14,6.143,729.5548972277084,1605.6938196420379,0.00039434190423139157,0,0,0,1,0,0,1,0,0,0,0,0,0,0,0,0,0,0,0
The Wedding Date,2005,88.0,21,6.819,1262.1769073220685,1150.1861921404716,0.0001743768558913079,0,0,0,1,0,0,0,0,0,0,0,0,0,1,0,0,0,0,0
The Wedding Guest,2019,96.0,42,5.6,376.52447995232507,336.36775048105994,4.058257592685813e-05,0,0,0,0,0,0,0,0,0,0,0,0,0,0,0,1,0,0,0
The Wedding Planner,2001,103.0,56,5.926,738.450396484423,492.1704025608701,5.364803052635019e-05,0,0,0,1,0,0,0,0,0,0,0,0,0,1,0,0,0,0,0
The Wedding Ringer,2015,101.0,80,6.458,562.4085890988961,555.491367678797,6.009209929808483e-05,0,0,0,1,0,0,0,0,0,0,0,0,0,0,0,0,0,0,0
The Wedding Singer,1998,97.0,49,6.8,1201.942693809258,793.5987564582847,9.205862449307682e-05,0,0,0,1,0,0,0,0,0,0,0,0,0,1,0,0,0,0,0
The Wendell Baker Story,2007,99.0,11,5.0,877.2455378678244,1423.1263518865403,0.00028433857275520766,0,0,0,1,0,0,1,0,0,0,0,0,0,1,0,0,0,0,0
The Whale,2023,89.0,119,6.1,1842.0203411211264,1951.6920681208796,0.0007329239653901761,0,0,0,0,0,1,0,0,0,0,0,0,0,0,0,0,0,0,0
The Whistleblower,2011,112.0,32,6.725,702.8234771009337,724.120734409076,8.128505607865714e-05,0,0,0,0,1,0,1,0,0,0,0,0,0,0,0,1,0,0,0
The White Countess,2006,135.0,62,6.2,1978.887608806964,2222.238253239202,0.0011899901076372463,0,0,0,0,0,0,1,0,0,0,0,0,0,1,0,0,0,1,0
The Whole Nine Yards,2000,98.0,56,6.5,734.3678121655167,661.7754758905166,7.269528015672222e-05,0,0,0,1,1,0,0,0,0,0,0,0,0,0,0,0,0,0,0
The Whole Ten Yards,2004,98.0,14,5.7,720.7781895182636,1130.7579965323005,0.00016841227509296623,0,0,0,1,1,0,0,0,0,0,0,0,0,0,0,1,0,0,0
The Wicker Man,2006,102.0,65,4.3,674.2075892857143,193.3682306093823,3.1411324511110286e-05,0,0,0,0,0,0,0,0,0,0,1,0,1,0,0,1,0,0,0
The Wild Life,2016,96.0,35,6.042,169.98880952380955,350.9659266906798,4.165786073604619e-05,0,0,0,1,0,0,1,0,0,0,0,0,0,0,0,0,0,0,0
The Wild Robot,2025,102.0,120,8.319,344.66379310344826,1226.5797331542196,0.00019995067545414998,0,0,1,0,0,0,1,1,0,0,0,0,0,0,1,0,0,0,0
The Wildest Dream,2010,94.0,32,7.0,848.1568088033013,1207.968492568657,0.00019339416429448787,0,0,0,0,0,1,0,0,0,0,0,0,0,0,0,0,0,0,0
The Wind,2019,92.0,14,5.114,96.61573272249848,-42.494589893167245,2.058663735078842e-05,0,0,0,0,0,0,0,0,0,0,1,0,0,0,0,1,0,0,0
The Witch,2016,92.0,24,6.995,618.8531666666667,2590.867637307285,0.0023032247877667602,0,0,0,0,0,0,1,0,1,0,1,0,0,0,0,0,0,0,0
The Wolf Man,2010,70.0,49,7.021,658.6914820949013,776.5108064817894,8.928327006871536e-05,0,0,0,0,0,0,1,0,0,0,1,0,0,0,0,0,0,0,0
The Wolf of Wall Street,2014,180.0,100,8.027,820.8676534991679,944.2083751834049,0.0001205697844774018,0,0,0,1,1,0,1,0,0,0,0,0,0,0,0,0,0,0,0
The Wolverine,2013,126.0,120,6.429,570.1615164520744,1104.7846114431372,0.00016075574318661994,1,1,0,0,0,0,0,0,0,0,0,0,0,0,1,0,0,0,0
The Woman in Black,2012,100.0,91,6.884,432.9711490599993,178.08863119433806,3.0563194809652796e-05,0,0,0,0,0,0,0,0,0,1,1,0,1,0,0,0,1,0,0
The Woman in the Yard,2025,88.0,35,5.723,270.3888888888889,882.3675658188602,0.00010792609161426681,0,0,0,0,0,0,1,0,0,0,1,0,0,0,0,1,0,0,0
The Woman King,2023,135.0,119,7.636,294.02269169957333,1286.1268119639744,0.00022245921073556265,1,0,0,0,0,0,1,0,0,1,0,0,0,0,0,0,0,0,0
The Women,2008,114.0,70,5.1,290.75708313980493,530.8592455472658,5.749811816304966e-05,0,0,0,1,0,0,1,0,0,0,0,0,0,0,0,0,0,0,0
The Wonder of it All,2009,82.0,53,6.5,1476.7179487179487,274.4084289249638,3.631912466918657e-05,0,0,0,0,0,1,0,0,0,0,0,0,0,0,0,0,0,0,0
The Wood,1999,106.0,38,6.642,1183.3104209425708,693.5108425504975,7.694781121157741e-05,0,0,0,1,0,0,1,0,0,0,0,0,0,1,0,0,0,0,0
The Words,2012,96.0,28,6.672,255.0720196615232,1100.6486328087744,0.00015956906999163136,0,0,0,0,0,0,1,0,0,0,0,0,0,0,0,1,0,0,0
The Work,2017,90.0,9,7.556,534.1633152649065,1380.9775788269967,0.00026365991767652875,0,0,0,0,0,1,0,0,0,0,0,0,0,0,0,0,0,0,0
The Work and the Glory,2005,110.0,90,6.4,1547.6019057702488,288.4121854899621,3.724176621923098e-05,0,0,0,0,0,0,1,0,0,0,0,0,0,1,0,0,0,0,0
The World Before Your Feet,2019,95.0,120,7.1,593.5490508429576,1267.5578533643848,0.0002151809283365119,0,0,0,0,0,1,0,0,0,0,0,0,0,0,0,0,0,0,0
The World is Not Enough,2000,128.0,91,6.284,1215.7013281503075,547.7770370376452,5.9267368029680814e-05,1,1,0,0,0,0,0,0,0,0,0,0,0,0,0,1,0,0,0
The World's Fastest Indian,2006,127.0,76,7.665,742.0327700972862,628.4338500374844,6.848043205767133e-05,0,1,0,0,0,0,1,0,0,1,0,0,0,0,0,0,0,0,0
The Worst Movie EVER!,2011,76.0,86,9.0,978.84985919668,-803.8613329675909,5.2631228230422635e-06,1,0,0,1,0,0,1,0,0,0,1,1,0,0,1,0,0,0,0
The Wretched,2020,95.0,112,6.047,453.8487041841466,-147.047554073328,1.7070388398177706e-05,0,0,0,0,0,0,0,0,0,0,1,0,1,0,0,1,0,0,0
The Yards,2000,115.0,14,6.207,332.630662020906,1705.4359544202034,0.00047148960745735055,0,0,0,0,1,0,1,0,0,0,0,0,0,0,0,1,0,0,0
The Young Victoria,2010,105.0,120,7.168,680.8742328008384,865.6279896504244,0.00010473771402923118,0,0,0,0,0,0,1,0,0,1,0,0,0,1,0,0,0,0,0
The Zero Theorem,2014,107.0,1,6.099,682.3320659062105,1895.2511562422753,0.0006624422113210545,0,0,0,0,0,0,1,0,1,0,0,0,0,0,1,0,0,0,0
The Zone of Interest,2024,105.0,105,7.006,2276.6770315898384,2232.460894069567,0.00121198305154016,0,0,0,0,0,0,1,0,0,1,0,0,0,0,0,0,0,1,0
Theater Camp,2023,18.0,77,10.0,1154.9737665463297,-94.33284576867516,1.8760972530679862e-05,0,0,0,1,0,0,0,0,0,0,0,0,0,0,0,0,0,0,0
Their Finest,2017,117.0,77,6.613,885.3796754041551,583.2130153652347,6.315165936700314e-05,0,0,0,0,0,0,1,0,0,0,0,0,0,1,0,0,0,1,0
Them That Follow,2019,98.0,28,4.965,281.10369294374,864.0168816303657,0.00010443586107653229,0,0,0,0,0,0,0,0,0,0,0,0,0,0,0,1,0,0,0
Then She Found Me,2008,100.0,32,5.595,1010.380863910822,998.8642871380443,0.00013297214741018361,0,0,0,1,0,0,1,0,0,0,0,0,0,1,0,0,0,0,0
There Be Dragons,2011,112.0,25,5.033,410.5602489995553,676.381429287463,7.462246984283706e-05,0,0,0,0,0,0,1,0,0,1,0,0,0,0,0,0,0,1,0
There Will Be Blood,2008,158.0,120,8.075,4453.619070590127,1614.5652720756243,0.00040065900000718543,0,0,0,0,0,0,1,0,0,0,0,0,0,0,0,0,0,0,0
There's Something About Mary,1998,120.0,100,6.617,1478.915807335857,911.0641451226584,0.00011361935912607793,0,0,0,1,0,0,0,0,0,0,0,0,0,1,0,0,0,0,0
They Shall Not Grow Old,2019,99.0,120,7.773,414.6525159428385,1556.1202332115317,0.0003608317721544515,0,0,0,0,0,1,0,0,0,1,0,0,0,0,0,0,0,1,0
They Shot the Piano Player,2024,104.0,98,6.431,649.2156219232032,2094.3126283972906,0.000946275188770182,0,0,1,0,0,0,1,0,0,1,0,0,0,0,0,0,0,0,0
Things We Lost in the Fire,2007,113.0,21,6.6,228.7122412882181,1396.5161857713883,0.0002711022483910012,0,0,0,0,0,0,1,0,0,0,0,0,0,0,0,0,0,0,0
Think Like a Man,2012,122.0,80,6.798,1076.87854282594,505.24812706783786,5.4919709143079274e-05,0,0,0,1,0,0,0,0,0,0,0,0,0,1,0,0,0,0,0
Think Like a Man Too,2014,105.0,59,6.41,997.436804675398,425.2099289695959,4.7583749371307217e-05,0,0,0,1,0,0,0,0,0,0,0,0,0,1,0,0,0,0,0
Thir13en Ghosts,2001,91.0,26,6.3,1007.1250488641792,1086.3088232949412,0.00015552219199634312,0,0,0,0,0,0,0,0,0,0,1,0,0,0,0,1,0,0,0
Thirteen Days,2001,145.0,73,6.996,667.7605981416957,409.9503634127816,4.63006135163398e-05,0,0,0,0,0,0,0,0,0,1,0,0,0,0,0,1,0,0,0
This Christmas,2008,117.0,42,6.518,1195.3745852153957,667.0749348581816,7.338869815621643e-05,0,0,0,1,0,0,1,0,0,0,0,0,0,1,0,0,0,0,0
This Film is Not Yet Rated,2006,98.0,4,7.08,5528.735119047619,1882.0845395349336,0.000647000170237648,0,0,0,0,0,1,0,0,0,0,0,0,0,0,0,0,0,0,0
This is 40,2013,134.0,70,5.896,586.1933797909408,629.1345155615995,6.856644109247504e-05,0,0,0,1,0,0,0,0,0,0,0,0,0,0,0,0,0,0,0
This is England,2007,101.0,41,7.481,936.1312108055956,979.9417683546482,0.00012854020789371557,0,0,0,0,1,0,1,0,0,0,0,0,0,0,0,0,0,0,0
This is the End,2013,106.0,117,6.233,782.3772209146707,1272.6932811641882,0.0002171696493353352,1,0,0,1,0,0,0,0,0,0,0,0,0,0,0,0,0,0,0
This is Where I Leave You,2014,103.0,77,6.618,321.2105849368207,689.3596151397412,7.637770835113867e-05,0,0,0,1,0,0,1,0,0,0,0,0,0,0,0,0,0,0,0
This Isn't Funny,2015,86.0,7,7.143,1066.7281494876431,1075.7739540458033,0.000152614662321227,0,0,0,1,0,0,1,0,0,0,0,0,0,1,0,0,0,0,0
This Means War,2012,98.0,119,6.182,336.3767092202734,854.6092519080854,0.00010269056266081817,1,0,0,1,0,0,0,0,0,0,0,0,0,1,0,0,0,0,0
Thor,2011,115.0,112,6.768,815.8614841601184,1197.021834344959,0.00018963866323089154,1,1,0,0,0,0,0,0,1,0,0,0,0,0,0,0,0,0,0
Thr3e,2007,101.0,1,5.101,558.6589483839846,1528.5442372152033,0.00034343985943748013,0,0,0,0,0,0,0,0,0,0,1,0,0,0,0,1,0,0,0
Three Christs,2020,117.0,27,6.613,87.03403171332073,736.0266919184971,8.303735794214485e-05,0,0,0,0,0,0,1,0,0,0,0,0,0,0,0,0,0,0,0
Three Identical Strangers,2018,97.0,112,7.321,1449.040685270524,1352.9936150726323,0.000250768302665257,0,0,0,0,0,1,0,0,0,0,0,0,0,0,0,0,0,0,0
Three Kings,2000,114.0,109,6.648,846.8472388955582,1135.366103667023,0.00016980827162564995,1,0,0,1,0,0,0,0,0,0,0,0,0,0,0,0,0,1,0
Three Night Stand,2015,86.0,5,4.783,92.1831223628692,1728.4224535191838,0.0004913099708821707,0,0,0,1,0,0,1,0,0,0,0,0,0,1,0,0,0,0,0
Three to Tango,1999,98.0,21,5.7,418.6037272051678,1039.8066865431388,0.00014309148569582395,0,0,0,1,0,0,0,0,0,0,0,0,0,1,0,0,0,0,0
Thrill Ride,2017,86.0,7,4.5,93.54243166054673,973.8099095317993,0.00012713596482749492,0,1,0,1,0,0,0,0,0,0,0,0,0,0,0,0,0,0,0
Thumbsucker,2005,96.0,25,6.171,198.7301587301588,2924.2208874798325,0.004184894693189062,0,0,0,1,0,0,1,0,0,0,0,0,0,0,0,0,0,0,0
Thunder Soul,2011,83.0,72,6.8,201.9626293856701,-24.33515214484521,2.126735218174214e-05,0,0,0,0,0,1,0,0,0,0,0,1,0,0,0,0,0,0,0
Thunderbirds,2004,95.0,3,4.977,744.5279689430033,1373.6698238166641,0.0002602307973108611,1,1,0,1,0,0,0,1,0,0,0,0,0,0,0,0,0,0,0
Ticket to Paradise,2023,67.0,77,6.0,315.90392183832563,-13.759904273985853,2.167409367734132e-05,0,0,0,0,0,0,1,0,0,0,0,0,0,0,0,0,0,0,0
Tiger Eyes,2013,92.0,33,6.068,212.0250357653792,241.35163763428477,3.4230815909625984e-05,0,0,0,0,0,0,1,0,0,0,0,0,0,0,0,0,0,0,0
Til Death Do Us Part,2017,85.0,21,4.389,392.83868586194166,1030.4897859281557,0.00014072305720000056,0,0,0,0,0,0,0,0,0,0,0,0,0,0,0,1,1,0,0
Timeline,2004,116.0,83,5.7,823.7900197628458,163.1261482718686,2.9754863738378492e-05,1,1,0,0,0,0,0,0,0,0,0,0,0,0,1,0,0,0,0
Tiny Furniture,2011,99.0,102,5.641,174.36726272352132,511.72374387443006,5.5560512917133025e-05,0,0,0,1,0,0,1,0,0,0,0,0,0,1,0,0,0,0,0
Titan A.E.,2000,94.0,35,6.593,555.5029929420174,462.3899327985689,5.086096936120107e-05,1,1,1,0,0,0,0,1,0,0,0,0,0,0,1,0,0,0,0
Titanic,1998,194.0,120,7.904,3101.0239356178613,1467.910409845079,0.0003080900643313933,0,0,0,0,0,0,1,0,0,0,0,0,0,1,0,0,0,0,0
Titus,2000,162.0,25,6.445,1863.7214885954384,1016.2562191761592,0.00013718024467480978,0,0,0,0,0,0,1,0,0,1,0,0,0,0,0,0,0,0,0
TMNT,2007,87.0,67,6.15,1069.723568027853,314.06611048760215,3.899320881369387e-05,0,1,1,1,0,0,0,1,0,0,0,0,0,0,0,0,0,0,0
To Rome with Love,2012,111.0,35,5.785,572.1415170195659,2681.15644993922,0.0027075772356511545,0,0,0,1,0,0,0,0,0,0,0,0,0,1,0,0,0,0,0
To Save a Life,2010,120.0,25,6.274,467.670220082531,659.8129323764572,7.244015308037077e-05,0,0,0,0,0,0,1,0,0,0,0,0,0,0,0,0,0,0,0
To the Arctic 3D,2012,40.0,120,6.5,1682.3977206736351,1185.928996356648,0.00018590740037984098,0,0,0,0,0,1,0,0,0,0,0,0,0,0,0,0,0,0,0
To the End,2022,103.0,7,2.5,13.634267167748549,1287.4253357148134,0.00022297729423293233,0,0,0,0,0,1,0,0,0,0,0,0,0,0,0,0,0,0,0
Tokyo Cowboy,2024,94.0,84,3.5,749.4791666666666,-317.1719661287484,1.2585976794124209e-05,0,0,0,1,0,0,1,0,0,0,0,0,0,1,0,0,0,0,1
Tom and Jerry,2021,20.0,1,6.7,1867.139165743817,1066.1625998869772,0.00015000945887531683,0,0,0,1,0,0,0,0,0,0,0,0,0,0,0,0,0,0,1
Tomb Raider,2018,118.0,77,6.366,370.9921022824248,682.0918909106291,7.538975772793273e-05,1,1,0,0,0,0,0,0,1,0,0,0,0,0,0,0,0,0,0
Tomcats,2001,95.0,21,5.123,453.5885342279204,996.6321258476845,0.0001324414921394213,0,0,0,1,0,0,0,0,0,0,0,0,0,1,0,0,0,0,0
Tomorrow Never Dies,1998,119.0,42,6.375,1962.4138851802409,811.4397858001564,9.504839094002104e-05,1,1,0,0,0,0,0,0,0,0,0,0,0,0,0,1,0,0,0
Top Five,2015,102.0,56,6.085,618.4815015993723,776.7367348201751,8.93194129633915e-05,0,0,0,1,0,0,1,0,0,0,0,0,0,1,0,0,0,0,0
Top Gun: Maverick,2022,131.0,120,8.166,1523.6619447887576,1478.4982420024526,0.00031398941421544583,1,0,0,0,0,0,1,0,0,0,0,0,0,0,0,0,0,0,0
Torn,2013,80.0,15,5.8,2037.4920015606715,1491.4489354493642,0.0003213591144676562,0,0,0,0,0,0,1,0,0,0,0,0,0,0,0,0,0,0,0
Torque,2004,84.0,32,5.277,1069.9451369170797,761.8018485438993,8.696140469992977e-05,1,0,0,1,1,0,0,0,0,0,0,0,0,0,0,0,0,0,0
Tortilla Heaven,2007,98.0,1,4.4,377.4722624216112,1425.1808365075194,0.0002853869856607031,0,0,0,1,0,0,0,0,0,0,0,0,0,0,0,0,0,0,0
Total Recall,2012,113.0,66,7.312,620.1925958188153,692.817672971576,7.685232066092227e-05,1,1,0,0,0,0,0,0,0,0,0,0,0,0,1,0,0,0,0
Touch Me Not,2019,82.0,0,0.0,2799.495502542042,1261.6526368212471,0.00021291660338310762,0,0,0,0,0,0,0,0,0,0,0,0,0,0,0,1,0,0,0
Touched With Fire,2016,102.0,28,6.0,338.24494047619044,641.318404929187,7.007944463173326e-05,0,0,0,0,0,0,1,0,0,0,0,0,0,1,0,0,0,0,0
Touching the Void,2004,106.0,25,7.6,2901.339332980413,1197.8695374690628,0.00018992686371979679,1,1,0,0,0,1,1,0,0,0,0,0,0,0,0,0,0,0,0
Towelhead,2008,111.0,42,6.182,952.4717448521444,762.5274925422989,8.70745213945728e-05,0,0,0,0,0,0,1,0,0,0,0,0,0,0,0,0,0,0,0
Tower Heist,2012,104.0,91,6.112,516.545815234121,744.5088351315194,8.430874297339345e-05,1,0,0,1,0,0,0,0,0,0,0,0,0,0,0,0,0,0,0
Town & Country,2001,104.0,21,4.4,273.5691996790395,744.3646041585035,8.42869624009545e-05,0,0,0,1,0,0,0,0,0,0,0,0,0,1,0,0,0,0,0
Tracers,2015,94.0,1,6.025,220.55274261603373,1650.3921484730408,0.00042721662610598006,1,0,0,0,0,0,0,0,0,0,0,0,0,0,0,0,0,0,0
Tracks,2014,92.0,68,4.0,273.5515858781517,-48.689682539361,2.0359431343474816e-05,0,0,0,0,1,0,1,0,0,0,0,0,0,0,0,0,0,0,0
Traffic,2001,147.0,120,7.08,1272.3395470383275,1072.0547044149644,0.00015160121809197386,0,0,0,0,1,0,1,0,0,0,0,0,0,0,0,1,0,0,0
Traffik,2018,96.0,42,6.1,348.51975119000207,344.6878089474473,4.119197354111534e-05,1,0,0,0,0,0,0,0,0,0,0,0,0,0,0,1,0,0,0
Training Day,2001,122.0,39,7.509,1320.6733845864285,1172.3320246806836,0.00018143382618757367,1,0,0,0,1,0,1,0,0,0,0,0,0,0,0,0,0,0,0
Trainwreck,2015,125.0,91,5.797,670.1995505411851,856.1426854594813,0.00010297304180080023,0,0,0,1,0,0,0,0,0,0,0,0,0,1,0,0,0,0,0
Transamerica,2006,103.0,81,7.0,3753.836405529954,707.4748167434219,7.889695039177748e-05,0,1,0,1,0,0,1,0,0,0,0,0,0,0,0,0,0,0,0
Transcendence,2014,119.0,63,6.059,230.5152840808428,353.958453031663,4.188178120882206e-05,0,0,0,0,0,0,1,0,0,0,0,0,1,0,1,1,0,0,0
Transformers,2007,144.0,120,6.82,1334.1679125154983,1038.2553055083677,0.000142694364404827,1,1,0,0,0,0,0,0,0,0,0,0,0,0,1,0,0,0,0
Transformers One,2024,104.0,63,8.02,298.22222222222223,412.4893316500972,4.651168340984155e-05,0,1,1,0,0,0,0,1,0,0,0,0,0,0,1,0,0,0,0
Transporter 3,2008,103.0,23,6.157,703.764303508846,947.3020640456214,0.00012123984396830327,1,0,0,0,1,0,0,0,0,0,0,0,0,0,0,1,0,0,0
Transsiberian,2008,111.0,46,6.409,1431.9786344635393,803.5995476963095,9.372276195207952e-05,0,0,0,0,1,0,0,0,0,0,0,0,1,0,0,1,0,0,0
Trap,2024,84.0,70,5.0,407.9830508474576,-209.44085575908048,1.526516595303362e-05,0,0,0,0,0,0,1,0,0,0,0,0,0,0,0,1,0,0,0
Trapped,2002,106.0,17,6.162,330.47019586044536,1142.9162687585808,0.00017212060183948577,0,0,0,0,1,0,0,0,0,0,0,0,0,0,0,1,0,0,0
Trekkies,1999,86.0,14,6.379,75.1500600240096,1680.1523540028809,0.00045061073148792844,0,0,0,0,0,1,0,0,0,0,0,0,0,0,0,0,0,0,0
Tremors,2019,96.0,7,6.928,5356.6210402815805,1789.9687798300947,0.0005485781497105009,1,0,0,1,0,0,0,0,0,0,1,0,0,0,1,0,0,0,0
Trial by Fire,2019,93.0,14,5.4,146.2788423934298,611.8037920133355,6.647040693327281e-05,1,0,0,0,0,0,1,0,0,0,0,0,0,0,0,1,1,0,0
Triangle of Sadness,2023,147.0,119,7.028,1091.677058421592,1205.9827006845355,0.00019270741360992563,0,0,0,1,0,0,1,0,0,0,0,0,0,0,0,0,0,0,0
Triple 9,2016,115.0,49,5.978,279.2513605442177,178.52723484155922,3.058721828655202e-05,1,1,0,0,1,0,0,0,0,0,0,0,0,0,0,1,0,0,0
Tristan & Isolde,2006,125.0,39,6.669,1302.303571428571,808.5665310338682,9.456041777714914e-05,0,0,0,0,0,0,1,0,0,0,0,0,0,1,0,0,0,0,0
Trolls,2017,92.0,120,6.629,614.8167708333334,709.6262433138194,7.920161230365174e-05,0,1,1,1,0,0,0,1,1,0,0,1,0,0,0,0,0,0,0
Trolls Band Together,2024,91.0,105,7.3,344.58960263563154,332.61265651232196,4.0310497093444293e-05,0,0,1,1,0,0,0,1,1,0,0,1,0,0,0,0,0,0,0
Tropic Thunder,2008,107.0,93,6.698,607.8386247746332,911.3718527629364,0.00011368200674443785,1,1,0,1,0,0,0,0,0,0,0,0,0,0,0,0,0,1,0
Trouble the Water,2008,93.0,53,6.9,908.6158848118904,926.6731034260789,0.00011684121805882322,0,0,0,0,0,1,0,0,0,0,0,0,0,0,0,0,0,0,0
Trouble with the Curve,2012,111.0,84,6.994,279.61034718765563,830.2020693722529,9.829734570408227e-05,0,0,0,0,0,0,1,0,0,0,0,0,0,1,0,0,0,0,0
Troy,2004,163.0,40,7.164,1684.8397300158815,1009.5979410213612,0.00013555372146624111,1,0,0,0,0,0,0,0,0,1,0,0,0,0,0,0,0,1,0
True Crime,1999,127.0,32,6.536,542.5208083233293,810.0406097194492,9.481045106805168e-05,0,0,0,0,1,0,1,0,0,0,0,0,1,0,0,1,0,0,0
True Grit,2011,128.0,120,7.3,787.0206327372765,624.8945134783805,6.80476128462542e-05,0,0,0,0,0,0,0,0,0,0,0,0,0,0,0,0,0,0,1
True To The Game 3,2021,98.0,10,7.4,291.8560354374308,972.2950659994068,0.0001267914235119988,0,0,0,0,1,0,1,0,0,0,0,0,0,1,0,1,0,0,0
Truth,2015,94.0,15,5.1,1149.7797468354431,2433.9107111728204,0.001738697899458029,0,0,0,0,1,0,0,0,0,0,0,0,0,0,0,1,0,0,0
Truth & Treason,2025,120.0,25,8.0,166.72,686.7708072143729,7.602431852267723e-05,0,0,0,0,0,0,1,0,0,1,0,0,0,0,0,1,0,0,0
Truth or Dare,2018,95.0,56,5.546,399.55268248279,111.43780954429883,2.7123425337813284e-05,0,0,0,0,0,0,0,0,0,0,1,0,1,0,0,1,0,0,0
Tuesday,2024,15.0,24,6.0,983.2666666666668,1655.645937697357,0.00043125643071293215,0,0,0,0,0,0,1,0,0,0,0,0,0,0,0,0,0,0,0
Tulip Fever,2017,107.0,77,6.5,236.76463886990203,578.3719849125257,6.260635995112429e-05,0,0,0,0,0,0,1,0,0,0,0,0,0,1,0,0,0,0,0
Tulsa,2020,90.0,87,6.3,50.35113432464601,392.3605181993339,4.4864401539192144e-05,0,0,0,0,0,0,1,0,0,0,0,0,0,0,0,0,0,0,0
Turistas,2007,93.0,46,5.476,298.1814925044092,501.5638321196772,5.455842868838198e-05,0,0,0,0,0,0,0,0,0,0,1,0,0,0,0,1,0,0,0
Turn It Up,2000,86.0,5,4.808,287.7951993805653,1135.8115823764904,0.00016994383842524672,1,0,0,0,1,0,1,0,0,0,0,0,0,0,0,0,0,0,0
Twilight,2009,122.0,120,6.285,914.4956391598288,1647.8699205881,0.0004252906719707668,0,0,0,0,0,0,1,0,1,0,0,0,0,1,0,0,0,0,0
Twinless,2025,100.0,49,7.197,123.0,251.77349463046392,3.487590100462087e-05,0,0,0,1,0,0,1,0,0,0,0,0,0,0,0,0,0,0,0
Twisted,2004,97.0,21,5.584,684.4039426252237,867.3539880789937,0.00010506206060583446,1,1,0,0,1,0,1,0,0,0,0,0,0,0,0,1,0,0,0
Twisters,2024,123.0,84,6.794,840.0,662.7228500169904,7.281875843372222e-05,1,0,0,0,0,0,0,0,0,0,0,0,0,0,0,1,0,0,0
Two Brothers,2004,85.0,12,4.833,848.6403740956414,997.7535772039844,0.00013270783132590715,0,0,0,0,0,0,1,0,0,0,0,0,0,0,0,0,0,0,0
Two Can Play That Game,2001,90.0,27,6.411,1065.1962691093129,827.3334173696185,9.779349893321029e-05,0,0,0,1,0,0,0,0,0,0,0,0,0,1,0,0,0,0,0
Two Lovers,2009,110.0,102,6.856,2442.713286713287,975.5747984864149,0.0001275385583435982,0,0,0,0,0,0,1,0,0,0,0,0,0,1,0,0,0,0,0
Two Weeks Notice,2003,101.0,32,6.364,1713.975125069483,1070.9300730029393,0.00015129609874933877,0,0,0,1,0,0,0,0,0,0,0,0,0,1,0,0,0,0,0
Tyson,2009,90.0,32,6.854,643.5104895104896,3013.5918989434385,0.004911509796886741,0,0,0,0,0,1,1,0,0,0,0,0,0,0,0,0,0,0,0
U-571,2000,116.0,77,6.514,856.9970793195328,743.7123173255643,8.418852966714016e-05,1,1,0,0,0,0,0,0,0,0,0,0,0,0,0,0,0,1,0
U-Turn,1997,99.0,8,3.667,820.0404984423676,1194.38938035119,0.00018874647127702936,0,0,0,0,0,0,1,0,0,0,0,0,0,0,0,0,0,0,0
U.S. Marshals,1998,131.0,28,6.5,1259.886722173532,830.5869554109083,9.836514386670239e-05,1,0,0,0,1,0,0,0,0,0,0,0,0,0,0,1,0,0,0
U2 3D,2008,85.0,27,7.4,2158.871342313052,1163.5606017915782,0.000178605203968915,0,0,0,0,0,1,0,0,0,0,0,1,0,0,0,0,0,0,0
UglyDolls,2019,88.0,63,6.6,212.8005230739148,-336.55954542011,1.2156356450982846e-05,0,0,1,1,0,0,0,1,0,0,0,1,0,0,0,0,0,0,0
Ultraviolet,2006,87.0,14,5.228,702.6530612244898,1165.5893943701196,0.00017925550649405413,1,0,0,0,0,0,0,0,0,0,0,0,0,0,1,1,0,0,0
Umma,2022,83.0,21,5.337,145.6358696536353,1001.0881440086472,0.0001335029427812257,0,0,0,0,0,0,0,0,0,0,1,0,1,0,0,0,0,0,0
Unaccompanied Minors,2007,90.0,74,6.0,453.5472470238095,306.2709879511717,3.8452482627579466e-05,0,0,0,1,0,0,0,1,0,0,0,0,0,0,0,0,0,0,0
Unbroken,2015,137.0,78,7.426,755.0612589776089,990.5612563676646,0.0001310089421513527,0,0,0,0,0,0,1,0,0,0,0,0,0,0,0,0,0,1,0
Unbroken: Path to Redemption,2018,98.0,77,6.66,138.36320191158902,273.9891491486819,3.6291855591731756e-05,0,0,0,0,0,0,1,0,0,0,0,0,0,0,0,0,0,0,0
Uncharted,2022,78.0,102,3.1,450.8418440963112,249.91539248284062,3.476000547918399e-05,0,0,0,0,0,0,0,0,0,0,1,0,0,0,0,0,0,0,0
Uncle Drew,2018,103.0,77,6.664,394.4654429600666,371.0274154238789,4.318220001472711e-05,0,0,0,1,0,0,0,0,0,0,0,0,0,0,0,0,0,0,0
Unconscious,2007,84.0,86,6.0,385.9453538359788,239.57998010340907,3.412234774753105e-05,0,0,0,0,0,0,0,0,0,0,0,0,0,0,0,1,0,0,0
Uncut Gems,2020,136.0,91,7.151,3444.3895447532527,1849.3666312526068,0.0006101686964037527,0,0,0,0,1,0,1,0,0,0,0,0,0,0,0,1,0,0,0
Undead,2005,97.0,4,5.5,1060.962621607783,986.3847879640674,0.00013003242301709025,1,0,0,1,0,0,0,0,0,0,1,0,0,0,1,0,0,0,0
Under the Eiffel Tower,2019,87.0,7,5.8,100.02569975976311,874.8671592457025,0.00010648566506262729,0,0,0,1,0,0,0,0,0,0,0,0,0,1,0,0,0,0,0
Under the Sea 3D,2009,41.0,120,6.9,2638.465967365968,1409.6006344651673,0.00027753182795688043,0,0,0,0,0,1,0,0,0,0,0,0,0,0,0,0,0,0,0
Under The Silver Lake,2019,139.0,7,6.368,4029.531817419968,2536.765393025263,0.002090474529780373,0,0,0,0,1,0,1,0,0,0,0,0,1,0,0,0,0,0,0
Underclassman,2005,95.0,39,4.9,606.2435414048317,508.20877625532063,5.521176211113387e-05,1,0,0,1,0,0,0,0,0,0,0,0,0,0,0,0,0,0,0
Undercover Brother,2002,86.0,24,5.9,1266.904761904762,1196.9682504211505,0.00018962046057325352,1,0,0,1,0,0,0,0,0,0,0,0,0,0,0,0,0,0,0
Undertow,2010,108.0,94,6.004,935.5260162216003,636.9755711252994,6.9536357084406e-05,0,0,0,0,0,0,1,0,0,0,0,0,0,0,0,1,0,0,0
Underwater,2020,23.0,63,4.556,207.03897797527048,192.95457548457773,3.138805656742686e-05,0,0,0,0,0,0,1,0,0,0,0,0,0,0,0,0,0,0,0
Underworld,2003,122.0,21,6.8,1315.669254658385,1145.3501105092644,0.00017287268617929033,1,0,0,0,0,0,0,0,1,0,0,0,0,0,0,1,0,0,0
Underworld: Awakening,2012,88.0,45,6.328,766.2622919086333,723.2277121660546,8.115512295052544e-05,1,0,0,0,0,0,0,0,1,0,1,0,0,0,0,0,0,0,0
Underworld: Blood Wars,2017,91.0,63,5.911,322.5817774410186,210.30782489956255,3.237913349838282e-05,1,0,0,0,0,0,0,0,1,0,1,0,0,0,1,1,0,0,0
Underworld: Evolution,2006,106.0,32,6.6,1054.0407772304325,830.1610544135214,9.829012362296837e-05,1,0,0,0,0,0,0,0,1,0,0,0,0,0,0,1,0,0,0
Undiscovered,2005,97.0,11,4.526,126.02755667271796,587.8542191263173,6.367890904555858e-05,0,0,0,1,0,0,0,0,0,0,0,1,0,1,0,0,0,0,0
Undisputed,2002,96.0,11,6.525,1414.0053998252995,1820.8111608420177,0.0005797407397682941,1,0,0,0,1,0,1,0,0,0,0,0,0,0,0,0,0,0,0
Unfaithful,2002,124.0,33,6.674,1854.849048082268,973.5045750839428,0.00012706644323610855,0,0,0,0,0,0,1,0,0,0,0,0,0,1,0,1,0,0,0
UnFavorable Odds,2022,80.0,12,4.3,21.29797289602551,1003.0799672034511,0.00013398015430093256,0,0,0,1,0,0,1,0,0,0,0,0,0,1,0,0,0,0,0
Unfinished Business,2015,96.0,35,5.3,198.17673297166968,-4.770134785519417,2.2025966280389182e-05,0,0,0,1,0,0,0,0,0,0,0,0,0,1,0,0,0,0,0
Unforgettable,2017,116.0,42,5.586,217.70317266033305,78.42093477243134,2.556568698527301e-05,0,0,0,0,0,0,0,0,0,0,0,0,1,0,1,1,0,0,0
Unfriended,2015,83.0,42,5.538,447.3000803697007,955.502713464928,0.00012303408924609698,0,0,0,0,0,0,0,0,0,0,1,0,1,0,0,0,0,0,0
Unfriended: Dark Web,2018,92.0,28,6.3,348.6236274677135,873.7282705970094,0.00010626863309515206,0,0,0,0,0,0,0,0,0,0,1,0,1,0,0,0,0,0,0
Unhinged,2020,80.0,94,4.667,144.85334612446482,387.1576920195205,4.444819095509109e-05,0,0,0,0,0,0,0,0,0,0,1,0,0,0,0,0,0,0,0
Unidentified,2006,85.0,32,5.143,321.38392857142856,418.0462151891137,4.697700265590272e-05,0,0,0,0,0,0,0,0,0,0,0,0,0,0,1,0,0,0,0
United 93,2006,111.0,32,7.1,863.7193080357143,1061.4952574061965,0.00014876044220706844,1,0,0,0,1,0,1,0,0,1,0,0,0,0,0,1,0,0,0
United Passions,2015,110.0,3,3.3,40.0604781997187,1752.42597486192,0.000512897134760109,0,0,0,0,0,0,1,0,0,0,0,0,0,0,0,0,0,0,0
Unknown,2011,85.0,84,6.242,461.72288212750647,188.01444771134288,3.111150471788705e-05,0,1,0,0,1,0,0,0,0,0,0,0,1,0,0,1,0,0,0
Unplanned,2019,106.0,120,6.9,520.4623193342334,818.1043022070745,9.618996141359436e-05,0,0,0,0,0,0,1,0,0,0,0,0,0,0,0,0,0,0,0
Unplugging,2022,94.0,3,5.0,72.00318870288122,408.1771377707941,4.615376979063363e-05,0,0,0,1,0,0,0,0,0,0,0,0,0,0,0,0,0,0,0
Unstoppable,2011,96.0,112,5.168,457.3937250278378,273.8476624990577,3.62826582177388e-05,1,0,0,0,0,0,0,0,0,0,0,0,0,0,0,1,0,0,0
Unsubscribe,2020,29.0,1,5.7,30825.904173106646,1280.5000013430204,0.0002202281060315885,0,0,0,0,0,0,0,0,0,0,1,0,0,0,0,1,0,0,0
Unsung Hero,2024,164.0,49,0.0,200.3658536585366,7.186727237302307,2.250284280624386e-05,0,0,0,0,0,0,1,0,0,0,0,0,0,0,0,0,0,0,0
Until Dawn,2025,103.0,28,6.414,257.3103448275862,958.4385030080311,0.0001236828538464131,0,0,0,0,0,0,0,0,0,0,1,0,1,0,0,0,0,0,0
Until Forever,2016,100.0,28,7.6,292.3196428571429,885.7930265233101,0.00010859040479437306,0,0,0,0,0,0,1,0,0,0,0,0,0,1,0,0,0,0,0
Untraceable,2008,101.0,38,6.227,567.0145696335591,490.6438949992366,5.350152523339379e-05,0,0,0,0,1,0,1,0,0,0,1,0,1,0,0,1,0,0,0
Up in the Air,2010,110.0,120,6.883,2743.018181818182,1553.8744299780872,0.0003593830089797642,0,0,0,0,0,0,1,0,0,0,0,0,0,1,0,0,0,0,0
Upgrade,2018,100.0,42,7.5,405.4439513758511,1023.2698310870023,0.0001389146823396724,1,0,0,0,0,0,0,0,0,0,0,0,0,0,1,1,0,0,0
Uptown Girls,2003,92.0,23,6.9,1098.7401656314698,1167.2619269180627,0.0001797933948047031,0,0,0,1,0,0,1,0,0,0,0,0,0,0,0,0,0,0,0
Urban Legend,1998,100.0,28,5.728,968.2837423312884,930.0225645499008,0.00011754440185215508,0,0,0,0,0,0,0,0,0,0,1,0,1,0,0,0,0,0,0
Urban Legends: Final Cut,2000,98.0,35,4.9,451.5990408752014,610.5284008308665,6.631871238853301e-05,0,0,0,0,0,0,0,0,0,0,1,0,1,0,0,0,0,0,0
V for Vendetta,2006,132.0,74,7.899,981.8339395943564,585.1750224919665,6.337401238901178e-05,1,0,0,0,0,0,0,0,0,0,0,0,0,0,1,1,0,0,0
Vacancy,2007,85.0,39,6.274,503.4107354295488,963.672577351339,0.0001248480023244291,0,0,0,0,0,0,0,0,0,0,1,0,0,0,0,1,0,0,0
Vacation,2015,99.0,93,6.304,345.0895951162583,694.2446207718707,7.704902526213891e-05,0,1,0,1,0,0,0,0,0,0,0,0,0,0,0,0,0,0,0
Valentine,2001,96.0,21,5.546,769.8829914047305,1027.1942300171481,0.00013989472059259007,0,0,0,0,0,0,0,0,0,0,1,0,0,0,0,1,0,0,0
Valentine's Day,2010,125.0,84,5.924,620.8779830134714,510.4831818481805,5.543717503458256e-05,0,0,0,1,0,0,0,0,0,0,0,0,0,1,0,0,0,0,0
Valentino: The Last Emperor,2009,96.0,69,6.5,5895.198135198136,769.239313452485,8.812779017284503e-05,0,0,0,0,0,1,0,0,0,0,0,0,0,0,0,0,0,0,0
Valiant One,2025,86.0,14,6.74,96.375,1122.871567443545,0.0001660497077830906,1,0,0,0,0,0,0,0,0,0,0,0,0,0,0,1,0,1,0
Vampire Academy,2014,104.0,63,6.331,129.0074685112386,379.679241177676,4.385669181553767e-05,1,0,0,1,0,0,0,0,1,0,0,0,0,0,0,0,0,0,0
Vampires,1998,108.0,18,6.327,846.3850873053327,1206.4723958947664,0.00019287653908535573,1,0,0,0,0,0,0,0,1,0,1,0,0,0,0,0,0,0,0
Vampires Suck,2010,82.0,79,4.369,297.1791478766563,360.1303649138298,4.2347412531646274e-05,0,0,0,1,0,0,0,0,1,0,0,0,0,0,0,0,0,0,0
Van Helsing,2004,132.0,35,6.384,1604.3646676245933,736.3365412181136,8.308346196530138e-05,1,1,0,0,0,0,0,0,0,0,1,0,0,0,0,0,0,0,0
Vanilla Sky,2002,136.0,42,6.818,1485.128784259219,533.2899256721348,5.77490302386795e-05,0,0,0,0,0,0,0,0,0,0,0,0,1,1,1,0,0,0,0
Vantage Point,2008,90.0,52,6.399,719.372164064454,670.6234192748263,7.385669984611951e-05,1,0,0,0,1,0,1,0,0,0,0,0,0,0,0,1,0,0,0
Varsity Blues,1999,106.0,46,6.141,1019.3121534328018,611.4903491619546,6.643309403101626e-05,0,0,0,1,0,0,1,0,0,0,0,0,0,1,0,0,0,0,0
Venom,2019,85.0,109,5.433,757.0503119607063,525.816463266829,5.698103793099139e-05,0,0,0,0,0,0,0,0,0,0,1,0,0,0,0,1,0,0,0
Venom: Let There be Carnage,2022,97.0,119,6.76,664.5927438609326,1187.7430178561222,0.0001865125171630408,1,1,0,0,0,0,0,0,0,0,0,0,0,0,1,0,0,0,0
Venom: The Last Dance,2025,109.0,77,6.684,715.2105263157895,428.91950175592757,4.790101324497749e-05,1,1,0,0,0,0,0,0,0,0,0,0,0,0,1,0,0,0,0
Venus,2007,95.0,61,6.6,3675.731646825397,814.5622323598282,9.558154070869504e-05,0,0,0,1,0,0,1,0,0,0,0,0,0,1,0,0,0,0,0
Vera Drake,2005,125.0,100,7.2,251.85812599258867,926.6282544360959,0.00011683183108636835,0,0,0,0,0,0,1,0,0,0,0,0,0,0,0,0,0,0,0
Veronica Mars,2014,107.0,42,6.631,405.9926167340616,1023.6671734095818,0.00013901359725826276,0,0,0,1,1,0,1,0,0,0,0,0,0,0,0,0,0,0,0
Vertical Limit,2001,124.0,49,6.0,1100.483753342517,562.000610295876,6.0796916722255634e-05,1,1,0,0,0,0,0,0,0,0,0,0,0,0,0,1,0,0,0
Very Bad Things,1998,100.0,22,6.254,658.7721881390593,981.2465145128313,0.0001288410003328317,0,0,0,1,1,0,0,0,0,0,0,0,0,0,0,1,0,0,0
Vicky Cristina Barcelona,2008,96.0,42,6.793,985.1473027669032,1333.0337594002876,0.00024196018609480102,0,0,0,0,0,0,1,0,0,0,0,0,0,1,0,0,0,0,0
Victor Frankenstein,2015,92.0,23,7.6,135.25914205344588,287.69225252701926,3.719376673709321e-05,0,0,0,0,0,0,0,0,0,0,1,0,0,0,1,0,0,0,0
Videocracy,2010,85.0,4,6.4,3109.9082989454378,2059.020964187962,0.0008883019265649889,0,0,0,0,0,1,0,0,0,0,0,0,0,0,0,0,0,0,0
View from the Top,2003,87.0,13,5.548,689.9870401337793,1639.244938816655,0.00041877007286624776,0,0,0,1,0,0,1,0,0,0,0,0,0,1,0,0,0,0,0
Violent Night,2023,111.0,120,7.236,205.02004124164185,1055.1568293100556,0.00014708086502509152,1,0,0,1,0,0,0,0,1,0,0,0,0,0,0,0,0,0,0
Violet Tendencies,2011,99.0,105,4.875,514.59356782603,562.2226889811614,6.082110857167698e-05,0,0,0,1,0,0,1,0,0,0,0,0,0,1,0,0,0,0,0
Viper Club,2018,109.0,21,5.432,411.5874912290683,474.2788602771321,5.195581917209777e-05,0,0,0,0,0,0,1,0,0,0,0,0,0,0,0,1,0,0,0
Virus,1999,100.0,12,5.385,827.4558394786486,1121.3793939180716,0.00016560643469227856,1,0,0,0,0,0,0,0,0,0,1,0,0,0,1,0,0,0,0
Vita & Virginia,2019,110.0,42,6.769,606.2746522152077,476.26928564678514,5.2141406725090064e-05,0,0,0,0,0,0,1,0,0,0,0,0,0,1,0,0,0,0,0
Voiceless,2016,107.0,35,2.5,222.8727678571429,552.2158803804475,5.9740527521027214e-05,0,0,0,0,0,0,1,0,0,0,0,0,0,0,0,0,0,0,0
Vortex,2022,90.0,32,5.6,80.20157157499145,539.7173981162671,5.841780803463459e-05,0,0,0,0,0,0,0,0,0,0,0,0,0,0,0,1,0,0,0
Vox Lux,2019,114.0,31,5.8,1614.4220245733586,992.1078579354397,0.00013137241786524573,0,0,0,0,0,0,1,0,0,0,0,1,0,0,0,0,0,0,0
Voyagers,2021,15.0,35,0.0,57.2091968570374,213.86804063279658,3.258630091045287e-05,0,0,1,0,0,1,0,0,0,1,0,0,0,0,0,0,0,0,0
W.,2008,129.0,28,6.2,697.2977904584966,975.5759339019833,0.00012753881775618054,0,0,0,0,0,0,1,0,0,1,0,0,0,0,0,0,0,0,0
Wag the Dog,1998,97.0,50,6.945,1097.380507343124,896.7307862055877,0.00011073910488211344,0,0,0,1,0,0,1,0,0,0,0,0,0,0,0,0,0,0,0
Wah-Wah,2006,120.0,18,5.838,602.4007936507936,1272.3454491049265,0.00021703437117598487,0,0,0,0,0,0,1,0,0,0,0,0,0,0,0,0,0,0,0
Waiting for Armageddon,2010,74.0,11,6.2,15.786336542870243,1669.9530802800552,0.00044245235848732525,0,0,0,0,0,1,0,0,0,0,0,0,0,0,0,0,0,0,0
Waiting for Forever,2011,94.0,14,5.931,535.4182811408244,641.3297800557399,7.008087268879192e-05,0,0,0,0,0,0,1,0,0,0,0,0,0,1,0,0,0,0,0
Waiting...,2005,94.0,21,6.214,761.7989417989418,949.6806270269152,0.0001217575459868622,0,0,0,1,0,0,0,0,0,0,0,0,0,1,0,0,0,0,0
Walk the Line,2006,136.0,95,7.497,1081.1430870351212,715.4689870850818,8.003494786437065e-05,0,0,0,0,0,0,1,0,0,0,0,1,0,1,0,0,0,0,0
Walking Tall,2004,86.0,28,6.327,917.6379443743128,1036.6896599282431,0.0001422947090538578,1,1,0,0,0,0,1,0,0,0,0,0,0,0,0,1,0,0,0
Walking with Dinosaurs,2014,87.0,105,6.225,263.4880441446966,423.0800496144047,4.7402540417733436e-05,0,1,1,0,0,0,0,1,0,0,0,0,0,0,0,0,0,0,0
Wanderlust,2012,98.0,42,5.497,365.8028455284553,932.0002630841982,0.00011796158411821437,0,0,0,1,0,0,0,0,0,0,0,0,0,1,0,0,0,0,0
Wanted,2008,110.0,84,6.52,895.4798951628956,733.7048712673391,8.269269581352386e-05,1,0,0,0,1,0,0,0,0,0,0,0,0,0,0,1,0,0,0
War,2007,103.0,21,6.389,736.825856246985,718.9044838922136,8.0529031594235e-05,1,0,0,0,1,0,0,0,0,0,0,0,0,0,0,1,0,0,0
War Dance,2008,105.0,102,7.2,196.28557645923783,731.160319905175,8.231661327765566e-05,0,0,0,0,0,1,0,0,0,0,0,1,0,0,0,0,0,1,0
War Dogs,2016,6.0,63,5.7,384.79029947916666,59.56041265147314,2.471633177225312e-05,0,0,1,0,0,0,0,0,0,0,0,0,0,0,0,0,0,0,0
War of the Worlds,2005,117.0,104,6.5,2162.5840958169147,876.4528394932569,0.00010678857811333929,0,1,0,0,0,0,0,0,0,0,0,0,0,0,1,1,0,0,0
War Room,2015,120.0,101,7.842,935.2127699180938,765.1978234207972,8.749205322641946e-05,0,0,0,0,0,0,1,0,0,0,0,0,0,0,0,0,0,0,0
Warcraft,2016,123.0,49,6.389,584.8144166666667,695.9438902459739,7.72839262446725e-05,1,1,0,0,0,0,0,0,1,0,0,0,0,0,0,0,0,0,0
Warfare,2025,95.0,38,7.121,472.4736842105263,2105.7155839812613,0.0009658038477900499,1,0,0,0,0,0,0,0,0,0,0,0,0,0,0,0,0,1,0
Warm Bodies,2013,97.0,98,6.468,426.279845843917,753.4947036823822,8.567687215287425e-05,0,0,0,1,0,0,0,0,0,0,1,0,0,1,0,0,0,0,0
Warrior,2011,140.0,56,7.846,259.7315473543797,737.5760996996896,8.326815823710663e-05,1,0,0,0,0,0,1,0,0,0,0,0,0,0,0,0,0,0,0
Watcher,2022,96.0,42,6.474,148.2328729236826,-103.1153588469382,1.8468114937211424e-05,0,0,0,0,0,0,0,0,0,0,1,0,1,0,0,1,0,0,0
Watchmen,2009,163.0,84,7.345,664.981684981685,346.3263478800118,4.131306155547774e-05,1,0,0,0,0,0,0,0,0,0,0,0,1,0,1,0,0,0,0
Water & Power,2014,88.0,27,6.5,375.9249200313839,522.3873734814798,5.663208228516144e-05,0,0,0,0,1,0,1,0,0,0,0,0,0,0,0,0,0,0,0
Water for Elephants,2011,122.0,105,6.94,459.93351542484487,1003.9818208978546,0.00013419678583569038,0,0,0,0,0,0,1,0,0,0,0,0,0,1,0,0,0,0,0
Waterman,2022,88.0,39,8.0,442.1498570478125,725.1820459919597,8.143974555707798e-05,0,0,0,0,0,1,0,0,0,1,0,0,0,0,0,0,0,0,0
Watermark,2014,92.0,37,6.5,316.70257710181664,1154.5871754485206,0.00017575706825733695,0,0,0,0,0,1,0,0,0,0,0,0,0,0,0,0,0,0,0
Watermarks,2005,80.0,32,7.1,1573.8146441372248,1067.7040762120173,0.00015042426916513205,0,0,0,0,0,1,0,0,0,1,0,0,0,0,0,0,0,0,0
Waves,2020,90.0,77,7.0,1077.9152212668052,662.053114249234,7.273144511224046e-05,0,0,0,0,0,0,1,0,0,0,0,0,0,1,0,0,0,0,0
We Are Marshall,2007,124.0,60,6.871,1028.9165249433106,670.9122863288297,7.389492898636142e-05,0,0,0,0,0,0,1,0,0,1,0,0,0,0,0,0,0,0,0
We Are What We Are,2013,105.0,35,5.759,201.79000613120783,1255.415574859023,0.00021055090222538294,0,0,0,0,0,0,1,0,0,0,1,0,0,0,0,1,0,0,0
We Are Your Friends,2015,96.0,28,6.786,87.66550269169214,1029.6560672401679,0.00014051304004581732,0,0,0,1,0,0,1,0,0,0,0,1,0,1,0,0,0,0,0
We Bought a Zoo,2012,124.0,120,6.816,432.36401363569,1093.581882320316,0.000157561749773692,0,0,0,1,0,0,1,1,0,0,0,0,0,0,0,0,0,0,0
We Broke Up,2021,82.0,7,5.9,71.30517323208355,480.5285670923861,5.25407728635395e-05,0,0,0,1,0,0,0,0,0,0,0,0,0,1,0,0,0,0,0
We Grown Now,2024,95.0,10,6.7,13434.666666666666,3265.068365797816,0.007706607447638478,0,0,0,0,0,0,1,0,0,0,0,0,0,0,0,0,0,0,0
We Live in Time,2024,108.0,59,7.3,1831.7941176470588,1828.8855821245097,0.0005881873839641409,0,0,0,0,0,0,1,0,0,0,0,0,0,1,0,0,0,0,0
We Need to Do Something,2021,97.0,14,5.292,50.50783103939252,176.3532963845928,3.0468330815508898e-05,0,0,0,0,0,0,0,0,0,0,1,0,1,0,0,0,0,0,0
We Own the Night,2007,118.0,28,6.697,678.9854911128427,1196.4423677970265,0.0001894419089867414,0,0,0,0,1,0,1,0,0,0,0,0,0,0,0,1,0,0,0
We The Animals,2018,93.0,59,6.437,1000.9971398573548,399.5933930200656,4.544949291145453e-05,0,0,0,0,0,0,1,0,0,0,0,0,0,0,0,0,0,0,0
We Were Soldiers,2002,138.0,42,7.14,1032.4557003213167,877.0247490395883,0.00010689804150183713,1,0,0,0,0,0,0,0,0,1,0,0,0,0,0,0,0,1,0
Weak Layers,2024,99.0,14,3.3,308.0,765.6178859303458,8.755791602676475e-05,0,0,0,1,0,0,0,0,0,0,0,0,0,0,0,0,0,0,0
Weapons,2025,82.0,91,4.3,647.1,158.31878255496372,2.949971662702397e-05,0,0,0,0,1,0,1,0,0,0,0,0,0,0,0,0,0,0,0
Web Junkie,2014,79.0,40,6.559,132.23489649345163,1008.2207036879379,0.0001352196965645815,0,0,0,0,0,1,0,0,0,0,0,0,0,0,0,0,0,0,0
Wedding Crashers,2005,119.0,88,6.5,1541.3065830807768,733.1455581752141,8.26098827543323e-05,0,0,0,1,0,0,0,0,0,0,0,0,0,1,0,0,0,0,0
Weekend in Taipei,2024,101.0,14,6.317,29.33333333333333,1327.5025551293659,0.00023957452912364355,1,1,0,0,0,0,0,0,0,0,0,0,0,0,0,1,0,0,0
Welcome Home Roscoe Jenkins,2008,114.0,34,5.99,836.3969563673124,702.6968602798494,7.822453235127457e-05,0,0,0,1,0,0,1,1,0,0,0,0,0,0,0,0,0,0,0
Welcome to Marwen,2019,116.0,28,6.504,278.10647436991525,1131.5513470286533,0.00016865179506732924,0,0,0,1,0,0,1,0,0,0,0,0,0,0,0,0,0,0,0
Welcome to Mooseport,2004,110.0,14,5.089,553.8074683389665,1044.0921032055849,0.0001441942156788602,0,0,0,1,0,0,0,0,0,0,0,0,0,0,0,0,0,0,0
Wendy,2020,110.0,21,7.0,504.67708103334064,639.9677182619743,6.991008332292107e-05,0,0,0,0,0,0,0,0,1,0,0,0,0,0,0,0,0,0,0
Wendy and Lucy,2009,80.0,69,6.835,1059.809568044589,1039.302936864496,0.00014296241522973303,0,0,0,0,0,0,1,0,0,0,0,0,0,0,0,0,0,0,0
Were the World Mine,2009,97.0,120,6.239,707.6899598311583,1018.0951483370936,0.00013763289866983316,0,0,0,0,0,0,0,0,1,0,0,0,0,1,0,0,0,0,0
Werewolves,2024,93.0,21,5.943,116.45454545454544,1126.123375982367,0.00016701982205569518,1,0,0,0,0,0,0,0,0,0,1,0,0,0,0,1,0,0,0
Werewolves Within,2021,97.0,42,6.0,108.30573573098492,643.5052897553991,7.035452638476234e-05,0,0,0,1,0,0,0,0,0,0,1,0,0,0,0,0,0,0,0
West Side Story,2022,153.0,119,7.234,181.6590070136582,895.1496023030679,0.000110425875347004,0,0,0,0,1,0,1,0,0,0,0,0,0,1,0,0,0,0,0
Western Stars,2019,83.0,49,7.0,66.91695997914222,689.432983046618,7.63877474686983e-05,0,0,0,0,0,1,0,0,0,0,0,1,0,0,0,0,0,0,0
What a Girl Wants,2003,105.0,53,6.298,791.6178260869565,645.8615919431522,7.065212725635392e-05,0,0,0,1,0,0,1,1,0,0,0,0,0,1,0,0,0,0,0
What Dreams May Come,1998,113.0,35,7.203,1190.672162576687,1120.43251388018,0.00016532576331118804,0,0,0,0,0,0,1,0,1,0,0,0,0,1,0,0,0,0,0
What If,2014,98.0,42,6.738,607.9341943790613,1081.23441639806,0.00015411485060812813,0,0,0,1,0,0,1,0,0,0,0,0,0,1,0,0,0,0,0
What If...,2010,111.0,18,6.892,806.5382851902797,1088.9217206914445,0.00015625186080674405,0,0,0,0,0,0,1,1,1,0,0,0,0,1,0,0,0,0,0
What Men Want,2019,117.0,63,6.2,479.9391987680877,516.8673457363203,5.607482914872542e-05,0,0,0,1,0,0,0,0,0,0,0,0,0,1,0,0,0,0,0
What Planet Are You From?,2000,105.0,14,5.429,215.08904374758032,1157.4547146623345,0.0001766622428591498,0,0,0,1,0,0,1,0,0,0,0,0,0,1,1,0,0,0,0
What We Did on Our Holiday,2015,95.0,1,6.706,462.2362869198312,1705.037404656889,0.000471153100614087,0,0,0,1,0,0,0,0,0,0,0,0,0,0,0,0,0,0,0
What We Found,2020,110.0,21,5.138,54.481857658055496,261.84291282754884,3.551071565864466e-05,0,0,0,0,0,0,0,0,0,0,0,0,0,0,0,1,0,0,0
What Women Want,2011,127.0,18,6.444,1095.710665927627,1601.1179965839947,0.0003911226325933311,0,0,0,1,0,0,0,0,0,0,0,0,0,1,0,0,0,0,0
What's Your Number?,2011,106.0,54,6.461,241.51664114091852,530.4188654147978,5.745277578440017e-05,0,0,0,1,0,0,0,0,0,0,0,0,0,1,0,0,0,0,0
Whatever it Takes,2000,94.0,21,5.768,362.2871202396236,1097.4854328958015,0.00015866741643551363,0,0,0,1,0,0,1,0,0,0,0,0,0,1,0,0,0,0,0
Whatever Works,2009,92.0,81,7.077,218.8811188811189,2320.2008666564398,0.001418267274714282,0,0,0,1,0,0,0,0,0,0,0,0,0,1,0,0,0,0,0
When a Stranger Calls,2006,87.0,22,5.75,1061.611426767677,986.6568208277029,0.0001300958060621936,0,0,0,0,0,0,0,0,0,0,1,0,1,0,0,0,0,0,0
When the Bough Breaks,2016,105.0,70,5.779,352.53488095238095,-93.33239534041809,1.8794626353288378e-05,0,0,0,0,0,0,0,0,0,0,0,0,0,0,0,1,0,0,0
When the Game Stands Tall,2014,115.0,59,6.67,332.6888315529,570.9235792621353,6.177654392060646e-05,0,0,0,0,0,0,1,0,0,0,0,0,0,0,0,0,0,0,0
Where Hope Grows,2015,95.0,35,7.206,159.94842944210035,532.203002281947,5.763669522732337e-05,0,0,0,0,0,0,1,0,0,0,0,0,0,0,0,0,0,0,0
Where the Crawdads Sing,2022,126.0,84,7.544,376.3875479812697,494.46093371499046,5.3868615310781696e-05,0,0,0,0,0,0,1,0,0,0,0,0,1,1,0,0,0,0,0
Where the Heart Is,2000,120.0,49,7.1,572.8841140792362,527.2614067802193,5.712872336894706e-05,0,0,0,1,0,0,1,0,0,0,0,0,0,1,0,0,0,0,0
Where the Money Is,2000,89.0,21,5.968,217.97864736889127,792.494588387108,9.187671118841035e-05,0,0,0,1,1,0,1,0,0,0,0,0,0,0,0,0,0,0,0
Where the Wild Things Are,2010,101.0,119,6.499,396.7082329435271,1371.613850946726,0.0002592741082842249,0,1,0,0,0,0,1,0,1,0,0,0,0,0,0,0,0,0,0
Where to Invade Next,2016,121.0,52,7.223,1072.3881856540086,981.5835708733102,0.0001289188186765403,0,0,0,1,0,1,0,0,0,0,0,0,0,0,0,0,0,0,0
While We're Young,2015,97.0,15,5.989,2147.4177215189875,2449.052880927885,0.0017865069469887038,0,0,0,1,0,0,1,0,0,0,0,0,1,0,0,0,0,0,0
Whipped,2000,82.0,14,3.774,252.0480061943477,1207.4697350389333,0.0001932214480941096,0,0,0,1,0,0,0,0,0,0,0,0,0,1,0,0,0,0,0
Whiskey Tango Foxtrot,2016,112.0,56,6.31,339.525818452381,900.4111389019068,0.00011147162091701648,0,0,0,1,0,0,1,0,0,0,0,0,0,0,0,0,0,1,0
White Boy Rick,2018,111.0,52,6.354,318.4258695701179,897.5028243312356,0.0001108923668366942,0,0,0,0,1,0,1,0,0,0,0,0,0,0,0,0,0,0,0
White Chicks,2004,109.0,27,6.9,1547.5405368311665,1048.6406981947298,0.0001453739655950178,0,0,0,1,1,0,0,0,0,0,0,0,0,0,0,0,0,0,0
White House Down,2013,131.0,80,6.465,781.2155711166329,697.093861104612,7.744330031835791e-05,1,0,0,0,0,0,1,0,0,0,0,0,0,0,0,1,0,0,0
White Noise,2005,101.0,46,5.6,1597.7849017119704,604.5477867623825,6.561198530606296e-05,0,0,0,0,0,0,1,0,0,0,1,0,0,0,0,1,0,0,0
White Oleander,2002,109.0,20,7.064,863.6093151165853,1506.3867960852745,0.000330074709524745,0,0,0,0,0,0,1,0,0,0,0,0,0,0,0,0,0,0,0
White Wedding,2010,93.0,14,6.6,378.4620423134866,1053.4039990394995,0.0001466197506982976,0,0,0,1,0,0,0,0,0,0,0,0,0,1,0,0,0,0,0
Whiteout,2009,101.0,98,5.592,144.81591741591745,119.26038864486611,2.7506193030349233e-05,1,0,0,0,1,0,0,0,0,0,0,0,1,0,0,1,0,0,0
Whitney,2018,90.0,77,5.704,259.6906942785078,-112.90470199530637,1.8147068475871597e-05,0,0,0,0,0,0,1,0,0,0,0,1,0,1,0,0,0,0,0
Whiz Kids,2010,30.0,32,0.0,47.35900962861073,697.3386355374784,7.747726592477462e-05,0,0,0,0,0,1,0,1,0,0,0,0,0,0,0,0,0,0,0
Who Gets to Call It Art?,2006,78.0,18,6.7,374.171626984127,1401.9925920913195,0.0002737749783868682,0,0,0,0,0,1,0,0,0,0,0,0,0,0,0,0,0,0,0
Who Killed the Electric Car?,2006,92.0,69,7.254,795.6969246031746,2595.3591513222573,0.0023218315881324506,0,0,0,0,0,1,0,0,0,0,0,0,0,0,0,0,0,0,0
Who's Your Caddy?,2007,93.0,39,3.5,713.2338398456343,489.84903318826167,5.342539750375925e-05,0,0,0,1,0,0,0,0,0,0,0,0,0,0,0,0,0,0,0
Why Did I Get Married Too?,2010,121.0,70,6.5,698.1251064387241,-16.335723049020658,2.1574312438541077e-05,0,0,0,1,0,0,0,0,0,0,0,0,0,1,0,0,0,0,0
Why Did I Get Married?,2007,113.0,32,6.5,1369.1170606206788,658.118334905863,7.222057897097421e-05,0,0,0,1,0,0,1,0,0,0,0,0,0,0,0,0,0,0,0
Why Him?,2017,111.0,84,6.38,530.3355392156863,620.3359320065571,6.749418018593907e-05,0,0,0,1,0,0,0,0,0,0,0,0,0,0,0,0,0,0,0
Why We Fight,2006,98.0,32,7.5,995.203373015873,2756.3397565260047,0.0030979423142384116,0,0,0,0,0,1,0,0,0,1,0,0,0,0,0,0,0,0,0
Wicked,2025,88.0,112,5.12,1162.1743119266057,523.3039107419411,5.6725142378390765e-05,0,0,0,0,0,0,0,0,0,0,0,0,0,0,0,1,0,0,0
Wicked Little Letters,2024,100.0,56,6.9,257.75,2291.575789566771,0.0013473729536595078,0,0,0,1,0,0,1,0,0,0,0,0,1,0,0,0,0,0,0
Wicker Park,2004,114.0,14,6.824,511.4092868486729,1133.6978378733031,0.0001693015498811349,0,0,0,0,0,0,1,0,0,0,0,0,1,1,0,1,0,0,0
Widow Clicquot,2024,91.0,63,6.636,306.54545454545456,-230.73062816168817,1.469393541797117e-05,0,0,0,0,0,0,1,0,0,0,0,0,0,0,0,0,0,0,0
Widows,2019,129.0,98,6.485,337.71661830801617,885.243232225516,0.00010848350617944714,0,0,0,0,1,0,1,0,0,0,0,0,0,0,0,1,0,0,0
Wild America,1997,106.0,23,6.1,328.3044832723825,667.7384164696049,7.347597729266593e-05,0,1,0,1,0,0,0,1,0,0,0,0,0,0,0,0,0,0,0
Wild Card,2015,92.0,1,5.693,324.8860759493671,1552.9175995631592,0.0003587675280428861,1,0,0,0,1,0,0,0,0,0,0,0,0,0,0,1,0,0,0
Wild Nights With Emily,2019,84.0,84,5.909,365.5950984226308,486.0457365415671,5.3062634014464215e-05,0,0,0,1,0,0,0,0,0,1,0,0,0,0,0,0,0,0,0
Wild Oats,2016,96.0,7,6.176,75.64166666666667,1304.8758726368726,0.00023005788685591266,0,0,0,1,0,0,1,0,0,0,0,0,0,0,0,0,0,0,0
Wild Rose,2019,101.0,70,6.792,600.8886529973743,429.33663006352947,4.793682048792355e-05,0,0,0,1,0,0,1,0,0,0,0,1,0,0,0,0,0,0,0
Wild Target,2010,98.0,49,6.428,565.6428898932339,-151.63922379944813,1.6930550991696027e-05,1,0,0,1,0,0,0,0,0,0,0,0,0,0,0,0,0,0,0
Wild Things,1998,108.0,20,6.362,1115.1825153374234,1349.7502224484606,0.0002493155042879356,0,0,0,0,0,0,1,0,0,0,0,0,1,0,0,1,0,0,0
Wild Wild West,1999,106.0,44,5.314,1589.1419567827131,243.46592637417768,3.436071272700027e-05,1,1,0,1,0,0,0,0,0,0,0,0,0,0,1,0,0,0,1
Wildflower,2016,91.0,14,5.727,241.2708333333333,1374.063207969089,0.0002604142494729113,0,0,0,0,0,0,1,0,0,0,0,0,0,0,0,0,1,0,0
Wildlife,2019,105.0,87,6.628,811.2640660165041,699.8788520823916,7.783063439004533e-05,0,0,0,0,0,0,1,0,0,0,0,0,0,0,0,0,0,0,0
Willard,2003,100.0,6,6.139,738.5552536231884,1622.8861338716326,0.00040667597610658126,0,0,0,0,0,0,1,0,0,0,1,0,0,0,0,1,0,0,0
William Tell,2025,7.0,7,0.0,13.0,772.1810104146361,8.859342974217847e-05,0,0,1,0,0,0,0,0,0,0,0,0,0,0,0,0,0,0,0
Wimbledon,2004,98.0,20,6.221,685.3971911686856,1378.6226792750945,0.0002625499891479046,0,0,0,1,0,0,0,0,0,0,0,0,0,1,0,0,0,0,0
Winchester,2018,100.0,56,5.889,339.98705694942254,468.1114864388214,5.138495626646197e-05,0,0,0,0,0,0,0,0,0,0,1,0,0,0,0,1,0,0,0
Wind River,2017,97.0,120,6.0,1071.5876172990615,224.25194504954243,3.31981376935862e-05,0,0,0,0,0,0,1,0,0,0,0,0,0,0,0,0,0,0,1
Windtalkers,2002,134.0,17,6.3,1151.170257986463,1386.076340611234,0.0002660792080884698,1,0,0,0,0,0,0,0,0,0,0,0,0,0,0,0,0,1,0
Wing Commander,1999,100.0,19,4.781,551.9108819998588,763.4990896053403,8.72262088064292e-05,1,1,0,0,0,0,0,0,0,0,0,0,0,0,1,0,0,0,0
Winnebago Man,2010,85.0,60,6.6,190.87116001834025,865.4075332856444,0.00010469635843885789,0,0,0,1,0,1,0,0,0,0,0,0,0,0,0,0,0,0,0
Winter Solstice,2005,90.0,88,5.789,209.94879672299027,515.1115008438017,5.589872665275472e-05,0,0,0,0,0,0,1,0,0,0,0,0,0,0,0,0,0,0,0
Winter's Bone,2010,101.0,120,6.794,1157.7962326150084,1002.2111605300013,0.00013377179161488736,0,0,0,0,0,0,1,0,0,0,0,0,1,0,0,0,0,0,0
Wish Upon,2017,91.0,1,5.7,648.7311301509588,1865.1307744840005,0.0006276454679912304,0,0,0,0,0,0,0,0,1,0,1,0,0,0,0,1,0,0,0
Witchboard,2025,98.0,3,5.688,113.33333333333331,1397.5203175833635,0.00027159034833439463,0,0,0,0,0,0,0,0,0,0,1,0,1,0,0,1,0,0,0
Without a Paddle,2004,95.0,42,5.607,791.1201441931987,240.36134998664784,3.417014399565151e-05,1,1,0,1,0,0,0,0,0,0,0,0,1,0,0,0,0,0,0
Witless Protection,2008,97.0,18,4.5,267.01192135005414,440.5803265338285,4.8912155273761244e-05,1,1,0,1,1,0,0,0,0,0,0,0,0,0,0,0,0,0,0
Wolf Creek,2006,99.0,58,6.23,1144.5681856972178,673.2751106192992,7.420837284886489e-05,0,0,0,0,0,0,0,0,0,0,1,0,0,0,0,1,0,0,0
Wolf Man,2025,102.0,35,6.254,196.94444444444449,875.0910752950693,0.00010652838766740528,0,0,0,0,0,0,0,0,0,0,1,0,0,0,0,1,0,0,0
Woman in Gold,2015,109.0,120,7.282,519.9607946554149,1397.0101537941014,0.00027134225232972004,0,0,0,0,0,0,1,0,0,0,0,0,0,0,0,0,0,0,0
Woman Thou Art Loosed,2004,94.0,10,5.286,2062.2067609468354,1348.2260000627725,0.0002486356762325389,0,0,0,0,0,0,1,0,0,0,0,0,0,0,0,0,0,0,0
Woman Walks Ahead,2018,103.0,3,6.642,1426.0135404221426,2412.272269229964,0.0016725898689376004,0,0,0,0,0,0,1,0,0,1,0,0,0,0,0,0,0,0,1
Women in Christ,2025,100.0,14,0.0,244.9,1165.9032562473494,0.0001793563220194866,0,0,0,0,0,1,1,0,0,0,0,0,0,0,0,0,0,0,0
Won't Back Down,2012,121.0,56,6.1,103.31414883026385,361.3143713929923,4.243732830091332e-05,0,0,0,0,0,0,1,0,0,0,0,0,0,0,0,0,0,0,0
Wonder Boys,2000,111.0,37,6.821,698.2483761345551,1045.0511869358531,0.00014444217003682574,0,0,0,1,0,0,1,0,0,0,0,0,0,0,0,0,0,0,0
Wonder Park,2019,86.0,56,6.5,346.832993463322,207.4893098319452,3.221605981095687e-05,0,1,1,1,0,0,0,1,1,0,0,0,0,0,0,0,0,0,0
Wonder Woman,2017,74.0,120,7.185,1243.3837428474126,340.71167057543823,4.089961045315949e-05,1,1,1,0,0,0,0,0,1,0,0,0,0,0,1,0,0,0,0
Wonder Woman 1984,2021,151.0,53,6.391,143.92194744976814,753.3196430411266,8.565000768341457e-05,1,1,0,0,0,0,0,0,1,0,0,0,0,0,0,0,0,0,0
Wonderful World,2010,89.0,11,5.275,228.18431911966988,1172.584150832383,0.00018151579119483427,0,0,0,1,0,0,1,0,0,0,0,0,0,1,0,0,0,0,0
Wonderstruck,2017,115.0,52,6.1,783.4086558076766,524.8741075960763,5.6884926968382925e-05,0,0,0,0,0,0,1,0,0,0,0,0,0,0,0,0,0,0,0
Wonka,2024,117.0,112,7.053,576.7111615001343,996.466973206764,0.00013240231438027778,0,0,0,1,0,0,0,1,1,0,0,0,0,0,0,0,0,0,0
Woo,1998,84.0,17,4.2,1431.8629856850714,817.6753524331007,9.611607516952285e-05,0,0,0,1,0,0,0,0,0,0,0,0,0,1,0,0,0,0,0
Woodlawn,2016,123.0,119,6.908,224.55916037301,897.3201853744958,0.00011085609093026403,0,0,0,0,0,0,1,0,0,0,0,0,0,0,0,0,0,0,0
Woodshock,2017,7.0,21,5.7,628.8459520895261,1868.1857941583078,0.0006310898522618705,0,0,0,0,0,1,0,0,0,0,0,1,0,0,0,0,0,0,0
Wordplay,2006,94.0,81,6.9,512.8687169312169,463.2970756019366,5.0943688778211654e-05,0,0,0,0,0,1,0,0,0,0,0,0,0,0,0,0,0,0,0
Words and Pictures,2014,111.0,66,6.4,1050.791381495564,1.852408913997806,2.2288831277545362e-05,0,0,0,1,0,0,1,0,0,0,0,0,0,1,0,0,0,0,0
Words of My Perfect Teacher,2006,103.0,4,10.0,259.280753968254,787.1874411621667,9.100735453269037e-05,0,0,0,0,0,1,0,0,0,0,0,0,0,0,0,0,0,0,0
Words on Bathroom Walls,2020,111.0,97,7.751,51.04534807756656,602.3946746095614,6.53594007524007e-05,0,0,0,0,0,0,1,0,0,0,0,0,0,1,0,0,0,0,0
World Trade Center,2006,129.0,37,6.142,972.4601833976834,1007.3694722897775,0.00013501365693895204,0,0,0,0,0,0,1,0,0,1,0,0,0,0,0,1,0,0,0
World War Z,2013,116.0,112,6.824,904.456774984672,840.2889811439363,0.00010008970043934668,1,0,0,0,0,0,0,0,0,0,1,0,0,0,1,1,0,0,0
World's Greatest Dad,2009,99.0,18,6.606,879.9020979020979,1524.37324748121,0.000340883260732719,0,0,0,1,0,0,1,0,0,0,0,0,0,0,0,0,0,0,0
Wrath of the Titans,2012,99.0,91,5.75,516.1587758930965,619.4928399662268,6.739231925483274e-05,1,1,0,0,0,0,0,0,1,0,0,0,0,0,0,0,0,0,0
Wrong Turn,2003,84.0,14,6.37,832.8035714285713,1434.8678484650104,0.00029038263486907344,0,0,0,0,0,0,0,0,0,0,1,0,0,0,0,1,0,0,0
Wrongfully Accused,1998,87.0,5,6.0,409.0122699386503,1374.3849106149241,0.00026056436954767937,1,1,0,1,0,0,0,0,0,0,0,0,0,0,0,0,0,0,0
X-Men,2000,104.0,59,7.006,2025.3801191738628,776.8983214404211,8.93452717631249e-05,1,1,0,0,0,0,0,0,0,0,0,0,0,0,1,0,0,0,0
X-Men Origins: Wolverine,2009,107.0,120,6.278,729.7739704739705,1008.5185291046863,0.0001352918591061912,1,1,0,0,0,0,0,0,0,0,0,0,0,0,1,0,0,0,0
X-Men: Apocalypse,2016,144.0,56,6.517,1106.9171783625732,434.4739427738717,4.8380020145928966e-05,1,1,0,0,0,0,0,0,1,0,0,0,0,0,1,0,0,0,0
X-Men: Days of Future Past,2014,132.0,120,7.528,901.3392829085882,1164.9313950743685,0.00017904433453686205,1,1,0,0,0,0,0,0,0,0,0,0,0,0,1,0,0,0,0
X-Men: First Class,2011,132.0,105,7.298,783.2418181665645,886.9462008003462,0.00010881496319482333,1,1,0,0,0,0,0,0,0,0,0,0,0,0,1,0,0,0,0
X-Men: The Last Stand,2006,104.0,112,6.413,1050.6387737386622,815.357367957811,9.571778515691326e-05,1,1,0,0,0,0,0,0,0,0,0,0,0,0,1,1,0,0,0
xXx,2002,124.0,66,5.967,1402.5812694295184,274.7917819539863,3.6344075077164425e-05,1,1,0,0,1,0,1,0,0,0,0,0,0,0,0,1,0,0,0
xXx: Return of Xander Cage,2017,107.0,56,6.1,421.2405963910184,757.5374530929661,8.629961428205663e-05,1,1,0,0,1,0,0,0,0,0,0,0,0,0,0,0,0,0,0
XXX: State of the Union,2005,101.0,32,5.1,405.824212749616,787.3687587162295,9.103691975323973e-05,1,1,0,0,1,0,0,0,0,0,0,0,0,0,0,1,0,0,0
Y2K,2024,106.0,10,5.3,225.66666666666663,1552.4942573419685,0.0003584955497210045,1,0,0,0,0,0,0,0,0,0,0,0,0,0,0,1,0,0,0
Year of the Dog,2007,97.0,77,5.401,713.7657325790467,494.68446744309534,5.389019077146449e-05,0,0,0,1,0,0,1,0,0,0,0,0,0,1,0,0,0,0,0
Year One,2009,97.0,31,4.993,756.5284607865254,995.1088686723676,0.00013208058195831414,0,1,0,1,0,0,0,0,0,0,0,0,0,0,0,0,0,0,0
Yellow Rose,2020,94.0,35,6.9,39.07124763867422,643.950654658043,7.041067971758712e-05,0,0,0,0,0,0,1,0,0,0,0,1,0,0,0,0,0,0,0
Yes,2005,100.0,74,5.652,528.0773169482846,2022.926556956359,0.0008326820876312245,0,0,0,0,0,0,1,0,0,0,0,0,0,1,0,0,0,0,0
Yes Man,2009,104.0,105,6.684,567.9731935505275,972.431444208726,0.00012682240356528117,0,0,0,1,0,0,0,0,0,0,0,0,0,1,0,0,0,0,0
Yogi Bear,2011,80.0,112,5.6,497.20553317613167,579.8019691063921,6.276694322911945e-05,0,1,1,1,0,0,0,1,0,0,0,0,0,0,0,0,0,0,0
YOLO,2024,7.0,49,0.0,377.10869565217394,449.6426545581482,4.971269120802512e-05,0,0,0,0,0,1,0,0,0,0,0,0,0,0,0,0,0,0,0
Yonkers Joe,2009,101.0,11,5.1,35.02097902097903,1289.3006846146504,0.00022372764905721879,0,0,0,0,0,0,1,0,0,0,0,0,0,0,0,0,0,0,0
You Can Count on Me,2001,111.0,67,6.825,1513.8027487417733,891.1528778668361,0.00010963807619551218,0,0,0,0,0,0,1,0,0,0,0,0,0,0,0,0,0,0,0
You Got Served,2004,95.0,22,6.4,1483.3946532556909,1000.8186466339355,0.0001334385058581113,0,0,0,0,0,0,1,0,0,0,0,1,0,0,0,0,0,0,0
You Hurt My Feelings,2023,85.0,49,5.0,266.9591073186741,924.8848677015393,0.00011646752102302444,0,0,0,0,0,0,1,0,0,0,0,0,0,1,0,0,0,0,0
You're Next,2013,94.0,56,6.604,236.5731146535868,414.77391029476564,4.6702427644484685e-05,0,0,0,0,0,0,0,0,0,0,1,0,1,0,0,1,0,0,0
Young Adult,2012,94.0,77,5.819,1373.2214606203047,851.948992268995,0.00010220234399661277,0,0,0,1,0,0,1,0,0,0,0,0,0,0,0,0,0,0,0
Your Highness,2011,102.0,42,5.326,403.6016007114273,563.8942608887888,6.100350824005363e-05,1,1,0,1,0,0,0,0,1,0,0,0,0,0,0,0,0,0,0
Your Monster,2024,16.0,3,7.0,115.0,170.6549227471703,3.0158888961187805e-05,0,0,0,1,0,0,0,0,1,0,0,0,0,0,0,0,0,0,0
Youth Without Youth,2008,124.0,67,6.1,125.32079112397491,1881.3458232446194,0.0006461445343540089,0,0,0,0,0,0,1,0,1,0,0,0,1,0,0,0,0,0,0
Z for Zachariah,2015,75.0,21,4.0,289.9196302993772,561.6132163907886,6.075473950739077e-05,0,0,0,0,0,0,1,0,0,0,0,0,0,0,1,0,1,0,0
Zack and Miri Make a Porno,2009,102.0,81,6.334,591.4829805586887,796.8511014240171,9.259654872113189e-05,0,0,0,1,0,0,0,0,0,0,0,0,0,1,0,0,0,0,0
Zero Dark Thirty,2013,157.0,103,6.993,6115.895848731215,1103.867332433916,0.00016049180305566932,0,0,0,0,0,0,1,0,0,0,0,0,0,0,0,1,0,0,0
Zilla and Zoe,2019,104.0,74,5.7,2062.592882283927,-92.53976725165114,1.8821332164192173e-05,0,0,0,1,0,0,0,0,0,0,1,0,0,0,0,0,0,0,0
Zodiac,2007,157.0,63,7.526,503.6318807954119,584.1315256198619,6.325565626159916e-05,0,0,0,0,1,0,0,0,0,0,0,0,1,0,0,1,0,0,0
Zola,2021,86.0,65,6.194,169.26725729051313,1495.7879838574718,0.00032386677268153385,0,0,0,1,1,0,0,0,0,0,0,0,0,0,0,0,0,0,0
Zombeavers,2015,77.0,17,4.948,193.36237279722016,674.3244070973499,7.43479947702626e-05,1,0,0,1,0,0,0,0,0,0,1,0,0,0,0,0,0,0,0
Zombieland,2009,88.0,73,7.258,852.7049546198483,992.9669811753157,0.0001315747608481298,0,0,0,1,0,0,0,0,0,0,1,0,0,0,0,0,0,0,0
Zombieland: Double Tap,2020,99.0,95,6.9,419.4550906009648,893.5102922841156,0.00011010206654006001,0,0,0,1,0,0,0,0,0,0,1,0,0,0,0,0,0,0,0
Zoo,2007,76.0,34,4.766,525.4413892908827,1255.3034326401894,0.00021050860840897233,0,0,0,0,0,1,0,0,0,0,0,0,0,0,0,0,0,0,0
Zookeeper,2011,102.0,108,5.428,667.8494915489134,652.0775870658833,7.144326192148938e-05,0,0,0,1,0,0,0,1,0,0,0,0,0,1,0,0,0,0,0
Zoolander,2001,89.0,23,6.207,1188.974296025336,1500.104456689597,0.0003263807991052888,0,0,0,1,0,0,0,0,0,0,0,0,0,0,0,0,0,0,0
Zoolander 2,2016,100.0,49,4.921,321.0858333333333,557.4377062405526,6.030198717475304e-05,1,1,0,1,0,0,0,0,0,0,0,0,0,0,0,0,0,0,0
Zoom,2006,88.0,25,5.306,573.0958581349206,567.8318976105903,6.14353427463143e-05,1,1,0,1,0,0,0,1,0,0,0,0,0,0,1,0,0,0,0
