demand_multiplier,revenue,tickets,showings,utilization
0.5,164628.36000000004,14556.0,113.0,0.6134007585335018
0.75,246919.92,21832.0,117.0,0.8885632885632886
1.0,317562.18,28078.0,129.0,1.0364710225175342
1.25,372879.3899999999,32969.0,148.0,1.0607786357786357
1.5,423695.2200000001,37462.0,160.0,1.1149404761904762
2.0,495581.5800000001,43818.0,184.0,1.1340062111801241
3.0,604089.7200000003,53412.0,223.0,1.1405509288917361
